{
  "type": "islamic",
  "sub": "fiqh",
  "easy": [
    { "w": "صلاة", "h": "الركن الثاني وعمود الدين" },
    { "w": "زكاة", "h": "حق معلوم في مال الغني للفقير" },
    { "w": "صوم", "h": "الإمساك عن المفطرات في رمضان" },
    { "w": "حج", "h": "قصد مكة لأداء المناسك مرة في العمر" },
    { "w": "إسلام", "h": "الاستسلام لله بالتوحيد والانقياد له بالطاعة" },
    { "w": "إيمان", "h": "التصديق بالقلب والإقرار باللسان والعمل بالجوارح" },
    { "w": "وضوء", "h": "غسل أعضاء معينة للصلاة" },
    { "w": "أذان", "h": "الإعلام بدخول وقت الصلاة" },
    { "w": "كعبة", "h": "قبلة المسلمين في الصلاة" },
    { "w": "مسجد", "h": "بيت الله ومكان الصلاة" },
    { "w": "نية", "h": "شرط لصحة العبادة ومحلها القلب" },
    { "w": "عيد", "h": "يوم فرح للمسلمين (فطر أو أضحى)" },
    { "w": "جمعة", "h": "صلاة أسبوعية بديلة عن الظهر" },
    { "w": "وتر", "h": "صلاة يختم بها قيام الليل" },
    { "w": "دعاء", "h": "مخ العبادة وطلب الحاجة من الله" }
  ],
  "medium": [
    { "w": "فرض", "h": "ما يثاب فاعله ويعاقب تاركه" },
    { "w": "سنة", "h": "ما يثاب فاعله ولا يعاقب تاركه" },
    { "w": "حرام", "h": "ما يعاقب فاعله ويثاب تاركه" },
    { "w": "مكروه", "h": "ما يثاب تاركه ولا يعاقب فاعله" },
    { "w": "مباح", "h": "ما لا ثواب فيه ولا عقاب" },
    { "w": "جنازة", "h": "صلاة على الميت" },
    { "w": "ركوع", "h": "انحناء في الصلاة تعظيماً لله" },
    { "w": "سجود", "h": "وضع الجبهة على الأرض وتكون أقرب لربك" },
    { "w": "طواف", "h": "الدوران حول الكعبة 7 أشواط" },
    { "w": "سعي", "h": "المشي بين الصفا والمروة" },
    { "w": "إحرام", "h": "نية الدخول في نسك الحج أو العمرة" },
    { "w": "تراويح", "h": "صلاة قيام الليل في رمضان جماعة" },
    { "w": "خشوع", "h": "حضور القلب وسكون الجوارح في الصلاة" },
    { "w": "قبلة", "h": "الجهة التي نتوجه إليها في الصلاة" },
    { "w": "طهارة", "h": "رفع الحدث وإزالة النجاسة" }
  ],
  "hard": [
    { "w": "تيمم", "h": "استخدام التراب للطهارة عند فقد الماء" },
    { "w": "اعتكاف", "h": "لزوم المسجد لطاعة الله" },
    { "w": "أضحية", "h": "ما يذبح في عيد الأضحى تقرباً لله" },
    { "w": "عقيقة", "h": "ما يذبح عن المولود شكراً لله" },
    { "w": "ميقات", "h": "المكان الذي لا يجوز للحاج تجاوزه إلا محرماً" },
    { "w": "كفارة", "h": "ما يخرج لتكفير ذنب أو يمين" },
    { "w": "شرك", "h": "صرف العبادة لغير الله (الذنب الذي لا يغفر)" },
    { "w": "رياء", "h": "الشرك الأصغر (تحسين العمل ليراه الناس)" },
    { "w": "نفاق", "h": "إظهار الإسلام وإبطان الكفر" },
    { "w": "برزخ", "h": "الحياة بين الدنيا والآخرة (القبر)" },
    { "w": "صراط", "h": "جسر ممدود على متن جهنم" },
    { "w": "ميزان", "h": "توزن فيه أعمال العباد يوم القيامة" },
    { "w": "شفاعة", "h": "وساطة النبي ﷺ لأمته يوم القيامة" },
    { "w": "غيبة", "h": "ذكرك أخاك بما يكره في غيبته" },
    { "w": "نميمة", "h": "نقل الكلام بين الناس للإفساد" }
  ]
}