{
  "type": "islamic",
  "sub": "hadith",
  "easy": [
    { "w": "محمد", "h": "خاتم الأنبياء والمرسلين" },
    { "w": "أحمد", "h": "من أسماء الرسول ﷺ" },
    { "w": "سنة", "h": "أقوال وأفعال النبي ﷺ" },
    { "w": "هجرة", "h": "الانتقال من مكة للمدينة" },
    { "w": "وحي", "h": "ما ينزل به جبريل على النبي" },
    { "w": "بدر", "h": "أول غزوة كبرى في الإسلام" },
    { "w": "أحد", "h": "غزوة استشهد فيها حمزة" },
    { "w": "خندق", "h": "حفر لحماية المدينة من الأحزاب" },
    { "w": "مكة", "h": "مسقط رأس النبي ﷺ" },
    { "w": "طيبة", "h": "اسم من أسماء المدينة المنورة" },
    { "w": "يثرب", "h": "الاسم القديم للمدينة المنورة" },
    { "w": "أمين", "h": "لقب النبي قبل البعثة" },
    { "w": "صادق", "h": "صفة لازمت النبي طوال حياته" },
    { "w": "يتيم", "h": "نشأ النبي ﷺ (فاقد الأب)" },
    { "w": "زمزم", "h": "ماء مبارك شرب منه النبي" }
  ],
  "medium": [
    { "w": "حديث", "h": "ما ورد عن النبي من قول أو فعل" },
    { "w": "سيرة", "h": "قصة حياة النبي ﷺ" },
    { "w": "صحابي", "h": "من لقي النبي مؤمناً ومات على ذلك" },
    { "w": "أنصار", "h": "أهل المدينة الذين نصروا النبي" },
    { "w": "مهاجر", "h": "من ترك مكة وذهب للمدينة" },
    { "w": "بخاري", "h": "صاحب أصح كتاب حديث" },
    { "w": "مسلم", "h": "صاحب ثاني أصح كتاب حديث" },
    { "w": "منبر", "h": "المكان الذي يخطب عليه النبي" },
    { "w": "روضة", "h": "ما بين بيته ومنبره" },
    { "w": "خديجة", "h": "أول زوجات النبي وأول من آمن" },
    { "w": "عائشة", "h": "أكثر النساء رواية للحديث" },
    { "w": "فاطمة", "h": "سيدة نساء العالمين وبنت النبي" },
    { "w": "إسراء", "h": "الرحلة الأرضية ليلاً إلى القدس" },
    { "w": "معراج", "h": "الرحلة السماوية إلى سدرة المنتهى" },
    { "w": "شفاعة", "h": "مقام محمود للنبي يوم القيامة" }
  ],
  "hard": [
    { "w": "إسناد", "h": "سلسلة الرواة الموصلة للمتن" },
    { "w": "متن", "h": "نص الحديث الشريف" },
    { "w": "صحيح", "h": "حديث توافرت فيه شروط القبول العليا" },
    { "w": "حسن", "h": "حديث مقبول لكنه دون الصحيح" },
    { "w": "ضعيف", "h": "حديث فقد شرطاً من شروط الصحة" },
    { "w": "موضوع", "h": "حديث مكذوب على النبي ﷺ" },
    { "w": "قدسي", "h": "حديث معناه من الله ولفظه من النبي" },
    { "w": "متواتر", "h": "رواه جمع عن جمع يستحيل تواطؤهم" },
    { "w": "آحاد", "h": "حديث لم يجمع شروط التواتر" },
    { "w": "شمائل", "h": "أوصاف النبي الخلقية والخُلقية" },
    { "w": "بيعة", "h": "عهد بالولاء (كالرضوان والعقبة)" },
    { "w": "حنين", "h": "غزوة أعجبت المسلمين كثرتهم" },
    { "w": "حديبية", "h": "صلح كان فتحاً مبيناً" },
    { "w": "إفك", "h": "حادثة برأ الله فيها عائشة" },
    { "w": "حوض", "h": "مكان يشرب منه المؤمنون شربة لا يظمأون بعدها" }
  ]
}