{
  "type": "islamic",
  "sub": "history",
  "easy": [
    { "w": "خلافة", "h": "نظام الحكم في الإسلام بعد الرسول" },
    { "w": "راشدون", "h": "الخلفاء الأربعة الأوائل" },
    { "w": "فتوحات", "h": "نشر الإسلام في البلدان المجاورة" },
    { "w": "قدس", "h": "مدينة فتحها عمر وحررها صلاح الدين" },
    { "w": "شام", "h": "مركز الخلافة الأموية" },
    { "w": "عراق", "h": "مركز الخلافة العباسية" },
    { "w": "مصر", "h": "فتحها عمرو بن العاص" },
    { "w": "يمن", "h": "بلاد المدد والأنصار" },
    { "w": "خالد", "h": "سيف الله المسلول (القائد)" },
    { "w": "عمر", "h": "الفاروق وفاتح القدس" },
    { "w": "علي", "h": "رابع الخلفاء الراشدين" },
    { "w": "عثمان", "h": "جامع القرآن وذو النورين" },
    { "w": "شهيد", "h": "من مات في سبيل الله" },
    { "w": "جزية", "h": "ما يدفعه غير المسلمين مقابل الحماية" },
    { "w": "خراج", "h": "ضريبة الأرض الزراعية" }
  ],
  "medium": [
    { "w": "أمويون", "h": "الدولة التي اتخذت دمشق عاصمة لها" },
    { "w": "عباسيون", "h": "الدولة التي اتخذت بغداد عاصمة لها" },
    { "w": "أندلس", "h": "الفردوس المفقود (إسبانيا حالياً)" },
    { "w": "قادسية", "h": "معركة فاصلة ضد الفرس" },
    { "w": "يرموك", "h": "معركة فاصلة ضد الروم" },
    { "w": "حطين", "h": "معركة تحرير القدس" },
    { "w": "مماليك", "h": "حكموا مصر وهزموا المغول" },
    { "w": "أيوبيون", "h": "دولة أسسها صلاح الدين" },
    { "w": "فاطميون", "h": "دولة شيعية حكمت مصر وبنت القاهرة" },
    { "w": "عثمانيون", "h": "فتحوا القسطنطينية وحكموا 600 عام" },
    { "w": "بغداد", "h": "عاصمة الرشيد والمأمون" },
    { "w": "دمشق", "h": "عاصمة معاوية وعبدالملك" },
    { "w": "قاهرة", "h": "مدينة الألف مئذنة" },
    { "w": "كوفة", "h": "عاصمة علي بن أبي طالب" },
    { "w": "بصرة", "h": "مدينة بناها المسلمون في العراق" }
  ],
  "hard": [
    { "w": "سلجوقيون", "h": "أتراك نصروا السنة وهزموا الروم في ملاذ كرد" },
    { "w": "قرطبة", "h": "عاصمة الخلافة في الأندلس" },
    { "w": "غرناطة", "h": "آخر معقل للمسلمين في الأندلس" },
    { "w": "قيروان", "h": "أول مدينة إسلامية في تونس (عقبة)" },
    { "w": "تتار", "h": "قبائل اجتاحت بغداد وأسقطت الخلافة" },
    { "w": "مغول", "h": "اسم آخر للتتار (هولاكو وجنكيز خان)" },
    { "w": "صليبيون", "h": "حملات أوروبية لاحتلال القدس" },
    { "w": "خوارج", "h": "فرقة خرجت على علي بن أبي طالب" },
    { "w": "قرامطة", "h": "فرقة سرقت الحجر الأسود" },
    { "w": "حشاشون", "h": "فرقة اغتيالات قلعتها ألموت" },
    { "w": "إنكشارية", "h": "الجيش الجديد للدولة العثمانية" },
    { "w": "زلاقة", "h": "معركة يوسف بن تاشفين في الأندلس" },
    { "w": "عين جالوت", "h": "المعركة التي أنقذت الإسلام من المغول" },
    { "w": "بلاط", "h": "معركة توقف عندها الفتح في فرنسا (الشهداء)" },
    { "w": "نهاوند", "h": "فتح الفتوح (سقوط فارس)" }
  ]
}