{
  "type": "islamic",
  "sub": "prophets",
  "easy": [
    { "w": "آدم", "h": "أول الأنبياء وأبو البشر" },
    { "w": "نوح", "h": "شيخ المرسلين وباني السفينة" },
    { "w": "هود", "h": "نبي قوم عاد" },
    { "w": "صالح", "h": "نبي قوم ثمود (صاحب الناقة)" },
    { "w": "موسى", "h": "كليم الله الذي أرسل إلى فرعون" },
    { "w": "عيسى", "h": "روح الله وكلمته (ابن مريم)" },
    { "w": "محمد", "h": "سيد ولد آدم وخاتم النبيين" },
    { "w": "يوسف", "h": "الكريم ابن الكريم (سجن ظلماً)" },
    { "w": "أيوب", "h": "نبي ضرب به المثل في الصبر" },
    { "w": "يونس", "h": "صاحب الحوت (ذا النون)" },
    { "w": "داود", "h": "نبي ملك ألان الله له الحديد" },
    { "w": "لوط", "h": "نبي أرسل إلى قرية تعمل الخبائث" },
    { "w": "ناقة", "h": "معجزة النبي صالح" },
    { "w": "عصا", "h": "معجزة النبي موسى" },
    { "w": "حوت", "h": "ابتلع النبي يونس" }
  ],
  "medium": [
    { "w": "إبراهيم", "h": "خليل الله وأبو الأنبياء" },
    { "w": "إسماعيل", "h": "الذبيح وجد العرب" },
    { "w": "إسحاق", "h": "النبي المبشر به من سارة" },
    { "w": "يعقوب", "h": "نبي لقب بـ (إسرائيل)" },
    { "w": "شعيب", "h": "خطيب الأنبياء (أرسل لمدين)" },
    { "w": "سليمان", "h": "سخرت له الريح والجن" },
    { "w": "زكريا", "h": "كفل مريم ودعا ربه للولد" },
    { "w": "يحيى", "h": "سيداً وحصوراً ونبياً" },
    { "w": "هارون", "h": "أخو موسى ووزيره" },
    { "w": "خديجة", "h": "أول زوجات النبي وأول من آمن" },
    { "w": "عائشة", "h": "بنت الصديق وحبيبة الرسول" },
    { "w": "فاطمة", "h": "بنت الرسول وزوجة علي" },
    { "w": "مريم", "h": "سيدة نساء العالمين وأم عيسى" },
    { "w": "آسية", "h": "امرأة فرعون المؤمنة" },
    { "w": "هاجر", "h": "أم إسماعيل وزوجة إبراهيم" }
  ],
  "hard": [
    { "w": "إدريس", "h": "أول من خط بالقلم ورفع مكاناً علياً" },
    { "w": "إلياس", "h": "نبي أرسل لقوم يعبدون (بعلاً)" },
    { "w": "اليسع", "h": "نبي ذكر في القرآن من الأخيار" },
    { "w": "ذوالكفل", "h": "نبي من الصابرين ذكر اسمه في القرآن" },
    { "w": "يوشع", "h": "فتا موسى الذي حبست له الشمس" },
    { "w": "عزير", "h": "رجل صالح أماته الله مائة عام" },
    { "w": "لقمان", "h": "رجل حكيم ذكرت وصاياه لابنه" },
    { "w": "خضر", "h": "العبد الصالح الذي علم موسى" },
    { "w": "حواري", "h": "لقب الزبير (ناصر النبي)" },
    { "w": "صديق", "h": "لقب أبي بكر ويوسف" },
    { "w": "فاروق", "h": "لقب عمر بن الخطاب" },
    { "w": "شهيد", "h": "من قتل في سبيل الله" },
    { "w": "مهاجر", "h": "من ترك دياره لله" },
    { "w": "أنصار", "h": "أهل المدينة الذين آووا ونصروا" },
    { "w": "أسباط", "h": "أبناء يعقوب (قبائل بني إسرائيل)" }
  ]
}