{
  "type": "islamic",
  "sub": "quran",
  "easy": [
    { "w": "سورة", "h": "قطعة من القرآن (مثل الفاتحة)" },
    { "w": "آية", "h": "جملة قرآنية تنتهي برقم" },
    { "w": "وحي", "h": "كلام الله المنزل على النبي" },
    { "w": "مكة", "h": "البلد الذي نزل فيه القرآن أولاً" },
    { "w": "غار", "h": "المكان الذي نزل فيه جبريل (حراء)" },
    { "w": "جزء", "h": "القرآن يتكون من 30 منه" },
    { "w": "حزب", "h": "نصف الجزء" },
    { "w": "نمل", "h": "حشرة ذكرت في القرآن ولها سورة" },
    { "w": "فيل", "h": "حيوان حاول هدم الكعبة وله سورة" },
    { "w": "نحل", "h": "حشرة تصنع العسل ولها سورة" },
    { "w": "كهف", "h": "سورة تقرأ يوم الجمعة" },
    { "w": "تين", "h": "فاكهة أقسم الله بها" },
    { "w": "فجر", "h": "سورة ووقت صلاة أقسم الله به" },
    { "w": "ناس", "h": "آخر سورة في المصحف" },
    { "w": "علق", "h": "أول كلمة نزلت (اقرأ) في هذه السورة" }
  ],
  "medium": [
    { "w": "تجويد", "h": "علم تحسين قراءة القرآن" },
    { "w": "ترتيل", "h": "قراءة القرآن بتأني وتدبر" },
    { "w": "مصحف", "h": "النسخة المكتوبة من القرآن" },
    { "w": "بسملة", "h": "قول بسم الله الرحمن الرحيم" },
    { "w": "كوثر", "h": "نهر في الجنة وأقصر سورة" },
    { "w": "بقرة", "h": "أطول سورة في القرآن" },
    { "w": "إخلاص", "h": "سورة تعدل ثلث القرآن" },
    { "w": "فرقان", "h": "من أسماء القرآن الكريم" },
    { "w": "مكية", "h": "سور نزلت قبل الهجرة" },
    { "w": "مدنية", "h": "سور نزلت بعد الهجرة" },
    { "w": "قصص", "h": "نحن نقص عليك أحسن الـ..." },
    { "w": "أنفال", "h": "غنائم الحرب ولها سورة" },
    { "w": "توبة", "h": "السورة الوحيدة بلا بسملة" },
    { "w": "لقمان", "h": "رجل حكيم سميت سورة باسمه" },
    { "w": "هدهد", "h": "طائر سليمان المذكور في القرآن" }
  ],
  "hard": [
    { "w": "استعاذة", "h": "قول أعوذ بالله من الشيطان الرجيم" },
    { "w": "قلقلة", "h": "اضطراب الصوت عند نطق حرف ساكن" },
    { "w": "إخفاء", "h": "حكم تجويدي للنون الساكنة" },
    { "w": "إظهار", "h": "نطق النون الساكنة بوضوح" },
    { "w": "زقوم", "h": "شجرة في جهنم طعام الأثيم" },
    { "w": "غساق", "h": "شراب أهل النار" },
    { "w": "سرمد", "h": "الدائم الذي لا ينقطع (الليل/النهار)" },
    { "w": "أبابيل", "h": "طير أرسلت على أصحاب الفيل" },
    { "w": "سجيل", "h": "حجارة من طين متحجر" },
    { "w": "أعراف", "h": "سور بين الجنة والنار" },
    { "w": "أحقاف", "h": "مساكن قوم عاد (الرمال)" },
    { "w": "مجادلة", "h": "سورة ذكر لفظ الجلالة في كل آياتها" },
    { "w": "ممتحنة", "h": "سورة مدنية نزلت في النساء المهاجرات" },
    { "w": "تغابن", "h": "يوم القيامة (يوم يغبن فيه أهل النار)" },
    { "w": "استبرق", "h": "نوع من الحرير يلبسه أهل الجنة" }
  ]
}