{
  "type": "islamic",
  "sub": "fiqh",
  "easy": [
    { "q": "عدد أركان الإسلام؟", "a": "5", "o": ["5", "6", "4", "3"] },
    { "q": "عدد أركان الإيمان؟", "a": "6", "o": ["6", "5", "7", "4"] },
    { "q": "صلاة الصبح؟", "a": "ركعتان", "o": ["ركعتان", "4 ركعات", "3 ركعات", "ركعة"] },
    { "q": "صلاة المغرب؟", "a": "3 ركعات", "o": ["3 ركعات", "4 ركعات", "ركعتان", "5 ركعات"] },
    { "q": "صلاة الظهر؟", "a": "4 ركعات", "o": ["4 ركعات", "ركعتان", "3 ركعات", "5 ركعات"] },
    { "q": "قبلة المسلمين؟", "a": "الكعبة", "o": ["الكعبة", "الأقصى", "المدينة", "المشرق"] },
    { "q": "شهر الصوم؟", "a": "رمضان", "o": ["رمضان", "شعبان", "رجب", "شوال"] },
    { "q": "الحج واجب؟", "a": "مرة في العمر", "o": ["مرة في العمر", "كل سنة", "مرتان", "كل 5 سنوات"] },
    { "q": "وضوء بلا ماء؟", "a": "تيمم", "o": ["تيمم", "غسل", "مسح", "رش"] },
    { "q": "محل النية؟", "a": "القلب", "o": ["القلب", "اللسان", "العقل", "اليد"] },
    { "q": "أول ركن بالإسلام؟", "a": "الشهادة", "o": ["الشهادة", "الصلاة", "الصوم", "الحج"] },
    { "q": "عيد الذبح؟", "a": "الأضحى", "o": ["الأضحى", "الفطر", "الجمعة", "المولد"] },
    { "q": "صلاة الجمعة؟", "a": "ركعتان", "o": ["ركعتان", "4 ركعات", "3 ركعات", "10 ركعات"] },
    { "q": "باب الصائمين؟", "a": "الريان", "o": ["الريان", "الجهاد", "الصدقة", "التوبة"] },
    { "q": "أعظم الذنوب؟", "a": "الشرك", "o": ["الشرك", "القتل", "السرقة", "الكذب"] },
    { "q": "الصلوات المفروضة؟", "a": "5", "o": ["5", "3", "7", "1"] },
    { "q": "كتاب المسلمين؟", "a": "القرآن", "o": ["القرآن", "الإنجيل", "التوراة", "الزبور"] },
    { "q": "خاتم الأنبياء؟", "a": "محمد ﷺ", "o": ["محمد ﷺ", "عيسى", "موسى", "إبراهيم"] },
    { "q": "ملك الوحي؟", "a": "جبريل", "o": ["جبريل", "ميكائيل", "إسرافيل", "مالك"] },
    { "q": "ملك الموت؟", "a": "ملك الموت", "o": ["ملك الموت", "رضوان", "مالك", "منكر"] },
    { "q": "خازن النار؟", "a": "مالك", "o": ["مالك", "رضوان", "جبريل", "ميكائيل"] },
    { "q": "خازن الجنة؟", "a": "رضوان", "o": ["رضوان", "مالك", "إسرافيل", "جبريل"] },
    { "q": "الطواف حول؟", "a": "الكعبة", "o": ["الكعبة", "الصفا", "المروة", "عرفة"] },
    { "q": "السعي بين؟", "a": "الصفا والمروة", "o": ["الصفا والمروة", "منى ومزدلفة", "عرفة ومزدلفة", "الجمرات"] },
    { "q": "الوقوف بـ...؟", "a": "عرفة", "o": ["عرفة", "منى", "مزدلفة", "مكة"] },
    { "q": "أكل الخنزير؟", "a": "حرام", "o": ["حرام", "مكروه", "مباح", "سنة"] },
    { "q": "شرب الخمر؟", "a": "حرام", "o": ["حرام", "مكروه", "مباح", "واجب"] },
    { "q": "عقوق الوالدين؟", "a": "كبيرة", "o": ["كبيرة", "صغيرة", "مباح", "مكروه"] },
    { "q": "تحية المسجد؟", "a": "ركعتان", "o": ["ركعتان", "ركعة", "4 ركعات", "تسبيح"] },
    { "q": "دعاء الاستفتاح؟", "a": "سنة", "o": ["سنة", "واجب", "ركن", "مكروه"] }
  ],
  "medium": [
    { "q": "صلاة العيدين؟", "a": "سنة مؤكدة", "o": ["سنة مؤكدة", "ركن", "مستحبة", "نافلة"] },
    { "q": "صلاة الاستسقاء؟", "a": "للمطر", "o": ["للمطر", "للشمس", "للقمر", "للمريض"] },
    { "q": "صلاة الكسوف؟", "a": "للشمس", "o": ["للشمس", "للقمر", "للمطر", "للريح"] },
    { "q": "صلاة الخسوف؟", "a": "للقمر", "o": ["للقمر", "للشمس", "للنجوم", "للأرض"] },
    { "q": "سجود السهو؟", "a": "للنسيان", "o": ["للنسيان", "للشكر", "للتلاوة", "للتعظيم"] },
    { "q": "تكبيرات الجنازة؟", "a": "4", "o": ["4", "3", "5", "7"] },
    { "q": "مسح الخف للمقيم؟", "a": "يوم وليلة", "o": ["يوم وليلة", "3 أيام", "يومين", "أسبوع"] },
    { "q": "مسح الخف للمسافر؟", "a": "3 أيام", "o": ["3 أيام", "يوم وليلة", "أسبوع", "شهر"] },
    { "q": "نسبة الزكاة؟", "a": "2.5%", "o": ["2.5%", "5%", "10%", "20%"] },
    { "q": "نصاب الذهب؟", "a": "85 جرام", "o": ["85 جرام", "100 جرام", "50 جرام", "20 جرام"] },
    { "q": "عدة الأرملة؟", "a": "4 أشهر و10", "o": ["4 أشهر و10", "3 قروء", "3 أشهر", "سنة"] },
    { "q": "عدة المطلقة؟", "a": "3 قروء", "o": ["3 قروء", "4 أشهر", "شهرين", "سنة"] },
    { "q": "الطلاق الرجعي؟", "a": "طلقتان", "o": ["طلقتان", "3 طلقات", "واحدة", "4 طلقات"] },
    { "q": "صوم عرفة؟", "a": "يكفر سنتين", "o": ["يكفر سنتين", "يكفر سنة", "يكفر شهر", "لا يكفر"] },
    { "q": "صوم عاشوراء؟", "a": "يكفر سنة", "o": ["يكفر سنة", "يكفر سنتين", "يكفر الكبائر", "واجب"] },
    { "q": "صوم العيد؟", "a": "حرام", "o": ["حرام", "مكروه", "جائز", "سنة"] },
    { "q": "تكبيرة الإحرام؟", "a": "ركن", "o": ["ركن", "واجب", "سنة", "شرط"] },
    { "q": "قراءة الفاتحة؟", "a": "ركن", "o": ["ركن", "واجب", "سنة", "مستحب"] },
    { "q": "التشهد الأول؟", "a": "واجب", "o": ["واجب", "ركن", "سنة", "مباح"] },
    { "q": "التشهد الأخير؟", "a": "ركن", "o": ["ركن", "واجب", "سنة", "شرط"] },
    { "q": "صلاة الوتر؟", "a": "سنة مؤكدة", "o": ["سنة مؤكدة", "فرض", "واجب", "ركن"] },
    { "q": "الربا؟", "a": "كبيرة", "o": ["كبيرة", "صغيرة", "مكروه", "مباح"] },
    { "q": "الرشوة؟", "a": "حرام", "o": ["حرام", "مكروه", "هدية", "جائزة"] },
    { "q": "شهادة الزور؟", "a": "كبيرة", "o": ["كبيرة", "صغيرة", "خطأ", "لغو"] },
    { "q": "اللعان؟", "a": "بين الزوجين", "o": ["بين الزوجين", "بين الشركاء", "بين الجيران", "في البيع"] },
    { "q": "الظهار؟", "a": "أنت علي كظهر أمي", "o": ["كظهر أمي", "طالق", "خالع", "حرام"] },
    { "q": "الأضحية؟", "a": "سنة مؤكدة", "o": ["سنة مؤكدة", "فرض عين", "واجب", "مكروه"] },
    { "q": "العقيقة؟", "a": "عن المولود", "o": ["عن المولود", "عن الميت", "عن المريض", "عن النفس"] },
    { "q": "صلاة الضحى؟", "a": "الأوابين", "o": ["الأوابين", "الليل", "المسافر", "الحاجة"] },
    { "q": "الزواج بغير ولي؟", "a": "باطل", "o": ["باطل", "صحيح", "مكروه", "جائز"] }
  ],
  "hard": [
    { "q": "توحيد العبادة؟", "a": "الألوهية", "o": ["الألوهية", "الربوبية", "الأسماء", "الصفات"] },
    { "q": "توحيد الخلق؟", "a": "الربوبية", "o": ["الربوبية", "الألوهية", "الذات", "الأفعال"] },
    { "q": "الرياء شرك؟", "a": "أصغر", "o": ["أصغر", "أكبر", "خفي", "جلي"] },
    { "q": "الحلف بغير الله؟", "a": "شرك", "o": ["شرك", "كبيرة", "مكروه", "حرام"] },
    { "q": "ترك الصلاة؟", "a": "كفر (على خلاف)", "o": ["كفر", "فسق", "نفاق", "معصية"] },
    { "q": "غسل الميت؟", "a": "فرض كفاية", "o": ["فرض كفاية", "فرض عين", "سنة", "مستحب"] },
    { "q": "صلاة الجنازة؟", "a": "فرض كفاية", "o": ["فرض كفاية", "فرض عين", "سنة", "واجب"] },
    { "q": "رد السلام؟", "a": "واجب", "o": ["واجب", "سنة", "مستحب", "مباح"] },
    { "q": "طواف الإفاضة؟", "a": "ركن", "o": ["ركن", "واجب", "سنة", "شرط"] },
    { "q": "طواف الوداع؟", "a": "واجب", "o": ["واجب", "ركن", "سنة", "مباح"] },
    { "q": "طواف القدوم؟", "a": "سنة", "o": ["سنة", "واجب", "ركن", "شرط"] },
    { "q": "الوقوف بمزدلفة؟", "a": "واجب", "o": ["واجب", "ركن", "سنة", "مباح"] },
    { "q": "رمي الجمرات؟", "a": "واجب", "o": ["واجب", "ركن", "سنة", "مباح"] },
    { "q": "المبيت بمنى؟", "a": "واجب", "o": ["واجب", "ركن", "سنة", "مستحب"] },
    { "q": "الإحرام من الميقات؟", "a": "واجب", "o": ["واجب", "ركن", "سنة", "شرط"] },
    { "q": "ستر العورة؟", "a": "شرط للصلاة", "o": ["شرط", "ركن", "واجب", "سنة"] },
    { "q": "استقبال القبلة؟", "a": "شرط", "o": ["شرط", "ركن", "واجب", "سنة"] },
    { "q": "الطمانينة؟", "a": "ركن", "o": ["ركن", "واجب", "سنة", "شرط"] },
    { "q": "الترتيب في الصلاة؟", "a": "ركن", "o": ["ركن", "واجب", "سنة", "شرط"] },
    { "q": "قول سمع الله لمن حمده؟", "a": "واجب", "o": ["واجب", "ركن", "سنة", "مباح"] },
    { "q": "تسبيحات الركوع؟", "a": "واجب", "o": ["واجب", "ركن", "سنة", "شرط"] },
    { "q": "زكاة الفطر؟", "a": "فرض", "o": ["فرض", "سنة", "مستحب", "واجب كفائي"] },
    { "q": "صيام الكفارة؟", "a": "واجب", "o": ["واجب", "سنة", "مستحب", "تطوع"] },
    { "q": "صيام النذر؟", "a": "واجب", "o": ["واجب", "سنة", "مكروه", "مستحب"] },
    { "q": "نكاح المتعة؟", "a": "حرام/باطل", "o": ["باطل", "مكروه", "صحيح", "جائز"] },
    { "q": "نكاح الشغار؟", "a": "باطل", "o": ["باطل", "صحيح", "مكروه", "جائز"] },
    { "q": "الخلع؟", "a": "فراق بعوض", "o": ["فراق بعوض", "طلاق رجعي", "فسخ", "ظهار"] },
    { "q": "عدة الحامل؟", "a": "وضع الحمل", "o": ["وضع الحمل", "3 قروء", "4 أشهر", "سنة"] },
    { "q": "أكل الميتة للمضطر؟", "a": "جائز", "o": ["جائز", "حرام", "مكروه", "واجب"] },
    { "q": "المسح على الجبيرة؟", "a": "واجب (بدل الغسل)", "o": ["واجب", "سنة", "مكروه", "مباح"] }
  ]
}