{
  "type": "islamic",
  "sub": "hadith",
  "easy": [
    { "q": "ولد النبي ﷺ في عام؟", "a": "الفيل", "o": ["الفيل", "الحزن", "الهجرة", "الوفود"] },
    { "q": "مات أبوه وهو؟", "a": "جنين", "o": ["جنين", "رضيع", "طفل", "شاب"] },
    { "q": "مرضعة الرسول ﷺ؟", "a": "حليمة السعدية", "o": ["حليمة السعدية", "ثويبة", "آمنة", "بركة"] },
    { "q": "أول زوجات النبي؟", "a": "خديجة", "o": ["خديجة", "عائشة", "سودة", "حفصة"] },
    { "q": "نزل الوحي وعمره؟", "a": "40 سنة", "o": ["40 سنة", "25 سنة", "50 سنة", "63 سنة"] },
    { "q": "هاجر النبي إلى؟", "a": "المدينة", "o": ["المدينة", "الطائف", "الحبشة", "مكة"] },
    { "q": "رفيق الهجرة؟", "a": "أبو بكر", "o": ["أبو بكر", "عمر", "علي", "عثمان"] },
    { "q": "مؤذن الرسول؟", "a": "بلال", "o": ["بلال", "ابن مسعود", "صهيب", "عمار"] },
    { "q": "أول غزوة كبرى؟", "a": "بدر", "o": ["بدر", "أحد", "الخندق", "تبوك"] },
    { "q": "هزم المسلمون في؟", "a": "أحد", "o": ["أحد", "بدر", "الخندق", "خيبر"] },
    { "q": "حفر الخندق في غزوة؟", "a": "الأحزاب", "o": ["الأحزاب", "بدر", "أحد", "مؤتة"] },
    { "q": "لقب الصديق؟", "a": "أبو بكر", "o": ["أبو بكر", "عمر", "علي", "عثمان"] },
    { "q": "لقب الفاروق؟", "a": "عمر", "o": ["عمر", "أبو بكر", "علي", "حمزة"] },
    { "q": "لقب ذي النورين؟", "a": "عثمان", "o": ["عثمان", "علي", "طلحة", "الزبير"] },
    { "q": "ابن عم الرسول؟", "a": "علي", "o": ["علي", "عمر", "عثمان", "أبو بكر"] },
    { "q": "سيد الشهداء؟", "a": "حمزة", "o": ["حمزة", "مصعب", "جعفر", "زيد"] },
    { "q": "أمين الأمة؟", "a": "أبو عبيدة", "o": ["أبو عبيدة", "عمر", "علي", "خالد"] },
    { "q": "سيف الله المسلول؟", "a": "خالد بن الوليد", "o": ["خالد بن الوليد", "حمزة", "علي", "سعد"] },
    { "q": "توفيت خديجة في عام؟", "a": "الحزن", "o": ["الحزن", "الفيل", "الهجرة", "الفتح"] },
    { "q": "أول من أسلم من الرجال؟", "a": "أبو بكر", "o": ["أبو بكر", "علي", "زيد", "عثمان"] },
    { "q": "أول من أسلم من الصبيان؟", "a": "علي", "o": ["علي", "زيد", "أسامة", "الحسن"] },
    { "q": "أول من أسلم من النساء؟", "a": "خديجة", "o": ["خديجة", "عائشة", "فاطمة", "أسماء"] },
    { "q": "آخر الأنبياء؟", "a": "محمد ﷺ", "o": ["محمد ﷺ", "عيسى", "موسى", "إبراهيم"] },
    { "q": "معجزة الرسول الخالدة؟", "a": "القرآن", "o": ["القرآن", "انشقاق القمر", "الإسراء", "نبع الماء"] },
    { "q": "مدة الدعوة السرية؟", "a": "3 سنوات", "o": ["3 سنوات", "10 سنوات", "سنة", "5 سنوات"] },
    { "q": "عاش النبي في مكة؟", "a": "13 سنة (بعد البعثة)", "o": ["13 سنة", "10 سنوات", "23 سنة", "40 سنة"] },
    { "q": "عاش النبي في المدينة؟", "a": "10 سنوات", "o": ["10 سنوات", "13 سنة", "23 سنة", "5 سنوات"] },
    { "q": "توفي النبي وعمره؟", "a": "63 سنة", "o": ["63 سنة", "40 سنة", "53 سنة", "70 سنة"] },
    { "q": "قبر النبي في؟", "a": "المدينة", "o": ["المدينة", "مكة", "القدس", "الطائف"] },
    { "q": "إنما الأعمال بـ...؟", "a": "النيات", "o": ["النيات", "الخواتيم", "الأقوال", "الجوارح"] }
  ],
  "medium": [
    { "q": "نام في فراش النبي؟", "a": "علي بن أبي طالب", "o": ["علي بن أبي طالب", "أبو بكر", "عثمان", "صهيب"] },
    { "q": "اختبأ النبي في غار؟", "a": "ثور", "o": ["ثور", "حراء", "الكهف", "الجبل"] },
    { "q": "سراقة بن مالك طارد؟", "a": "النبي وأبو بكر", "o": ["النبي وأبو بكر", "عمر", "علي", "عثمان"] },
    { "q": "بنى النبي أول مسجد في؟", "a": "قباء", "o": ["قباء", "مكة", "وسط المدينة", "الطائف"] },
    { "q": "أول سفير في الإسلام؟", "a": "مصعب بن عمير", "o": ["مصعب بن عمير", "جعفر", "دحية", "معاذ"] },
    { "q": "شاعر الرسول؟", "a": "حسان بن ثابت", "o": ["حسان بن ثابت", "كعب بن زهير", "عبدالله بن رواحة", "النابغة"] },
    { "q": "حاضنة الرسول؟", "a": "أم أيمن", "o": ["أم أيمن", "حليمة", "ثويبة", "فاطمة"] },
    { "q": "أم المساكين؟", "a": "زينب بنت خزيمة", "o": ["زينب بنت خزيمة", "زينب بنت جحش", "عائشة", "حفصة"] },
    { "q": "الحب ابن الحب؟", "a": "أسامة بن زيد", "o": ["أسامة بن زيد", "عمار", "الحسن", "الحسين"] },
    { "q": "أمين السر (صاحب السر)؟", "a": "حذيفة بن اليمان", "o": ["حذيفة بن اليمان", "أبو هريرة", "ابن مسعود", "أنس"] },
    { "q": "أكثر الصحابة رواية للحديث؟", "a": "أبو هريرة", "o": ["أبو هريرة", "أنس", "عائشة", "ابن عمر"] },
    { "q": "خدم النبي 10 سنين؟", "a": "أنس بن مالك", "o": ["أنس بن مالك", "زيد بن حارثة", "بلال", "أسامة"] },
    { "q": "غزوة الفرقان هي؟", "a": "بدر", "o": ["بدر", "أحد", "الأحزاب", "تبوك"] },
    { "q": "غزوة العسرة هي؟", "a": "تبوك", "o": ["تبوك", "مؤتة", "حنين", "خيبر"] },
    { "q": "فتح مكة عام؟", "a": "8 هـ", "o": ["8 هـ", "6 هـ", "10 هـ", "2 هـ"] },
    { "q": "حجة الوداع عام؟", "a": "10 هـ", "o": ["10 هـ", "9 هـ", "8 هـ", "11 هـ"] },
    { "q": "وفاة النبي عام؟", "a": "11 هـ", "o": ["11 هـ", "10 هـ", "12 هـ", "13 هـ"] },
    { "q": "زوجة النبي اليهودية الأصل؟", "a": "صفية بنت حيي", "o": ["صفية بنت حيي", "جويرية", "مارية", "ريحانة"] },
    { "q": "المبرأة من فوق سبع سماوات؟", "a": "عائشة", "o": ["عائشة", "خديجة", "حفصة", "زينب"] },
    { "q": "أشار بحفر الخندق؟", "a": "سلمان الفارسي", "o": ["سلمان الفارسي", "المقداد", "عمار", "صهيب"] },
    { "q": "اهتز له عرش الرحمن؟", "a": "سعد بن معاذ", "o": ["سعد بن معاذ", "حمزة", "مصعب", "جعفر"] },
    { "q": "غسيل الملائكة؟", "a": "حنظلة", "o": ["حنظلة", "خبيب", "عاصم", "مصعب"] },
    { "q": "ذو الجناحين؟", "a": "جعفر بن أبي طالب", "o": ["جعفر بن أبي طالب", "زيد بن حارثة", "عبدالله بن رواحة", "خالد"] },
    { "q": "قائد الفرسان (الفدائي)؟", "a": "الزبير بن العوام", "o": ["الزبير بن العوام", "طلحة", "سعد", "خالد"] },
    { "q": "الدين ...؟", "a": "النصيحة", "o": ["النصيحة", "المعاملة", "الخلق", "اليسر"] },
    { "q": "المسلم من سلم المسلمون من...؟", "a": "لسانه ويده", "o": ["لسانه ويده", "شره", "أذاه", "ظلمه"] },
    { "q": "لا تغضب ولك...؟", "a": "الجنة", "o": ["الجنة", "الأجر", "الراحة", "النصر"] },
    { "q": "ناقة الرسول؟", "a": "القصواء", "o": ["القصواء", "البراق", "الدلدل", "العضباء"] },
    { "q": "بغلة الرسول؟", "a": "الدلدل", "o": ["الدلدل", "القصواء", "اليعفور", "السكب"] },
    { "q": "سيف الرسول؟", "a": "ذو الفقار", "o": ["ذو الفقار", "البتار", "الصارم", "المهند"] }
  ],
  "hard": [
    { "q": "قاتل حمزة؟", "a": "وحشي", "o": ["وحشي", "أبو لؤلؤة", "ابن ملجم", "مسيلمة"] },
    { "q": "قاتل مسيلمة الكذاب؟", "a": "وحشي", "o": ["وحشي", "خالد", "البراء", "سعد"] },
    { "q": "زعيم المنافقين؟", "a": "عبدالله بن أبي سلول", "o": ["ابن أبي سلول", "حيي بن أخطب", "أبو جهل", "أبو لهب"] },
    { "q": "فرعون هذه الأمة؟", "a": "أبو جهل", "o": ["أبو جهل", "أبو لهب", "الوليد بن المغيرة", "عتبة"] },
    { "q": "أشقى القوم (عاقر الناقة)؟", "a": "قدار بن سالف", "o": ["قدار بن سالف", "النمرود", "أبرهة", "قارون"] },
    { "q": "قاتل علي بن أبي طالب؟", "a": "عبدالرحمن بن ملجم", "o": ["ابن ملجم", "أبو لؤلؤة", "وحشي", "الأشعث"] },
    { "q": "قاتل عمر بن الخطاب؟", "a": "أبو لؤلؤة المجوسي", "o": ["أبو لؤلؤة", "ابن ملجم", "الهرمزان", "فيروز"] },
    { "q": "أول شهيدة في الإسلام؟", "a": "سمية بنت خياط", "o": ["سمية", "أسماء", "فاطمة", "نسيبة"] },
    { "q": "أول فدائي في الإسلام؟", "a": "علي بن أبي طالب", "o": ["علي", "الزبير", "طلحة", "المقداد"] },
    { "q": "الصحابي الذي كلمه الله دون حجاب؟", "a": "عبدالله بن حرام", "o": ["عبدالله بن حرام", "جابر بن عبدالله", "سعد بن معاذ", "حمزة"] },
    { "q": "أعلم الأمة بالحلال والحرام؟", "a": "معاذ بن جبل", "o": ["معاذ بن جبل", "ابن مسعود", "علي", "ابن عباس"] },
    { "q": "أقرأ الأمة لكتاب الله؟", "a": "أبي بن كعب", "o": ["أبي بن كعب", "ابن مسعود", "زيد بن ثابت", "أبو موسى"] },
    { "q": "ترجمان القرآن؟", "a": "ابن عباس", "o": ["ابن عباس", "ابن مسعود", "ابن عمر", "علي"] },
    { "q": "خطيب الرسول؟", "a": "ثابت بن قيس", "o": ["ثابت بن قيس", "حسان", "كعب", "الزبير"] },
    { "q": "أول مولود للمهاجرين بالمدينة؟", "a": "عبدالله بن الزبير", "o": ["عبدالله بن الزبير", "النعمان بن بشير", "سالم", "محمد بن أبي بكر"] },
    { "q": "أول مولود للأنصار بعد الهجرة؟", "a": "النعمان بن بشير", "o": ["النعمان بن بشير", "عبدالله بن الزبير", "المنذر", "سعيد"] },
    { "q": "الصلوات التي ثقلت على المنافقين؟", "a": "العشاء والفجر", "o": ["العشاء والفجر", "الظهر والعصر", "المغرب والعشاء", "الفجر والعصر"] },
    { "q": "رأى المسيح الدجال (حديث الجساسة)؟", "a": "تميم الداري", "o": ["تميم الداري", "أبو هريرة", "حذيفة", "عمار"] },
    { "q": "اسم أبو جهل؟", "a": "عمرو بن هشام", "o": ["عمرو بن هشام", "الوليد بن المغيرة", "عتبة بن ربيعة", "أمية بن خلف"] },
    { "q": "اسم أبو بكر الصديق؟", "a": "عبدالله بن أبي قحافة", "o": ["عبدالله", "عبدالرحمن", "عثمان", "عتيق"] },
    { "q": "سيد القراء؟", "a": "أبي بن كعب", "o": ["أبي بن كعب", "معاذ", "سالم", "زيد"] },
    { "q": "عدد الذين بايعوا في العقبة الثانية؟", "a": "73 رجلاً وامرأتان", "o": ["73", "12", "70", "313"] },
    { "q": "عدد شهداء بدر من المسلمين؟", "a": "14", "o": ["14", "70", "3", "50"] },
    { "q": "عدد شهداء أحد من المسلمين؟", "a": "70", "o": ["70", "14", "300", "50"] },
    { "q": "أمر بجمع القرآن في مصحف واحد؟", "a": "عثمان بن عفان", "o": ["عثمان", "أبو بكر", "عمر", "علي"] },
    { "q": "جمع القرآن في الصحف (الأول)؟", "a": "أبو بكر", "o": ["أبو بكر", "عثمان", "عمر", "سالم"] },
    { "q": "قائد جيش ذات السلاسل؟", "a": "عمرو بن العاص", "o": ["عمرو بن العاص", "خالد", "أبو عبيدة", "شرحبيل"] },
    { "q": "قائد معركة القادسية؟", "a": "سعد بن أبي وقاص", "o": ["سعد", "خالد", "المثنى", "النعمان"] },
    { "q": "قائد معركة اليرموك؟", "a": "خالد بن الوليد (ثم أبو عبيدة)", "o": ["خالد بن الوليد", "سعد", "عمرو", "يزيد"] },
    { "q": "آخر من مات من الصحابة؟", "a": "أبو الطفيل عامر بن واثلة", "o": ["أبو الطفيل", "أنس", "جابز", "سهل"] }
  ]
}