{
  "type": "islamic",
  "sub": "history",
  "easy": [
    { "q": "أول الخلفاء الراشدين؟", "a": "أبو بكر الصديق", "o": ["أبو بكر الصديق", "عمر", "عثمان", "علي"] },
    { "q": "ثاني الخلفاء الراشدين؟", "a": "عمر بن الخطاب", "o": ["عمر بن الخطاب", "أبو بكر", "عثمان", "علي"] },
    { "q": "ثالث الخلفاء الراشدين؟", "a": "عثمان بن عفان", "o": ["عثمان بن عفان", "علي", "عمر", "معاوية"] },
    { "q": "رابع الخلفاء الراشدين؟", "a": "علي بن أبي طالب", "o": ["علي بن أبي طالب", "عثمان", "الحسن", "معاوية"] },
    { "q": "عاصمة الدولة الأموية؟", "a": "دمشق", "o": ["دمشق", "بغداد", "الكوفة", "المدينة"] },
    { "q": "عاصمة الدولة العباسية؟", "a": "بغداد", "o": ["بغداد", "دمشق", "القاهرة", "البصرة"] },
    { "q": "فاتح القدس؟", "a": "عمر بن الخطاب", "o": ["عمر بن الخطاب", "صلاح الدين", "خالد", "أبو عبيدة"] },
    { "q": "محرر القدس من الصليبيين؟", "a": "صلاح الدين", "o": ["صلاح الدين", "نور الدين", "قطز", "بيبرس"] },
    { "q": "فاتح القسطنطينية؟", "a": "محمد الفاتح", "o": ["محمد الفاتح", "سليمان القانوني", "سليم الأول", "بايزيد"] },
    { "q": "فاتح الأندلس؟", "a": "طارق بن زياد", "o": ["طارق بن زياد", "موسى بن نصير", "عقبة", "عبدالرحمن"] },
    { "q": "فاتح مصر؟", "a": "عمرو بن العاص", "o": ["عمرو بن العاص", "خالد", "سعد", "أبو عبيدة"] },
    { "q": "فاتح بلاد فارس؟", "a": "سعد بن أبي وقاص", "o": ["سعد بن أبي وقاص", "خالد", "المثنى", "النعمان"] },
    { "q": "سيف الله المسلول؟", "a": "خالد بن الوليد", "o": ["خالد بن الوليد", "أبو عبيدة", "حمزة", "علي"] },
    { "q": "أمين الأمة؟", "a": "أبو عبيدة", "o": ["أبو عبيدة", "عمر", "علي", "عثمان"] },
    { "q": "ذو النورين؟", "a": "عثمان بن عفان", "o": ["عثمان بن عفان", "علي", "طلحة", "الزبير"] },
    { "q": "الفاروق؟", "a": "عمر بن الخطاب", "o": ["عمر بن الخطاب", "أبو بكر", "علي", "حمزة"] },
    { "q": "الخليفة العادل (الخامس)؟", "a": "عمر بن عبدالعزيز", "o": ["عمر بن عبدالعزيز", "معاوية", "هارون", "المأمون"] },
    { "q": "مؤسس الدولة الأموية؟", "a": "معاوية بن أبي سفيان", "o": ["معاوية", "يزيد", "مروان", "عبدالملك"] },
    { "q": "مؤسس الدولة العباسية؟", "a": "أبو العباس السفاح", "o": ["السفاح", "المنصور", "الرشيد", "المأمون"] },
    { "q": "صقر قريش (الأندلس)؟", "a": "عبدالرحمن الداخل", "o": ["عبدالرحمن الداخل", "الناصر", "الحكم", "المنصور"] },
    { "q": "باني بغداد؟", "a": "أبو جعفر المنصور", "o": ["المنصور", "السفاح", "الرشيد", "المعتصم"] },
    { "q": "باني القاهرة؟", "a": "جوهر الصقلي", "o": ["جوهر الصقلي", "صلاح الدين", "قطز", "بيبرس"] },
    { "q": "هزم المغول في عين جالوت؟", "a": "قطز", "o": ["قطز", "بيبرس", "صلاح الدين", "قلاوون"] },
    { "q": "هزم الصليبيين في حطين؟", "a": "صلاح الدين", "o": ["صلاح الدين", "نور الدين", "مودود", "عماد الدين"] },
    { "q": "آخر خلفاء بني أمية؟", "a": "مروان بن محمد", "o": ["مروان بن محمد", "هشام", "الوليد", "يزيد"] },
    { "q": "آخر خلفاء بني العباس؟", "a": "المستعصم بالله", "o": ["المستعصم", "المستنصر", "الواثق", "المتوكل"] },
    { "q": "سقطت الأندلس عام؟", "a": "1492 م", "o": ["1492 م", "1453 م", "711 م", "1258 م"] },
    { "q": "سقطت بغداد عام؟", "a": "656 هـ", "o": ["656 هـ", "583 هـ", "132 هـ", "40 هـ"] },
    { "q": "فتح القسطنطينية عام؟", "a": "1453 م", "o": ["1453 م", "1492 م", "1299 م", "1517 م"] },
    { "q": "معركة القادسية ضد؟", "a": "الفرس", "o": ["الفرس", "الروم", "المغول", "الصليبيين"] }
  ],
  "medium": [
    { "q": "معركة اليرموك ضد؟", "a": "الروم", "o": ["الروم", "الفرس", "المغول", "القوط"] },
    { "q": "معركة عين جالوت ضد؟", "a": "المغول", "o": ["المغول", "الصليبيين", "الروم", "الفرس"] },
    { "q": "معركة حطين ضد؟", "a": "الصليبيين", "o": ["الصليبيين", "المغول", "الروم", "الفرس"] },
    { "q": "معركة ذات السواري (بحرية)؟", "a": "ضد الروم", "o": ["ضد الروم", "ضد الفرس", "ضد القوط", "ضد الهند"] },
    { "q": "قائد معركة القادسية؟", "a": "سعد بن أبي وقاص", "o": ["سعد بن أبي وقاص", "خالد", "المثنى", "النعمان"] },
    { "q": "قائد معركة نهاوند؟", "a": "النعمان بن مقرن", "o": ["النعمان بن مقرن", "سعد", "خالد", "أبو عبيدة"] },
    { "q": "فاتح بلاد السند؟", "a": "محمد بن القاسم", "o": ["محمد بن القاسم", "قتيبة", "المهلب", "الحجاج"] },
    { "q": "فاتح بلاد ما وراء النهر؟", "a": "قتيبة بن مسلم", "o": ["قتيبة بن مسلم", "محمد بن القاسم", "موسى", "عقبة"] },
    { "q": "مؤسس الدولة العثمانية؟", "a": "عثمان بن أرطغرل", "o": ["عثمان", "أرطغرل", "اورخان", "مراد"] },
    { "q": "السلطان القانوني؟", "a": "سليمان", "o": ["سليمان", "سليم", "محمد", "مراد"] },
    { "q": "قضى على الدولة الفاطمية؟", "a": "صلاح الدين", "o": ["صلاح الدين", "نور الدين", "شيركوه", "قطز"] },
    { "q": "مؤسس الدولة الفاطمية؟", "a": "عبيدالله المهدي", "o": ["عبيدالله المهدي", "المعز", "الحاكم", "العاضد"] },
    { "q": "بنى قبة الصخرة؟", "a": "عبدالملك بن مروان", "o": ["عبدالملك بن مروان", "الوليد", "هشام", "معاوية"] },
    { "q": "بنى الجامع الأموي؟", "a": "الوليد بن عبدالملك", "o": ["الوليد", "عبدالملك", "عمر", "هشام"] },
    { "q": "أسس بيت الحكمة؟", "a": "هارون الرشيد / المأمون", "o": ["المأمون", "المنصور", "المتوكل", "الواثق"] },
    { "q": "معركة بلاط الشهداء (تور)؟", "a": "في فرنسا", "o": ["في فرنسا", "في الأندلس", "في إيطاليا", "في الشام"] },
    { "q": "قائد بلاط الشهداء؟", "a": "عبدالرحمن الغافقي", "o": ["عبدالرحمن الغافقي", "طارق", "موسى", "السمح"] },
    { "q": "معركة الزلاقة بالأندلس؟", "a": "يوسف بن تاشفين", "o": ["يوسف بن تاشفين", "المنصور", "عبدالرحمن", "المعتمد"] },
    { "q": "معركة الأرك بالأندلس؟", "a": "يعقوب المنصور", "o": ["يعقوب المنصور", "يوسف بن تاشفين", "الناصر", "محمد"] },
    { "q": "سقوط الخلافة الأموية عام؟", "a": "132 هـ", "o": ["132 هـ", "40 هـ", "656 هـ", "100 هـ"] },
    { "q": "مدة الخلافة الراشدة؟", "a": "30 سنة", "o": ["30 سنة", "40 سنة", "20 سنة", "90 سنة"] },
    { "q": "مدة الدولة الأموية؟", "a": "90 سنة (تقريباً)", "o": ["90 سنة", "132 سنة", "500 سنة", "30 سنة"] },
    { "q": "مدة الدولة العباسية؟", "a": "500 سنة (تقريباً)", "o": ["500 سنة", "200 سنة", "100 سنة", "90 سنة"] },
    { "q": "الدولة التي حكمت مصر قبل العثمانيين؟", "a": "المماليك", "o": ["المماليك", "الأيوبيين", "الفاطميين", "الطولونيين"] },
    { "q": "أول عاصمة لمصر الإسلامية؟", "a": "الفسطاط", "o": ["الفسطاط", "القاهرة", "العسكر", "القطائع"] },
    { "q": "أول عاصمة للدولة العثمانية؟", "a": "بورصة", "o": ["بورصة", "أدرنة", "إسطنبول", "قونية"] },
    { "q": "فتح عمورية (وامعتصماه)؟", "a": "المعتصم بالله", "o": ["المعتصم", "هارون", "المأمون", "الواثق"] },
    { "q": "الخليفة الثامن (المثمن)؟", "a": "المعتصم بالله", "o": ["المعتصم", "الواثق", "المتوكل", "المهدي"] },
    { "q": "أعظم سلاطين المماليك؟", "a": "الظاهر بيبرس", "o": ["بيبرس", "قطز", "قلاوون", "برقوق"] },
    { "q": "مؤسس دولة الموحدين؟", "a": "ابن تومرت", "o": ["ابن تومرت", "عبدالمومن", "يوسف", "يعقوب"] }
  ],
  "hard": [
    { "q": "قائد معركة ملاذ كرد؟", "a": "ألب أرسلان", "o": ["ألب أرسلان", "طغرل", "ملكشاه", "قليج"] },
    { "q": "عام الجماعة (تنازل الحسن)؟", "a": "41 هـ", "o": ["41 هـ", "40 هـ", "35 هـ", "50 هـ"] },
    { "q": "ثورة الزنج كانت في عهد؟", "a": "العباسيين", "o": ["العباسيين", "الأمويين", "الفاطميين", "المماليك"] },
    { "q": "مؤسس الدولة الطولونية؟", "a": "أحمد بن طولون", "o": ["أحمد بن طولون", "الإخشيد", "جوهر", "كافور"] },
    { "q": "مؤسس الدولة الإخشيدية؟", "a": "محمد بن طغج", "o": ["محمد بن طغج", "كافور", "أحمد", "علي"] },
    { "q": "آخر ملوك غرناطة؟", "a": "أبو عبدالله الصغير", "o": ["أبو عبدالله", "أبو الحسن", "يوسف", "محمد"] },
    { "q": "سقوط القسطنطينية (الروم)؟", "a": "1453 م", "o": ["1453 م", "1258 م", "1492 م", "1517 م"] },
    { "q": "معركة جالديران (ضد الصفويين)؟", "a": "سليم الأول", "o": ["سليم الأول", "سليمان", "بايزيد", "محمد"] },
    { "q": "معركة مرج دابق (ضد المماليك)؟", "a": "سليم الأول", "o": ["سليم الأول", "سليمان", "محمد", "مراد"] },
    { "q": "فتح جزيرة رودس؟", "a": "سليمان القانوني", "o": ["سليمان", "سليم", "محمد", "بايزيد"] },
    { "q": "خير الدين بربروسا كان؟", "a": "قائد بحري", "o": ["قائد بحري", "صدر أعظم", "سلطان", "والي"] },
    { "q": "معركة نيكوبوليس (القرن 14)؟", "a": "بايزيد الأول", "o": ["بايزيد الأول", "مراد الأول", "محمد الأول", "أورخان"] },
    { "q": "معركة أنقرة (ضد تيمورلنك)؟", "a": "بايزيد الأول", "o": ["بايزيد الأول", "مراد", "محمد", "سليمان"] },
    { "q": "تيمورلنك كان قائد؟", "a": "المغول (التتار)", "o": ["المغول", "الترك", "الفرس", "العرب"] },
    { "q": "هولاكو كان حفيد؟", "a": "جنكيز خان", "o": ["جنكيز خان", "تيمورلنك", "أوقطاي", "باتو"] },
    { "q": "الحاكم بأمر الله كان؟", "a": "فاطمياً", "o": ["فاطمياً", "عباسياً", "أموياً", "أيوبياً"] },
    { "q": "صلاح الدين الأيوبي أصله؟", "a": "كردي", "o": ["كردي", "عربي", "تركي", "فارسي"] },
    { "q": "الظاهر بيبرس أصله؟", "a": "مملوكي (تركي)", "o": ["مملوكي", "كردي", "عربي", "فارسي"] },
    { "q": "سيف الدين قطز أصله؟", "a": "مملوكي (خوارزمي)", "o": ["مملوكي", "أيوبي", "فاطمي", "سلجوقي"] },
    { "q": "موقعة الجمل كانت بين؟", "a": "علي وعائشة", "o": ["علي وعائشة", "علي ومعاوية", "علي والخوارج", "الحسين ويزيد"] },
    { "q": "موقعة صفين كانت بين؟", "a": "علي ومعاوية", "o": ["علي ومعاوية", "علي وعائشة", "علي والخوارج", "الحسين ويزيد"] },
    { "q": "موقعة النهروان كانت ضد؟", "a": "الخوارج", "o": ["الخوارج", "الأمويين", "الفرس", "الروم"] },
    { "q": "استشهاد الحسين في؟", "a": "كربلاء", "o": ["كربلاء", "الكوفة", "البصرة", "المدينة"] },
    { "q": "عام الرمادة في عهد؟", "a": "عمر بن الخطاب", "o": ["عمر", "أبو بكر", "عثمان", "علي"] },
    { "q": "طاعون عمواس كان في؟", "a": "الشام", "o": ["الشام", "مصر", "العراق", "الحجاز"] },
    { "q": "أول عملة إسلامية ضربت في عهد؟", "a": "عبدالملك بن مروان", "o": ["عبدالملك", "عمر", "معاوية", "هارون"] },
    { "q": "تعريب الدواوين كان في عهد؟", "a": "عبدالملك بن مروان", "o": ["عبدالملك", "الوليد", "عمر", "هشام"] },
    { "q": "الوليد بن عبدالملك اشتهر بـ؟", "a": "العمران والفتوحات", "o": ["العمران", "التقشف", "العلم", "التجارة"] },
    { "q": "عمر بن عبدالعزيز توفي بـ؟", "a": "السم", "o": ["السم", "القتل", "الطاعون", "الشيخوخة"] },
    { "q": "أبو مسلم الخراساني ساعد؟", "a": "العباسيين", "o": ["العباسيين", "الأمويين", "العلويين", "الفاطميين"] }
  ]
}