{
  "type": "islamic",
  "sub": "prophets",
  "easy": [
    { "q": "أول الأنبياء؟", "a": "آدم", "o": ["آدم", "نوح", "إبراهيم", "إدريس"] },
    { "q": "أبو الأنبياء؟", "a": "إبراهيم", "o": ["إبراهيم", "إسماعيل", "إسحاق", "نوح"] },
    { "q": "كليم الله؟", "a": "موسى", "o": ["موسى", "عيسى", "محمد", "هارون"] },
    { "q": "روح الله؟", "a": "عيسى", "o": ["عيسى", "يحيى", "موسى", "آدم"] },
    { "q": "خاتم الأنبياء؟", "a": "محمد ﷺ", "o": ["محمد ﷺ", "عيسى", "موسى", "إبراهيم"] },
    { "q": "الصديق؟", "a": "أبو بكر", "o": ["أبو بكر", "عمر", "عثمان", "علي"] },
    { "q": "الفاروق؟", "a": "عمر", "o": ["عمر", "أبو بكر", "علي", "حمزة"] },
    { "q": "ذو النورين؟", "a": "عثمان", "o": ["عثمان", "علي", "طلحة", "الزبير"] },
    { "q": "سيف الله المسلول؟", "a": "خالد بن الوليد", "o": ["خالد بن الوليد", "أبو عبيدة", "حمزة", "علي"] },
    { "q": "أسد الله؟", "a": "حمزة", "o": ["حمزة", "علي", "عمر", "خالد"] },
    { "q": "ابتلعه الحوت؟", "a": "يونس", "o": ["يونس", "يوسف", "موسى", "عيسى"] },
    { "q": "بنى السفينة؟", "a": "نوح", "o": ["نوح", "هود", "صالح", "لوط"] },
    { "q": "ألقي في النار؟", "a": "إبراهيم", "o": ["إبراهيم", "موسى", "يوسف", "يحيى"] },
    { "q": "ألقي في الجب؟", "a": "يوسف", "o": ["يوسف", "يونس", "موسى", "عيسى"] },
    { "q": "كلم الطير والجن؟", "a": "سليمان", "o": ["سليمان", "داود", "يحيى", "زكريا"] },
    { "q": "ألان الله له الحديد؟", "a": "داود", "o": ["داود", "سليمان", "زكريا", "يحيى"] },
    { "q": "أمين الأمة؟", "a": "أبو عبيدة", "o": ["أبو عبيدة", "عمر", "علي", "عثمان"] },
    { "q": "مؤذن الرسول؟", "a": "بلال", "o": ["بلال", "ابن أم مكتوم", "أبو محذورة", "سعد"] },
    { "q": "شاعر الرسول؟", "a": "حسان بن ثابت", "o": ["حسان بن ثابت", "كعب", "عبدالله", "النابغة"] },
    { "q": "أم البشر؟", "a": "حواء", "o": ["حواء", "مريم", "سارة", "هاجر"] },
    { "q": "أم إسماعيل؟", "a": "هاجر", "o": ["هاجر", "سارة", "آسية", "مريم"] },
    { "q": "أم عيسى؟", "a": "مريم", "o": ["مريم", "آسية", "خديجة", "عائشة"] },
    { "q": "زوجة فرعون المؤمنة؟", "a": "آسية", "o": ["آسية", "مريم", "هاجر", "سارة"] },
    { "q": "نبي الصبر؟", "a": "أيوب", "o": ["أيوب", "يعقوب", "يوسف", "يونس"] },
    { "q": "نبي الجمال؟", "a": "يوسف", "o": ["يوسف", "موسى", "عيسى", "داود"] },
    { "q": "وزير موسى وأخوه؟", "a": "هارون", "o": ["هارون", "يوشع", "شعيب", "الخضر"] },
    { "q": "فلق البحر بعصاه؟", "a": "موسى", "o": ["موسى", "عيسى", "إبراهيم", "نوح"] },
    { "q": "ناقة الله؟", "a": "صالح", "o": ["صالح", "هود", "شعيب", "لوط"] },
    { "q": "قوم عاد نبيهم؟", "a": "هود", "o": ["هود", "صالح", "نوح", "لوط"] },
    { "q": "قوم ثمود نبيهم؟", "a": "صالح", "o": ["صالح", "هود", "شعيب", "لوط"] }
  ],
  "medium": [
    { "q": "خطيب الأنبياء؟", "a": "شعيب", "o": ["شعيب", "موسى", "هارون", "إبراهيم"] },
    { "q": "كفيل مريم؟", "a": "زكريا", "o": ["زكريا", "يحيى", "عمران", "عيسى"] },
    { "q": "الذبيح؟", "a": "إسماعيل", "o": ["إسماعيل", "إسحاق", "يوسف", "يعقوب"] },
    { "q": "شيخ المرسلين؟", "a": "نوح", "o": ["نوح", "إبراهيم", "آدم", "شيث"] },
    { "q": "أبو البشر الثاني؟", "a": "نوح", "o": ["نوح", "إبراهيم", "شيث", "إدريس"] },
    { "q": "أول من خط بالقلم؟", "a": "إدريس", "o": ["إدريس", "نوح", "إبراهيم", "موسى"] },
    { "q": "قتل جالوت؟", "a": "داود", "o": ["داود", "سليمان", "طالوت", "يوشع"] },
    { "q": "حبست له الشمس؟", "a": "يوشع بن نون", "o": ["يوشع بن نون", "موسى", "يونس", "داود"] },
    { "q": "ذو الكفل هو؟", "a": "نبي", "o": ["نبي", "ملك", "صحابي", "ولي"] },
    { "q": "نبي قومه مدين؟", "a": "شعيب", "o": ["شعيب", "صالح", "هود", "لوط"] },
    { "q": "نبي قومه سدوم؟", "a": "لوط", "o": ["لوط", "إبراهيم", "شعيب", "هود"] },
    { "q": "حبر الأمة؟", "a": "ابن عباس", "o": ["ابن عباس", "ابن مسعود", "علي", "عمر"] },
    { "q": "ترجمان القرآن؟", "a": "ابن عباس", "o": ["ابن عباس", "أبي بن كعب", "زيد", "معاذ"] },
    { "q": "سيد القراء؟", "a": "أبي بن كعب", "o": ["أبي بن كعب", "ابن مسعود", "معاذ", "سالم"] },
    { "q": "أمين السر؟", "a": "حذيفة بن اليمان", "o": ["حذيفة", "عمار", "سلمان", "أبو ذر"] },
    { "q": "الحب ابن الحب؟", "a": "أسامة بن زيد", "o": ["أسامة بن زيد", "عمار", "الحسن", "الحسين"] },
    { "q": "غسيل الملائكة؟", "a": "حنظلة", "o": ["حنظلة", "خبيب", "مصعب", "جعفر"] },
    { "q": "ذو الجناحين؟", "a": "جعفر الطيار", "o": ["جعفر الطيار", "علي", "زيد", "عبدالله"] },
    { "q": "اهتز له العرش؟", "a": "سعد بن معاذ", "o": ["سعد بن معاذ", "سعد بن عبادة", "حمزة", "عمر"] },
    { "q": "حواري الرسول؟", "a": "الزبير بن العوام", "o": ["الزبير", "طلحة", "سعد", "علي"] },
    { "q": "طلحة الخير؟", "a": "طلحة بن عبيد الله", "o": ["طلحة", "الزبير", "سعد", "سعيد"] },
    { "q": "أبو المساكين؟", "a": "جعفر بن أبي طالب", "o": ["جعفر بن أبي طالب", "علي", "عثمان", "أبو ذر"] },
    { "q": "أول فدائي؟", "a": "علي بن أبي طالب", "o": ["علي", "الزبير", "طلحة", "المقداد"] },
    { "q": "أول سفير؟", "a": "مصعب بن عمير", "o": ["مصعب بن عمير", "جعفر", "دحية", "معاذ"] },
    { "q": "خال الرسول؟", "a": "سعد بن أبي وقاص", "o": ["سعد بن أبي وقاص", "الزبير", "حمزة", "العباس"] },
    { "q": "عم الرسول (أسلم)؟", "a": "العباس", "o": ["العباس", "أبو طالب", "أبو لهب", "أبو جهل"] },
    { "q": "عم الرسول (استشهد)؟", "a": "حمزة", "o": ["حمزة", "العباس", "أبو طالب", "الحارث"] },
    { "q": "ذات النطاقين؟", "a": "أسماء بنت أبي بكر", "o": ["أسماء", "عائشة", "فاطمة", "خديجة"] },
    { "q": "سيدة نساء العالمين؟", "a": "فاطمة", "o": ["فاطمة", "خديجة", "عائشة", "مريم"] },
    { "q": "أم أبيها؟", "a": "فاطمة", "o": ["فاطمة", "عائشة", "زينب", "أم كلثوم"] }
  ],
  "hard": [
    { "q": "النبي الذي نشره قومه بالمنشار؟", "a": "زكريا", "o": ["زكريا", "يحيى", "جرجيس", "دانيال"] },
    { "q": "النبي الذي ذبح وقدم رأسه مهراً؟", "a": "يحيى", "o": ["يحيى", "زكريا", "جرجيس", "شيث"] },
    { "q": "النبي الذي آمن به كل قومه؟", "a": "يونس", "o": ["يونس", "نوح", "لوط", "هود"] },
    { "q": "اليسع هو؟", "a": "نبي", "o": ["نبي", "ملك", "صحابي", "طاغية"] },
    { "q": "نبي ذكر في سورة الكهف (غير موسى)؟", "a": "الخضر (العبد الصالح)", "o": ["الخضر", "يوشع", "إلياس", "ذو الكفل"] },
    { "q": "فتا موسى؟", "a": "يوشع بن نون", "o": ["يوشع بن نون", "هارون", "كالب", "قارون"] },
    { "q": "النبي الذي عاش 950 سنة يدعو؟", "a": "نوح", "o": ["نوح", "آدم", "إدريس", "هود"] },
    { "q": "النبي الذي كان نجاراً؟", "a": "زكريا", "o": ["زكريا", "نوح", "إبراهيم", "داود"] },
    { "q": "النبي الذي كان حداداً؟", "a": "داود", "o": ["داود", "سليمان", "إدريس", "نوح"] },
    { "q": "النبي الذي كان خياطاً؟", "a": "إدريس", "o": ["إدريس", "نوح", "زكريا", "صالح"] },
    { "q": "الصحابي الذي كلمه الله كفاحاً؟", "a": "عبدالله بن حرام", "o": ["عبدالله بن حرام", "جابر", "سعد", "حمزة"] },
    { "q": "الصحابي الذي قتله الجن؟", "a": "سعد بن عبادة", "o": ["سعد بن عبادة", "سعد بن معاذ", "أسيد", "البراء"] },
    { "q": "سيد القوم (الأنصار)؟", "a": "سعد بن عبادة", "o": ["سعد بن عبادة", "سعد بن معاذ", "أسيد", "خزيمة"] },
    { "q": "الشهيد الحي؟", "a": "طلحة بن عبيد الله", "o": ["طلحة", "الزبير", "سعد", "علي"] },
    { "q": "حمامة المسجد؟", "a": "عبدالله بن الزبير", "o": ["عبدالله بن الزبير", "سعيد بن المسيب", "ابن عمر", "أنس"] },
    { "q": "خطيب النبي؟", "a": "ثابت بن قيس", "o": ["ثابت بن قيس", "حسان", "كعب", "عبدالله"] },
    { "q": "أبو تراب؟", "a": "علي بن أبي طالب", "o": ["علي", "عمار", "أبو ذر", "سلمان"] },
    { "q": "سيد الفوارس؟", "a": "أبو موسى الأشعري", "o": ["أبو موسى", "خالد", "أبو دجانة", "سلمة بن الأكوع"] },
    { "q": "أشبه الناس بالنبي؟", "a": "الحسن بن علي (وجعفر)", "o": ["الحسن", "الحسين", "العباس", "علي"] },
    { "q": "ريحانتا النبي؟", "a": "الحسن والحسين", "o": ["الحسن والحسين", "القاسم وعبدالله", "زينب ورقية", "عائشة وفاطمة"] }
  ]
}