{
  "type": "islamic",
  "sub": "quran",
  "easy": [
    { "q": "عدد سور القرآن؟", "a": "114", "o": ["114", "110", "120", "113"] },
    { "q": "أطول سورة؟", "a": "البقرة", "o": ["البقرة", "النساء", "آل عمران", "المائدة"] },
    { "q": "أقصر سورة؟", "a": "الكوثر", "o": ["الكوثر", "العصر", "الإخلاص", "الناس"] },
    { "q": "أول سورة في المصحف؟", "a": "الفاتحة", "o": ["الفاتحة", "البقرة", "الناس", "العلق"] },
    { "q": "آخر سورة في المصحف؟", "a": "الناس", "o": ["الناس", "الفلق", "الإخلاص", "الكوثر"] },
    { "q": "تعدل ثلث القرآن؟", "a": "الإخلاص", "o": ["الإخلاص", "الفلق", "الكافرون", "الزلزلة"] },
    { "q": "عدد أجزاء القرآن؟", "a": "30", "o": ["30", "60", "15", "20"] },
    { "q": "نزل القرآن في شهر؟", "a": "رمضان", "o": ["رمضان", "شعبان", "رجب", "محرم"] },
    { "q": "اللغة التي نزل بها؟", "a": "العربية", "o": ["العربية", "العبرية", "السريانية", "الفارسية"] },
    { "q": "أول كلمة نزلت؟", "a": "اقرأ", "o": ["اقرأ", "اكتب", "قم", "سبح"] },
    { "q": "سورة بني إسرائيل؟", "a": "الإسراء", "o": ["الإسراء", "البقرة", "طه", "يوسف"] },
    { "q": "أم الكتاب؟", "a": "الفاتحة", "o": ["الفاتحة", "يس", "الرحمن", "البقرة"] },
    { "q": "عروس القرآن؟", "a": "الرحمن", "o": ["الرحمن", "يس", "الملك", "الواقعة"] },
    { "q": "سنام القرآن؟", "a": "البقرة", "o": ["البقرة", "آل عمران", "النساء", "الأعراف"] },
    { "q": "المعوذتان؟", "a": "الفلق والناس", "o": ["الفلق والناس", "الإخلاص والفلق", "الناس والكافرون", "الفاتحة والبقرة"] },
    { "q": "آية الكرسي في سورة؟", "a": "البقرة", "o": ["البقرة", "آل عمران", "النساء", "الكهف"] },
    { "q": "سورة باسم فاكهة؟", "a": "التين", "o": ["التين", "الزيتون", "العنب", "الرمان"] },
    { "q": "سورة باسم وقت؟", "a": "العصر", "o": ["العصر", "الظهر", "المغرب", "العشاء"] },
    { "q": "سورة باسم حيوان؟", "a": "البقرة", "o": ["البقرة", "الأسد", "الجمل", "الذئب"] },
    { "q": "سورة باسم نبي؟", "a": "يوسف", "o": ["يوسف", "موسى", "عيسى", "صالح"] },
    { "q": "عدد سجدات القرآن؟", "a": "15", "o": ["15", "10", "7", "20"] },
    { "q": "نزل القرآن على؟", "a": "محمد ﷺ", "o": ["محمد ﷺ", "موسى", "عيسى", "إبراهيم"] },
    { "q": "الملك الموكل بالوحي؟", "a": "جبريل", "o": ["جبريل", "ميكائيل", "إسرافيل", "مالك"] },
    { "q": "مكان نزول الوحي أولاً؟", "a": "غار حراء", "o": ["غار حراء", "غار ثور", "الكعبة", "المدينة"] },
    { "q": "سورة تسمى الفاضحة؟", "a": "التوبة", "o": ["التوبة", "الأنفال", "الأحزاب", "المنافقون"] },
    { "q": "سورة بلا بسملة؟", "a": "التوبة", "o": ["التوبة", "محمد", "الأنفال", "يونس"] },
    { "q": "سورة بها بسملتان؟", "a": "النمل", "o": ["النمل", "النحل", "العنكبوت", "سبأ"] },
    { "q": "أطول آية؟", "a": "الدين", "o": ["الدين", "الكرسي", "النور", "المداينة"] },
    { "q": "سورة تقرأ يوم الجمعة؟", "a": "الكهف", "o": ["الكهف", "الملك", "يس", "الواقعة"] },
    { "q": "سورة تمنع عذاب القبر؟", "a": "الملك", "o": ["الملك", "السجدة", "الواقعة", "الحديد"] }
  ],
  "medium": [
    { "q": "ذكر فيها اسم زيد؟", "a": "الأحزاب", "o": ["الأحزاب", "محمد", "الفتح", "الحجرات"] },
    { "q": "سورة النساء الصغرى؟", "a": "الطلاق", "o": ["الطلاق", "التحريم", "المجادلة", "النور"] },
    { "q": "سورة غافر تسمى؟", "a": "المؤمن", "o": ["المؤمن", "فصلت", "الشورى", "الزخرف"] },
    { "q": "سورة الإنسان تسمى؟", "a": "الدهر", "o": ["الدهر", "القيامة", "البلد", "النبأ"] },
    { "q": "سورة المسد تسمى؟", "a": "تبت", "o": ["تبت", "اللهب", "الكافرون", "النصر"] },
    { "q": "سورة الإخلاص تسمى؟", "a": "التوحيد", "o": ["التوحيد", "النور", "الفرقان", "العقيدة"] },
    { "q": "السبع المثاني؟", "a": "الفاتحة", "o": ["الفاتحة", "البقرة", "يس", "المعوذات"] },
    { "q": "أوسط سور القرآن (ترتيباً)؟", "a": "الكهف", "o": ["الكهف", "مريم", "طه", "الإسراء"] },
    { "q": "كلمة في وسط القرآن؟", "a": "وليتلطف", "o": ["وليتلطف", "وسطاً", "عدلاً", "حكماً"] },
    { "q": "سورة بدأت بـ (سورة)؟", "a": "النور", "o": ["النور", "الحج", "الفرقان", "الأحزاب"] },
    { "q": "سورة بدأت بـ (الحمد)؟", "a": "الفاتحة", "o": ["الفاتحة", "البقرة", "آل عمران", "النساء"] },
    { "q": "سورة بدأت بـ (قل)؟", "a": "الجن", "o": ["الجن", "المزمل", "المدثر", "القيامة"] },
    { "q": "سورة بدأت بـ (تبارك)؟", "a": "الملك", "o": ["الملك", "الفرقان", "القلم", "الحاقة"] },
    { "q": "سورة بدأت بـ (سبح)؟", "a": "الأعلى", "o": ["الأعلى", "الغاشية", "الفجر", "البلد"] },
    { "q": "ذكرت فيها البسملة في آية؟", "a": "النمل", "o": ["النمل", "هود", "يوسف", "إبراهيم"] },
    { "q": "حشرة كلمت نبيها؟", "a": "النملة", "o": ["النملة", "النحلة", "الجرادة", "الذابة"] },
    { "q": "طائر كلم نبيه؟", "a": "الهدهد", "o": ["الهدهد", "الغراب", "النسر", "الصقر"] },
    { "q": "مدة نزول القرآن؟", "a": "23 سنة", "o": ["23 سنة", "25 سنة", "20 سنة", "40 سنة"] },
    { "q": "الصحابي الذي جمع القرآن؟", "a": "زيد بن ثابت", "o": ["زيد بن ثابت", "علي بن أبي طالب", "أبي بن كعب", "معاذ بن جبل"] },
    { "q": "أول من أمر بجمع القرآن؟", "a": "أبو بكر الصديق", "o": ["أبو بكر الصديق", "عمر بن الخطاب", "عثمان بن عفان", "علي بن أبي طالب"] },
    { "q": "أول من نسخ المصاحف؟", "a": "عثمان بن عفان", "o": ["عثمان بن عفان", "أبو بكر الصديق", "عمر بن الخطاب", "علي بن أبي طالب"] },
    { "q": "سورة النعم؟", "a": "النحل", "o": ["النحل", "إبراهيم", "الأنعام", "المائدة"] },
    { "q": "سورة القتال؟", "a": "محمد", "o": ["محمد", "الفتح", "الأنفال", "التوبة"] },
    { "q": "سورة التوديع؟", "a": "النصر", "o": ["النصر", "الفتح", "الكافرون", "العصر"] },
    { "q": "ذكرت فيها قصة طالوت؟", "a": "البقرة", "o": ["البقرة", "آل عمران", "المائدة", "الأعراف"] },
    { "q": "ذكرت فيها قصة قارون؟", "a": "القصص", "o": ["القصص", "العنكبوت", "غافر", "ص"] },
    { "q": "ذكرت فيها قصة ذي القرنين؟", "a": "الكهف", "o": ["الكهف", "مريم", "طه", "الأنبياء"] },
    { "q": "ذكرت فيها قصة لقمان؟", "a": "لقمان", "o": ["لقمان", "العنكبوت", "الروم", "السجدة"] },
    { "q": "السورة التي تسمى المنجية؟", "a": "الملك", "o": ["الملك", "السجدة", "يس", "الواقعة"] },
    { "q": "يوم الحج الأكبر ذكر في؟", "a": "التوبة", "o": ["التوبة", "الحج", "البقرة", "المائدة"] }
  ],
  "hard": [
    { "q": "ذكر فيها لفظ الجلالة في كل آية؟", "a": "المجادلة", "o": ["المجادلة", "الحشر", "الممتحنة", "الحديد"] },
    { "q": "انتهت كل آياتها بحرف السين؟", "a": "الناس", "o": ["الناس", "الإخلاص", "الفلق", "المسد"] },
    { "q": "انتهت كل آياتها بحرف الدال؟", "a": "الإخلاص", "o": ["الإخلاص", "الناس", "الفلق", "الكوثر"] },
    { "q": "سورة بدأت بقسمين وانتهت بقسمين؟", "a": "البلد", "o": ["البلد", "الشمس", "الليل", "الفجر"] },
    { "q": "سورة تسمى (المص)؟", "a": "الأعراف", "o": ["الأعراف", "يونس", "هود", "يوسف"] },
    { "q": "عدد سور الجزء 30؟", "a": "37", "o": ["37", "30", "40", "35"] },
    { "q": "سورة ليس فيها حرف الفاء؟", "a": "الفاتحة", "o": ["الفاتحة", "الإخلاص", "الناس", "الكوثر"] },
    { "q": "سورة ليس فيها حرف الراء؟", "a": "الإخلاص", "o": ["الإخلاص", "الفلق", "الناس", "الكوثر"] },
    { "q": "سورة ليس فيها حرف الميم؟", "a": "الكوثر", "o": ["الكوثر", "الفلق", "الناس", "الإخلاص"] },
    { "q": "السورة التي تسمى (الحائلة)؟", "a": "الكهف", "o": ["الكهف", "الملك", "يس", "الواقعة"] },
    { "q": "السورة التي تسمى (الواقية)؟", "a": "الملك", "o": ["الملك", "السجدة", "الواقعة", "الحديد"] },
    { "q": "ذكرت فيها غزوة تبوك؟", "a": "التوبة", "o": ["التوبة", "الأنفال", "الأحزاب", "الفتح"] },
    { "q": "ذكرت فيها غزوة بدر؟", "a": "الأنفال", "o": ["الأنفال", "التوبة", "آل عمران", "محمد"] },
    { "q": "ذكرت فيها غزوة أحد؟", "a": "آل عمران", "o": ["آل عمران", "الأنفال", "التوبة", "الأحزاب"] },
    { "q": "ذكرت فيها غزوة الخندق؟", "a": "الأحزاب", "o": ["الأحزاب", "محمد", "الفتح", "الحجرات"] },
    { "q": "ذكرت فيها بيعة الرضوان؟", "a": "الفتح", "o": ["الفتح", "محمد", "الحجرات", "ق"] },
    { "q": "عدد آيات سورة الفاتحة؟", "a": "7", "o": ["7", "6", "8", "5"] },
    { "q": "عدد آيات سورة البقرة؟", "a": "286", "o": ["286", "285", "280", "290"] },
    { "q": "عدد آيات سورة الملك؟", "a": "30", "o": ["30", "29", "31", "28"] },
    { "q": "أول سورة نزلت كاملة؟", "a": "المدثر (وقيل الفاتحة)", "o": ["المدثر", "الفاتحة", "العلق", "المزمل"] },
    { "q": "آخر سورة نزلت كاملة؟", "a": "النصر", "o": ["النصر", "المائدة", "التوبة", "البقرة"] },
    { "q": "آية نزلت في جوف الكعبة؟", "a": "إن الله يأمركم...", "o": ["إن الله يأمركم...", "اليوم أكملت...", "واتقوا يوماً...", "آمن الرسول..."] },
    { "q": "سورة تسمى (أخت الطويلتين)؟", "a": "الأعراف", "o": ["الأعراف", "يونس", "هود", "يوسف"] },
    { "q": "سورة تسمى (الطامة)؟", "a": "النازعات", "o": ["النازعات", "عبس", "التكوير", "الانفطار"] },
    { "q": "سورة تسمى (الصاخة)؟", "a": "عبس", "o": ["عبس", "النازعات", "التكوير", "الانفطار"] },
    { "q": "التي تجادلك في زوجها هي؟", "a": "خولة بنت ثعلبة", "o": ["خولة بنت ثعلبة", "عائشة", "حفصة", "أم سلمة"] },
    { "q": "النبي الذي ذكر في سورة القلم؟", "a": "يونس", "o": ["يونس", "نوح", "لوط", "صالح"] },
    { "q": "قوم ذكروا في سورة البروج؟", "a": "أصحاب الأخدود", "o": ["أصحاب الأخدود", "أصحاب الفيل", "أصحاب الكهف", "أصحاب الرس"] },
    { "q": "أكثر سورة ذكر فيها الأنبياء؟", "a": "الأنعام", "o": ["الأنعام", "الأنبياء", "الشعراء", "الصافات"] },
    { "q": "السورة التي تسمى (جامعة البينات)؟", "a": "الأنعام", "o": ["الأنعام", "المائدة", "الأعراف", "يونس"] }
  ]
}