{
  "type": "sports",
  "sub": "global",
  "easy": [
    { "q": "أكثر نادٍ حقق دوري أبطال أوروبا؟", "a": "ريال مدريد", "o": ["ريال مدريد", "ميلان", "بايرن", "ليفربول"] },
    { "q": "أكثر لاعب حقق الكرة الذهبية؟", "a": "ميسي", "o": ["ميسي", "رونالدو", "مارادونا", "بيليه"] },
    { "q": "لقب يوفنتوس؟", "a": "السيدة العجوز", "o": ["السيدة العجوز", "الذئاب", "الشياطين", "الأفاعي"] },
    { "q": "ملعب مانشستر يونايتد؟", "a": "أولد ترافورد", "o": ["أولد ترافورد", "أنفيلد", "الإتحاد", "ويمبلي"] },
    { "q": "الهداف التاريخي لكرة القدم؟", "a": "كريستيانو رونالدو", "o": ["رونالدو", "ميسي", "بيليه", "روماريو"] },
    { "q": "مدة الشوط الواحد؟", "a": "45 دقيقة", "o": ["45 دقيقة", "90 دقيقة", "30 دقيقة", "60 دقيقة"] },
    { "q": "البطاقة الحمراء تعني؟", "a": "طرد", "o": ["طرد", "إنذار", "تسلل", "ركلة جزاء"] },
    { "q": "شعار فالنسيا؟", "a": "خفاش", "o": ["خفاش", "أسد", "نسر", "ذئب"] },
    { "q": "جنسية هالاند؟", "a": "نرويجي", "o": ["نرويجي", "سويدي", "ألماني", "دنماركي"] },
    { "q": "جنسية محمد صلاح؟", "a": "مصري", "o": ["مصري", "جزائري", "مغربي", "تونسي"] },
    { "q": "المدرب التاريخي لمانشستر يونايتد؟", "a": "فيرجسون", "o": ["فيرجسون", "فينغر", "مورينيو", "جوارديولا"] },
    { "q": "لقب منتخب البرازيل؟", "a": "السامبا", "o": ["السامبا", "التانغو", "الديوك", "الماكينات"] },
    { "q": "لقب منتخب الأرجنتين؟", "a": "التانغو", "o": ["التانغو", "السامبا", "الماتادور", "الأزوري"] },
    { "q": "لقب منتخب إيطاليا؟", "a": "الأزوري", "o": ["الأزوري", "الديوك", "الشياطين", "الطواحين"] },
    { "q": "لقب منتخب هولندا؟", "a": "الطواحين", "o": ["الطواحين", "السامبا", "الساعات", "النسور"] },
    { "q": "أكبر ملعب في أوروبا؟", "a": "كامب نو", "o": ["كامب نو", "ويمبلي", "سانتياغو برنابيو", "أليانز"] },
    { "q": "عدد اللاعبين في الفريق الواحد؟", "a": "11", "o": ["11", "10", "12", "7"] },
    { "q": "منطقة الجزاء تسمى؟", "a": "الـ 18", "o": ["الـ 18", "الـ 6", "الـ 9", "الـ 20"] },
    { "q": "ضربة الجزاء تسدد من مسافة؟", "a": "11 متر", "o": ["11 متر", "9 متر", "16 متر", "20 متر"] },
    { "q": "اللاعب رقم 12 هو؟", "a": "الجمهور", "o": ["الجمهور", "الحكم", "المدرب", "الاحتياط"] },
    { "q": "الدوري الإنجليزي يسمى؟", "a": "البريميرليج", "o": ["البريميرليج", "الليجا", "الكالتشيو", "بوندسليجا"] },
    { "q": "الدوري الإسباني يسمى؟", "a": "الليجا", "o": ["الليجا", "البريميرليج", "سيري آ", "ليج 1"] },
    { "q": "الدوري الإيطالي يسمى؟", "a": "الكالتشيو", "o": ["الكالتشيو", "الليجا", "البريميرليج", "بوندسليجا"] },
    { "q": "ألوان قميص ميلان؟", "a": "أحمر وأسود", "o": ["أحمر وأسود", "أزرق وأسود", "أبيض وأسود", "أحمر وأبيض"] },
    { "q": "ألوان قميص إنتر؟", "a": "أزرق وأسود", "o": ["أزرق وأسود", "أحمر وأسود", "أزرق وأبيض", "بنفسجي"] },
    { "q": "ألوان قميص يوفنتوس؟", "a": "أبيض وأسود", "o": ["أبيض وأسود", "أحمر وأسود", "أزرق وأسود", "أصفر"] },
    { "q": "نادي ليفربول يلقب بـ؟", "a": "الريدز", "o": ["الريدز", "البلوز", "السبيرز", "المدفعجية"] },
    { "q": "نادي تشيلسي يلقب بـ؟", "a": "البلوز", "o": ["البلوز", "الريدز", "الشياطين", "القديسين"] },
    { "q": "نادي أرسنال يلقب بـ؟", "a": "المدفعجية", "o": ["المدفعجية", "المطارق", "الثعالب", "الذئاب"] },
    { "q": "نادي مانشستر سيتي يلقب بـ؟", "a": "السيتيزنز", "o": ["السيتيزنز", "الشياطين", "البلوز", "الريدز"] }
  ],
  "medium": [
    { "q": "الحكم الأصلع الشهير؟", "a": "كولينا", "o": ["كولينا", "ويب", "ريتزولي", "الغامدي"] },
    { "q": "صاحب هدف الريمونتادا (الـ 6)؟", "a": "سيرجي روبيرتو", "o": ["سيرجي روبيرتو", "نيمار", "ميسي", "انييستا"] },
    { "q": "عض كيليني في المونديال؟", "a": "سواريز", "o": ["سواريز", "تايسون", "كوستا", "بيبي"] },
    { "q": "سجل 5 أهداف في 9 دقائق؟", "a": "ليفاندوفسكي", "o": ["ليفاندوفسكي", "هالاند", "ميسي", "أجويرو"] },
    { "q": "المدرب (سبيشال وان)؟", "a": "مورينيو", "o": ["مورينيو", "جوارديولا", "كلوب", "كونتي"] },
    { "q": "نطح ماتيرازي؟", "a": "زيدان", "o": ["زيدان", "هنري", "كانتونا", "فييرا"] },
    { "q": "ألقي عليه رأس خنزير؟", "a": "فيجو", "o": ["فيجو", "رونالدو", "انريكي", "لاودروب"] },
    { "q": "معلق (يا رباه)؟", "a": "فارس عوض", "o": ["فارس عوض", "الشوالي", "خليف", "الدراجي"] },
    { "q": "معلق (شيل شيل يا طويل العمر)؟", "a": "خليل البلوشي", "o": ["خليل البلوشي", "فارس عوض", "يوسف سيف", "عامر"] },
    { "q": "دوري اللاهزيمة (الذهبي)؟", "a": "أرسنال", "o": ["أرسنال", "السيتي", "تشيلسي", "ليفربول"] },
    { "q": "الهداف التاريخي للأبطال؟", "a": "رونالدو", "o": ["رونالدو", "ميسي", "ليفا", "بنزيمة"] },
    { "q": "أغلى صفقة في التاريخ (حتى 2024)؟", "a": "نيمار", "o": ["نيمار", "مبابي", "رونالدو", "بوجبا"] },
    { "q": "فريق (Invincibles)؟", "a": "أرسنال", "o": ["أرسنال", "ميلان", "يوفنتوس", "أياكس"] },
    { "q": "جنسية مودريتش؟", "a": "كرواتي", "o": ["كرواتي", "صربي", "بوسني", "روسي"] },
    { "q": "جنسية ليفاندوفسكي؟", "a": "بولندي", "o": ["بولندي", "ألماني", "روسي", "تشيكي"] },
    { "q": "نادي (الغواصات الصفراء)؟", "a": "فياريال", "o": ["فياريال", "دورتموند", "قادش", "واتفورد"] },
    { "q": "ديربي الغضب يجمع؟", "a": "ميلان وإنتر", "o": ["ميلان وإنتر", "ريال وبرشلونة", "يونايتد وسيتي", "روما ولاتسيو"] },
    { "q": "ديربي الميرسيسايد؟", "a": "ليفربول وإيفرتون", "o": ["ليفربول وإيفرتون", "يونايتد وليدز", "أرسنال وتوتنهام", "سيتي ويونايتد"] },
    { "q": "الكلاسيكو يجمع؟", "a": "ريال وبرشلونة", "o": ["ريال وبرشلونة", "بايرن ودورتموند", "ميلان وإنتر", "بوكا وريفر"] },
    { "q": "السوبر كلاسيكو؟", "a": "بوكا وريفر بليت", "o": ["بوكا وريفر", "ريال وبرشا", "البرازيل والأرجنتين", "إنجلترا وألمانيا"] },
    { "q": "ملعب (الجوهرة المشعة) في؟", "a": "جدة", "o": ["جدة", "الرياض", "الدمام", "أبها"] },
    { "q": "ملعب (ويمبلي) في؟", "a": "لندن", "o": ["لندن", "باريس", "برلين", "روما"] },
    { "q": "ملعب (سان سيرو) في؟", "a": "ميلانو", "o": ["ميلانو", "تورينو", "روما", "نابولي"] },
    { "q": "الفائز بدوري الأبطال 2005؟", "a": "ليفربول", "o": ["ليفربول", "ميلان", "يوفنتوس", "برشلونة"] },
    { "q": "جائزة أفضل لاعب شاب؟", "a": "الفتى الذهبي", "o": ["الفتى الذهبي", "كوبا", "ياشين", "بوشكاش"] },
    { "q": "جائزة أجمل هدف؟", "a": "بوشكاش", "o": ["بوشكاش", "الكرة الذهبية", "ياشين", "ذا بيست"] },
    { "q": "حارس سجل أكثر من 100 هدف؟", "a": "روجيريو سيني", "o": ["روجيريو سيني", "شيلافرت", "كامبوس", "هيجويتا"] },
    { "q": "نادي القرن العشرين في أفريقيا؟", "a": "الأهلي المصري", "o": ["الأهلي", "الزمالك", "الترجي", "الرجاء"] },
    { "q": "نادي القرن في آسيا؟", "a": "الهلال", "o": ["الهلال", "النصر", "الاتحاد", "بوهانج"] },
    { "q": "نادي القرن في أوروبا؟", "a": "ريال مدريد", "o": ["ريال مدريد", "ميلان", "بايرن", "ليفربول"] }
  ],
  "hard": [
    { "q": "حارس فاز بالكرة الذهبية؟", "a": "ليف ياشين", "o": ["ياشين", "بوفون", "نوير", "كاسياس"] },
    { "q": "فاز بالأبطال مرتين وهبط؟", "a": "نوتينغهام فورست", "o": ["نوتينغهام", "ليدز", "أستون فيلا", "هامبورغ"] },
    { "q": "سجل هدف (أجويرووو)؟", "a": "أجويرو", "o": ["أجويرو", "دزيكو", "بالوتيلي", "سيلفا"] },
    { "q": "درب وفاز بالأبطال 3 مرات متتالية؟", "a": "زيدان", "o": ["زيدان", "جوارديولا", "أنشيلوتي", "مورينيو"] },
    { "q": "لعب لميلان وإنتر ويوفي؟", "a": "إبراهيموفيتش", "o": ["إبراهيموفيتش", "رونالدو", "باجيو", "توتي"] },
    { "q": "هدف يد الله سجله؟", "a": "مارادونا", "o": ["مارادونا", "ميسي", "بيليه", "زيكو"] },
    { "q": "عدد التبديلات حالياً؟", "a": "5", "o": ["5", "3", "4", "6"] },
    { "q": "اللاعب الملقب بالظاهرة؟", "a": "رونالدو البرازيلي", "o": ["رونالدو", "ميسي", "مبابي", "نيمار"] },
    { "q": "حقق كأس العالم للأندية مع 3 فرق؟", "a": "كوفاسيتش", "o": ["كوفاسيتش", "رونالدو", "كروس", "ألابا"] },
    { "q": "أكثر لاعب حقق الأبطال (6 مرات)؟", "a": "خينتو (و كارفاخال)", "o": ["خينتو", "رونالدو", "ميسي", "مالديني"] },
    { "q": "أكثر مدرب حقق دوري الأبطال؟", "a": "أنشيلوتي", "o": ["أنشيلوتي", "زيدان", "بيب", "فيرجسون"] },
    { "q": "نادي السيدة العجوز؟", "a": "يوفنتوس", "o": ["يوفنتوس", "تورينو", "روما", "نابولي"] },
    { "q": "أول من حقق السداسية التاريخية؟", "a": "برشلونة", "o": ["برشلونة", "بايرن", "سيتي", "ريال"] },
    { "q": "المدرب الذي حقق الدوري مع ليستر؟", "a": "رانييري", "o": ["رانييري", "كونتي", "مانشيني", "ساري"] },
    { "q": "الملعب الذي يتسع لأكثر عدد؟", "a": "ملعب كوريا الشمالية (ماي دي)", "o": ["ماي دي", "كامب نو", "ماراكانا", "ويمبلي"] },
    { "q": "أكبر نتيجة في تاريخ كاس العالم؟", "a": "10-1 (المجر)", "o": ["10-1", "9-0", "7-1", "8-0"] },
    { "q": "أول منتخب عربي شارك بالمونديال؟", "a": "مصر", "o": ["مصر", "المغرب", "تونس", "السعودية"] },
    { "q": "أول منتخب عربي وصل دور الـ 16؟", "a": "المغرب (86)", "o": ["المغرب", "السعودية", "الجزائر", "مصر"] },
    { "q": "أول منتخب عربي وصل نصف النهائي؟", "a": "المغرب", "o": ["المغرب", "مصر", "السعودية", "تونس"] },
    { "q": "صاحب أسرع هدف في المونديال؟", "a": "هاكان شوكور", "o": ["هاكان", "مبابي", "ميسي", "كلوزه"] },
    { "q": "أكثر لاعب سجل في نسخة واحدة؟", "a": "فونتين (13)", "o": ["فونتين", "ميسي", "رونالدو", "مولر"] },
    { "q": "الهداف التاريخي للمونديال؟", "a": "كلوزه", "o": ["كلوزه", "رونالدو", "ميسي", "بيليه"] },
    { "q": "اللاعب الوحيد الذي فاز بـ 3 مونديالات؟", "a": "بيليه", "o": ["بيليه", "مارادونا", "زيدان", "كافو"] },
    { "q": "منتخب لم يغب عن المونديال؟", "a": "البرازيل", "o": ["البرازيل", "ألمانيا", "الأرجنتين", "إيطاليا"] },
    { "q": "الدولة التي استضافت المونديال 2010؟", "a": "جنوب أفريقيا", "o": ["جنوب أفريقيا", "البرازيل", "ألمانيا", "قطر"] },
    { "q": "نهائي مونديال 2006 طرد فيه؟", "a": "زيدان", "o": ["زيدان", "ماتيرازي", "توتي", "هنري"] },
    { "q": "بطل مونديال 2010؟", "a": "إسبانيا", "o": ["إسبانيا", "هولندا", "ألمانيا", "البرازيل"] },
    { "q": "بطل مونديال 2014؟", "a": "ألمانيا", "o": ["ألمانيا", "الأرجنتين", "البرازيل", "فرنسا"] },
    { "q": "بطل مونديال 2018؟", "a": "فرنسا", "o": ["فرنسا", "كرواتيا", "بلجيكا", "إنجلترا"] },
    { "q": "بطل مونديال 2022؟", "a": "الأرجنتين", "o": ["الأرجنتين", "فرنسا", "المغرب", "كرواتيا"] }
  ]
}