{
  "type": "sports",
  "sub": "history",
  "easy": [
    { "q": "الأكثر تتويجاً بكأس العالم؟", "a": "البرازيل", "o": ["البرازيل", "ألمانيا", "إيطاليا", "الأرجنتين"] },
    { "q": "الهداف التاريخي للمونديال؟", "a": "كلوزه", "o": ["كلوزه", "رونالدو", "ميسي", "بيليه"] },
    { "q": "بطل مونديال 2022؟", "a": "الأرجنتين", "o": ["الأرجنتين", "فرنسا", "كرواتيا", "المغرب"] },
    { "q": "بطل مونديال 2018؟", "a": "فرنسا", "o": ["فرنسا", "كرواتيا", "بلجيكا", "إنجلترا"] },
    { "q": "بطل مونديال 2014؟", "a": "ألمانيا", "o": ["ألمانيا", "الأرجنتين", "البرازيل", "هولندا"] },
    { "q": "بطل مونديال 2010؟", "a": "إسبانيا", "o": ["إسبانيا", "هولندا", "ألمانيا", "أوروغواي"] },
    { "q": "بطل مونديال 2006؟", "a": "إيطاليا", "o": ["إيطاليا", "فرنسا", "ألمانيا", "البرتغال"] },
    { "q": "بطل مونديال 2002؟", "a": "البرازيل", "o": ["البرازيل", "ألمانيا", "تركيا", "كوريا"] },
    { "q": "بطل مونديال 1998؟", "a": "فرنسا", "o": ["فرنسا", "البرازيل", "كرواتيا", "هولندا"] },
    { "q": "صاحب هدف (يد الله)؟", "a": "مارادونا", "o": ["مارادونا", "ميسي", "بيليه", "روماريو"] },
    { "q": "نطح ماتيرازي؟", "a": "زيدان", "o": ["زيدان", "هنري", "توتي", "بوفون"] },
    { "q": "أول دولة عربية استضافت المونديال؟", "a": "قطر", "o": ["قطر", "مصر", "المغرب", "السعودية"] },
    { "q": "خسر 7-1 في 2014؟", "a": "البرازيل", "o": ["البرازيل", "ألمانيا", "الأرجنتين", "إسبانيا"] },
    { "q": "فاز بالمونديال 3 مرات (لاعب)؟", "a": "بيليه", "o": ["بيليه", "مارادونا", "كافو", "رونالدو"] },
    { "q": "أول بطل لكأس العالم (1930)؟", "a": "أوروغواي", "o": ["أوروغواي", "الأرجنتين", "البرازيل", "إيطاليا"] },
    { "q": "عدد ألقاب البرازيل؟", "a": "5", "o": ["5", "4", "3", "6"] },
    { "q": "عدد ألقاب ألمانيا؟", "a": "4", "o": ["4", "5", "3", "2"] },
    { "q": "عدد ألقاب إيطاليا؟", "a": "4", "o": ["4", "5", "3", "2"] },
    { "q": "عدد ألقاب الأرجنتين؟", "a": "3", "o": ["3", "2", "4", "1"] },
    { "q": "عدد ألقاب فرنسا؟", "a": "2", "o": ["2", "1", "3", "4"] },
    { "q": "أكثر دولة استضافت المونديال؟", "a": "المكسيك (والبرازيل/إيطاليا/فرنسا/ألمانيا 2)", "o": ["المكسيك", "إنجلترا", "إسبانيا", "الأرجنتين"] },
    { "q": "يقام كأس العالم كل؟", "a": "4 سنوات", "o": ["4 سنوات", "سنتين", "3 سنوات", "5 سنوات"] },
    { "q": "الكرة الذهبية 2014؟", "a": "ميسي", "o": ["ميسي", "مولر", "روبن", "خاميس"] },
    { "q": "الكرة الذهبية 2010؟", "a": "فورلان", "o": ["فورلان", "شنايدر", "إنييستا", "تشافي"] },
    { "q": "الكرة الذهبية 2006؟", "a": "زيدان", "o": ["زيدان", "كانافارو", "بوفون", "بيرلو"] },
    { "q": "الكرة الذهبية 2002؟", "a": "أوليفر كان", "o": ["كان", "رونالدو", "ريفالدو", "كلوزه"] },
    { "q": "الكرة الذهبية 1998؟", "a": "رونالدو", "o": ["رونالدو", "زيدان", "سوكر", "تورام"] },
    { "q": "الحذاء الذهبي 2002 (الهداف)؟", "a": "رونالدو", "o": ["رونالدو", "كلوزه", "ريفالدو", "فييري"] },
    { "q": "الحذاء الذهبي 2014 (الهداف)؟", "a": "خاميس رودريغيز", "o": ["خاميس", "مولر", "ميسي", "نيمار"] },
    { "q": "الحذاء الذهبي 2018 (الهداف)؟", "a": "هاري كين", "o": ["هاري كين", "مبابي", "غريزمان", "لوكاكو"] }
  ],
  "medium": [
    { "q": "ضيع ضربة جزاء في نهائي 94؟", "a": "روبيرتو باجيو", "o": ["باجيو", "باريزي", "ماصارو", "روماريو"] },
    { "q": "سجل هدف الفوز في 2010؟", "a": "إنييستا", "o": ["إنييستا", "تشافي", "فيا", "توريس"] },
    { "q": "سجل هدف الفوز في 2014؟", "a": "غوتزه", "o": ["غوتزه", "مولر", "كلوزه", "شورله"] },
    { "q": "حارس ألمانيا 2002؟", "a": "أوليفر كان", "o": ["أوليفر كان", "ليمان", "كوبكه", "نوير"] },
    { "q": "حارس إسبانيا 2010؟", "a": "كاسياس", "o": ["كاسياس", "فالديز", "رينا", "دي خيا"] },
    { "q": "حارس إيطاليا 2006؟", "a": "بوفون", "o": ["بوفون", "تولدو", "بيروتزي", "دوناروما"] },
    { "q": "حارس فرنسا 1998؟", "a": "بارتيز", "o": ["بارتيز", "لوريس", "مانداندا", "كويه"] },
    { "q": "مدرب البرازيل 2002؟", "a": "سكولاري", "o": ["سكولاري", "بيريرا", "دونغا", "تيتي"] },
    { "q": "مدرب إسبانيا 2010؟", "a": "ديل بوسكي", "o": ["ديل بوسكي", "أراغونيس", "إنريكي", "لوبيتيغي"] },
    { "q": "مدرب فرنسا 1998؟", "a": "إيمي جاكيه", "o": ["جاكيه", "لومير", "دومينيك", "بلان"] },
    { "q": "أسرع هدف في المونديال؟", "a": "هاكان شوكور", "o": ["هاكان", "مبابي", "ديمبسي", "كلوزه"] },
    { "q": "أكبر لاعب سناً (2018)؟", "a": "الحضري", "o": ["الحضري", "ميلا", "موندراغون", "ماركيز"] },
    { "q": "أكثر لاعب سجل في نسخة واحدة (13)؟", "a": "فونتين", "o": ["فونتين", "كوتشيش", "مولر", "رونالدو"] },
    { "q": "أول منتخب أفريقي في نصف النهائي؟", "a": "المغرب", "o": ["المغرب", "غانا", "السنغال", "الكاميرون"] },
    { "q": "أول منتخب آسيوي في نصف النهائي؟", "a": "كوريا الجنوبية", "o": ["كوريا", "اليابان", "السعودية", "إيران"] },
    { "q": "لقب منتخب بلجيكا؟", "a": "الشياطين الحمر", "o": ["الشياطين", "الديوك", "الطواحين", "الأسود"] },
    { "q": "لقب منتخب الكاميرون؟", "a": "الأسود غير المروضة", "o": ["الأسود", "النسور", "الفيلة", "النجوم"] },
    { "q": "لقب منتخب مصر؟", "a": "الفراعنة", "o": ["الفراعنة", "النسور", "أسود الأطلس", "محاربو الصحراء"] },
    { "q": "لقب منتخب المغرب؟", "a": "أسود الأطلس", "o": ["أسود الأطلس", "النسور", "الفراعنة", "الخضر"] },
    { "q": "لقب منتخب السعودية؟", "a": "الصقور الخضر", "o": ["الصقور", "النسور", "الأسود", "النشامى"] },
    { "q": "لقب منتخب تونس؟", "a": "نسور قرطاج", "o": ["نسور قرطاج", "الفراعنة", "الخضر", "المرابطون"] },
    { "q": "لقب منتخب الجزائر؟", "a": "محاربو الصحراء", "o": ["محاربو الصحراء", "الأسود", "النسور", "الثعالب"] },
    { "q": "لقب منتخب السنغال؟", "a": "أسود التيرانجا", "o": ["التيرانجا", "الأطلس", "الكاميرون", "غانا"] },
    { "q": "خسر النهائي 3 مرات ولم يفز؟", "a": "هولندا", "o": ["هولندا", "ألمانيا", "الأرجنتين", "فرنسا"] },
    { "q": "فضيحة خيخون كانت بين؟", "a": "ألمانيا والنمسا", "o": ["ألمانيا والنمسا", "البرازيل والأرجنتين", "إيطاليا وفرنسا", "إنجلترا واسكتلندا"] },
    { "q": "المنتخب الذي رفض اللعب ضد إسرائيل (1958)؟", "a": "تركيا (وإندونيسيا والسودان)", "o": ["تركيا", "إيطاليا", "البرازيل", "السويد"] },
    { "q": "لاعب كولومبي قتل بسبب هدف عكسي؟", "a": "إسكوبار", "o": ["إسكوبار", "فالديراما", "أسبريلا", "هيغويتا"] },
    { "q": "هداف مونديال 1990؟", "a": "سكيلاتشي", "o": ["سكيلاتشي", "مولر", "لينيكر", "باجيو"] },
    { "q": "هداف مونديال 1986؟", "a": "لينيكر", "o": ["لينيكر", "مارادونا", "فالدانو", "بلاتيني"] },
    { "q": "هداف مونديال 1982؟", "a": "باولو روسي", "o": ["روسي", "رومينيغه", "زيكو", "بونييك"] }
  ],
  "hard": [
    { "q": "بطل مونديال 1934؟", "a": "إيطاليا", "o": ["إيطاليا", "أوروغواي", "البرازيل", "المجر"] },
    { "q": "بطل مونديال 1938؟", "a": "إيطاليا", "o": ["إيطاليا", "المجر", "البرازيل", "فرنسا"] },
    { "q": "بطل مونديال 1954؟", "a": "ألمانيا الغربية", "o": ["ألمانيا", "المجر", "البرازيل", "أوروغواي"] },
    { "q": "معجزة بيرن (1954) كانت ضد؟", "a": "المجر", "o": ["المجر", "ألمانيا", "إيطاليا", "إنجلترا"] },
    { "q": "بطل مونديال 1966؟", "a": "إنجلترا", "o": ["إنجلترا", "ألمانيا", "البرازيل", "البرتغال"] },
    { "q": "بطل مونديال 1978؟", "a": "الأرجنتين", "o": ["الأرجنتين", "هولندا", "ألمانيا", "البرازيل"] },
    { "q": "لاعب فاز بالمونديال كلاعب ومدرب؟", "a": "بيكنباور (و ديشامب و زاغالو)", "o": ["بيكنباور", "كرويف", "مارادونا", "زيدان"] },
    { "q": "المدرب الذي فاز بلقبين (34 و 38)؟", "a": "فيتوريو بوتسو", "o": ["بوتسو", "زاغالو", "شون", "هيربيرغر"] },
    { "q": "المنتخب الذي لعب 3 نهائيات متتالية؟", "a": "ألمانيا (و البرازيل)", "o": ["ألمانيا", "إيطاليا", "هولندا", "الأرجنتين"] },
    { "q": "هداف مونديال 1978؟", "a": "ماريو كيمبس", "o": ["كيمبس", "روني", "نيلسكنز", "لوكي"] },
    { "q": "أول منتخب عربي فاز بمباراة (78)؟", "a": "تونس", "o": ["تونس", "المغرب", "مصر", "الجزائر"] },
    { "q": "أول منتخب عربي تأهل (34)؟", "a": "مصر", "o": ["مصر", "المغرب", "تونس", "السعودية"] },
    { "q": "المنتخب الذي صدم العالم في 2002 (المركز 3)؟", "a": "تركيا", "o": ["تركيا", "كوريا", "السنغال", "أمريكا"] },
    { "q": "الكرة الذهبية 1990؟", "a": "سكيلاتشي", "o": ["سكيلاتشي", "ماتيوس", "مارادونا", "جاسكوين"] },
    { "q": "الكرة الذهبية 1994؟", "a": "روماريو", "o": ["روماريو", "باجيو", "ستويتشكوف", "بيبيتو"] },
    { "q": "أين أقيم مونديال 1994؟", "a": "أمريكا", "o": ["أمريكا", "إيطاليا", "فرنسا", "المكسيك"] },
    { "q": "أين أقيم مونديال 1986؟", "a": "المكسيك", "o": ["المكسيك", "كولومبيا", "إسبانيا", "إيطاليا"] },
    { "q": "الدولة التي استبدلت كولومبيا 86؟", "a": "المكسيك", "o": ["المكسيك", "أمريكا", "كندا", "البرازيل"] },
    { "q": "مباراة العار (1982) أهلت؟", "a": "ألمانيا والنمسا", "o": ["ألمانيا والنمسا", "الجزائر", "شيلي", "إيطاليا"] },
    { "q": "حكم نهائي 2002؟", "a": "كولينا", "o": ["كولينا", "ويب", "ريتزولي", "بوجسيم"] }
  ]
}