{
  "type": "sports",
  "sub": "mixed",
  "easy": [
    { "q": "رقم مايكل جوردان؟", "a": "23", "o": ["23", "10", "9", "99"] },
    { "q": "أسرع رجل في العالم؟", "a": "يوسين بولت", "o": ["بولت", "غاي", "لويس", "غاتلين"] },
    { "q": "عدد لاعبي السلة (في الملعب)؟", "a": "5", "o": ["5", "6", "11", "7"] },
    { "q": "عدد لاعبي اليد (في الملعب)؟", "a": "7", "o": ["7", "6", "5", "11"] },
    { "q": "عدد لاعبي الطائرة (في الملعب)؟", "a": "6", "o": ["6", "5", "7", "11"] },
    { "q": "لون كرة التنس؟", "a": "أصفر", "o": ["أصفر", "أبيض", "برتقالي", "أحمر"] },
    { "q": "لون كرة السلة؟", "a": "برتقالي", "o": ["برتقالي", "أبيض", "أسود", "أصفر"] },
    { "q": "أسطورة الملاكمة (الأعظم)؟", "a": "محمد علي كلاي", "o": ["محمد علي", "تايسون", "فرايزر", "جوشوا"] },
    { "q": "الرجل الحديدي (ملاكمة)؟", "a": "مايك تايسون", "o": ["تايسون", "هوليفيلد", "علي", "فورمان"] },
    { "q": "رياضة تايغر وودز؟", "a": "الغولف", "o": ["الغولف", "التنس", "السلة", "السباحة"] },
    { "q": "رياضة مايكل شوماخر؟", "a": "فورمولا 1", "o": ["فورمولا 1", "موتو جي بي", "رالي", "دراجات"] },
    { "q": "شعار الألعاب الأولمبية؟", "a": "5 حلقات", "o": ["5 حلقات", "3 نجوم", "شعلة", "نسر"] },
    { "q": "أين أقيمت أول أولمبياد؟", "a": "أثينا", "o": ["أثينا", "روما", "باريس", "لندن"] },
    { "q": "الرمية الحرة في السلة تساوي؟", "a": "نقطة واحدة", "o": ["نقطة", "نقطتين", "3 نقاط", "4 نقاط"] },
    { "q": "الرمية من خارج القوس (سلة)؟", "a": "3 نقاط", "o": ["3 نقاط", "نقطتين", "نقطة", "4 نقاط"] },
    { "q": "فريق فيراري يشارك في؟", "a": "فورمولا 1", "o": ["فورمولا 1", "رالي", "موتو جي بي", "ناسكار"] },
    { "q": "لون سيارات فيراري؟", "a": "أحمر", "o": ["أحمر", "أصفر", "فضي", "أسود"] },
    { "q": "لون سيارات مرسيدس (F1)؟", "a": "فضي / أسود", "o": ["فضي", "أحمر", "أزرق", "برتقالي"] },
    { "q": "ملك الملاعب الترابية (تنس)؟", "a": "نادال", "o": ["نادال", "فيدرير", "دجوكوفيتش", "موراي"] },
    { "q": "المايسترو (تنس)؟", "a": "فيدرير", "o": ["فيدرير", "نادال", "دجوكوفيتش", "أغاسي"] },
    { "q": "أعظم سباح في التاريخ؟", "a": "مايكل فيلبس", "o": ["فيلبس", "ثورب", "سبيتز", "لوكتي"] },
    { "q": "طول حمام السباحة الأولمبي؟", "a": "50 متر", "o": ["50 متر", "25 متر", "100 متر", "10 متر"] },
    { "q": "مسافة الماراثون؟", "a": "42 كم", "o": ["42 كم", "10 كم", "5 كم", "100 كم"] },
    { "q": "رياضة تستخدم (عصا وعشب وحفرة)؟", "a": "الغولف", "o": ["الغولف", "البلياردو", "هوكي", "كريكيت"] },
    { "q": "رياضة تستخدم (مضرب وريشة)؟", "a": "تنس الريشة", "o": ["تنس الريشة", "تنس", "سكواش", "بينج بونج"] },
    { "q": "رياضة تستخدم (طاولة ومضربين وكرة صغيرة)؟", "a": "تنس الطاولة", "o": ["تنس الطاولة", "تنس", "بلياردو", "هوكي"] },
    { "q": "أقوى دوري سلة في العالم؟", "a": "NBA", "o": ["NBA", "NFL", "NHL", "MLB"] },
    { "q": "سوبر بول هي نهائي؟", "a": "كرة القدم الأمريكية", "o": ["القدم الأمريكية", "السلة", "البيسبول", "الهوكي"] },
    { "q": "كأس ديفيز خاص بـ؟", "a": "التنس", "o": ["التنس", "الغولف", "السلة", "اليد"] },
    { "q": "كأس العالم لليد 2015 كانت في؟", "a": "قطر", "o": ["قطر", "فرنسا", "مصر", "ألمانيا"] }
  ],
  "medium": [
    { "q": "الضربة القاضية تسمى؟", "a": "KO", "o": ["KO", "OK", "PK", "WC"] },
    { "q": "النقاط الكاملة في البولينج؟", "a": "سترايك", "o": ["سترايك", "سبير", "فل", "هوم"] },
    { "q": "مضمار الفورمولا 1 يسمى؟", "a": "حلبة", "o": ["حلبة", "ملعب", "ميدان", "ساحة"] },
    { "q": "سيارة الأمان (Safety Car) توجد في؟", "a": "سباق السيارات", "o": ["السيارات", "الخيل", "الدراجات", "القوارب"] },
    { "q": "طواف فرنسا (Tour de France) لـ؟", "a": "الدراجات", "o": ["الدراجات", "السيارات", "العدائين", "السباحة"] },
    { "q": "حزام (WWE) خاص بـ؟", "a": "المصارعة الحرة", "o": ["المصارعة", "الملاكمة", "الجودو", "الكاراتيه"] },
    { "q": "رياضة البيج رامي؟", "a": "كمال الأجسام", "o": ["كمال الأجسام", "رفع الأثقال", "المصارعة", "الجودو"] },
    { "q": "مستر أولمبيا هي بطولة؟", "a": "كمال أجسام", "o": ["كمال أجسام", "سباحة", "جري", "جمباز"] },
    { "q": "رياضة (نسيم حميد)؟", "a": "الملاكمة", "o": ["الملاكمة", "المصارعة", "الكاراتيه", "التايكوندو"] },
    { "q": "رياضة (حبيب نورمحمدوف)؟", "a": "فنون قتالية (MMA)", "o": ["MMA", "ملاكمة", "مصارعة حرة", "سلة"] },
    { "q": "الملعب الرئيسي للتنس في باريس؟", "a": "رولان جاروس", "o": ["رولان جاروس", "ويمبلدون", "فلاشينغ", "أستراليا"] },
    { "q": "الملعب الرئيسي للتنس في لندن؟", "a": "ويمبلدون", "o": ["ويمبلدون", "رولان جاروس", "أمريكا", "أستراليا"] },
    { "q": "أكثر من حقق لقب فورمولا 1 (7 مرات)؟", "a": "هاميلتون وشوماخر", "o": ["هاميلتون", "فيتيل", "ألونسو", "فيرستابن"] },
    { "q": "الدراجات النارية تسمى؟", "a": "موتو جي بي", "o": ["موتو جي بي", "فورمولا 1", "رالي", "كارتينج"] },
    { "q": "الأسطورة فالنتينو روسي يلقب بـ؟", "a": "الدكتور", "o": ["الدكتور", "البروفيسور", "المهندس", "الطيار"] },
    { "q": "فريق ليبرون جيمس التاريخي؟", "a": "ليكرز (أو هيت/كافز)", "o": ["ليكرز", "بولز", "سيلتيكس", "نيكس"] },
    { "q": "فريق مايكل جوردان؟", "a": "شيكاغو بولز", "o": ["شيكاغو بولز", "ليكرز", "سيلتيكس", "ماجيك"] },
    { "q": "فريق ستيفن كاري؟", "a": "غولدين ستيت", "o": ["غولدين ستيت", "ليكرز", "بولز", "هيت"] },
    { "q": "كأس ستانلي خاص بـ؟", "a": "هوكي الجليد", "o": ["هوكي الجليد", "البيسبول", "السلة", "القدم"] },
    { "q": "الرياضة الوطنية في أمريكا؟", "a": "البيسبول (أو القدم الأمريكية)", "o": ["البيسبول", "السلة", "التنس", "السباحة"] },
    { "q": "الرياضة الوطنية في الهند؟", "a": "الكريكت", "o": ["الكريكت", "القدم", "السلة", "الهوكي"] },
    { "q": "الكرة السوداء في البلياردو (رقم)؟", "a": "8", "o": ["8", "1", "9", "15"] },
    { "q": "أقصى نتيجة في السنوكر؟", "a": "147", "o": ["147", "100", "155", "180"] },
    { "q": "رياضة (رمي السهم)؟", "a": "الدارتس", "o": ["الدارتس", "الرماية", "الصيد", "الغولف"] },
    { "q": "بطل الشطرنج الحالي (النرويجي)؟", "a": "ماغنوس كارلسن", "o": ["كارلسن", "كاسباروف", "فيشر", "أناند"] },
    { "q": "قطعة الشطرنج الأهم؟", "a": "الملك", "o": ["الملك", "الوزير", "القلعة", "الحصان"] },
    { "q": "قطعة الشطرنج الأقوى؟", "a": "الوزير (الملكة)", "o": ["الوزير", "الملك", "القلعة", "الفيل"] },
    { "q": "السباحة بظهر اللاعب تسمى؟", "a": "سباحة الظهر", "o": ["الظهر", "الفراشة", "الصجر", "الحرة"] },
    { "q": "أصعب أنواع السباحة؟", "a": "الفراشة", "o": ["الفراشة", "الحرة", "الظهر", "الصدر"] },
    { "q": "عدد مربعات الشطرنج؟", "a": "64", "o": ["64", "32", "100", "50"] }
  ],
  "hard": [
    { "q": "سجل 100 نقطة في مباراة سلة؟", "a": "ويلت تشامبرلين", "o": ["تشامبرلين", "جوردان", "كوبي", "ليبرون"] },
    { "q": "سجل 81 نقطة في مباراة سلة؟", "a": "كوبي براينت", "o": ["كوبي", "شاكيل", "جوردان", "دوران"] },
    { "q": "ارتفاع سلة كرة السلة؟", "a": "3.05 متر", "o": ["3.05 متر", "3 متر", "2.90 متر", "3.15 متر"] },
    { "q": "أكثر فريق حقق NBA؟", "a": "بوسطن وليكرز (17)", "o": ["بوسطن", "شيكاغو", "غولدين", "سبيرز"] },
    { "q": "العداء الذي جرد من ذهبيته (منشطات)؟", "a": "بن جونسون", "o": ["بن جونسون", "لويس", "بولت", "باويل"] },
    { "q": "دراج جرد من 7 ألقاب (منشطات)؟", "a": "أرمسترونج", "o": ["أرمسترونج", "ميركس", "أولريش", "كونتادور"] },
    { "q": "أكثر من حقق جراند سلام (تنس)؟", "a": "دجوكوفيتش", "o": ["دجوكوفيتش", "نادال", "فيدرير", "سامبراس"] },
    { "q": "أصغر بطل للعالم في الفورمولا 1؟", "a": "سيباستيان فيتيل", "o": ["فيتيل", "هاميلتون", "ألونسو", "فيرستابن"] },
    { "q": "سباق التحمل 24 ساعة يقام في؟", "a": "لومان (فرنسا)", "o": ["لومان", "موناكو", "دايتونا", "نوربورغرينغ"] },
    { "q": "أقوى رجل في العالم (مسابقة)؟", "a": "World's Strongest Man", "o": ["WSM", "UFC", "WWE", "Mr Olympia"] },
    { "q": "وزن الريشة في الملاكمة؟", "a": "57 كجم (تقريباً)", "o": ["57 كجم", "90 كجم", "70 كجم", "50 كجم"] },
    { "q": "الوزن الثقيل في الملاكمة؟", "a": "فوق 90 كجم", "o": ["+90 كجم", "70 كجم", "60 كجم", "50 كجم"] },
    { "q": "مدة مباراة الرجبي؟", "a": "80 دقيقة", "o": ["80 دقيقة", "90 دقيقة", "60 دقيقة", "40 دقيقة"] },
    { "q": "عدد لاعبي البيسبول؟", "a": "9", "o": ["9", "11", "7", "6"] },
    { "q": "عدد لاعبي الكريكت؟", "a": "11", "o": ["11", "9", "7", "10"] },
    { "q": "فريق (All Blacks) هو منتخب؟", "a": "نيوزيلندا للرجبي", "o": ["نيوزيلندا", "أستراليا", "جنوب أفريقيا", "إنجلترا"] },
    { "q": "الرقصة التي يؤديها منتخب نيوزيلندا؟", "a": "الهاكا", "o": ["الهاكا", "السامبا", "التانغو", "الفالس"] },
    { "q": "لعبة (Badminton) هي؟", "a": "تنس الريشة", "o": ["الريشة", "الطاولة", "الارضية", "الاسكواش"] },
    { "q": "لعبة (Squash) تلعب في؟", "a": "غرفة مغلقة", "o": ["غرفة مغلقة", "ملعب مفتوح", "مسبح", "حلبة"] },
    { "q": "أسطورة الاسكواش (مصري)؟", "a": "أحمد برادة / الشوربجي", "o": ["الشوربجي", "عاشور", "درويش", "شابانا"] }
  ]
}