{
  "type": "sports",
  "sub": "saudi",
  "easy": [
    { "q": "لقب نادي الشباب؟", "a": "الليث", "o": ["الليث", "الزعيم", "العميد", "العالمي"] },
    { "q": "ألوان قميص الشباب؟", "a": "أبيض وأسود", "o": ["أبيض وأسود", "أصفر وأزرق", "أزرق وأبيض", "أخضر وأبيض"] },
    { "q": "صاحب أجمل هدف في مونديال 94؟", "a": "سعيد العويران", "o": ["سعيد العويران", "سامي الجابر", "ماجد عبدالله", "فهد الهريفي"] },
    { "q": "لقب نادي الهلال؟", "a": "الزعيم", "o": ["الزعيم", "الراقي", "العميد", "فارس الدهناء"] },
    { "q": "لقب نادي النصر؟", "a": "العالمي", "o": ["العالمي", "الليث", "الزعيم", "الراقي"] },
    { "q": "لقب نادي الاتحاد؟", "a": "العميد", "o": ["العميد", "النموذجي", "السكري", "العنابي"] },
    { "q": "لقب نادي الأهلي؟", "a": "الراقي / الملكي", "o": ["الراقي", "الزعيم", "الليث", "فارس الشمال"] },
    { "q": "أول من سجل للسعودية في المونديال؟", "a": "فؤاد أنور", "o": ["فؤاد أنور", "سامي الجابر", "سعيد العويران", "يوسف الثنيان"] },
    { "q": "أسطورة الشباب (فؤاد أنور) لقبه؟", "a": "الأخضر الصغير", "o": ["الأخضر الصغير", "الذئب", "الفيلسوف", "الموسيقار"] },
    { "q": "قائد الشباب والمنتخب (المايسترو)؟", "a": "أحمد عطيف", "o": ["أحمد عطيف", "عبده عطيف", "سعود كريري", "تيسير الجاسم"] },
    { "q": "الهداف التاريخي للدوري السعودي؟", "a": "ماجد عبدالله", "o": ["ماجد عبدالله", "ناصر الشمراني", "عمر السومة", "حمدالله"] },
    { "q": "الهداف التاريخي لدوري المحترفين؟", "a": "عمر السومة", "o": ["عمر السومة", "حمدالله", "جوميز", "السهلاوي"] },
    { "q": "لقب المنتخب السعودي؟", "a": "الصقور الخضر", "o": ["الصقور الخضر", "أسود الرافدين", "النشامى", "الفراعنة"] },
    { "q": "عدد كؤوس آسيا للسعودية؟", "a": "3", "o": ["3", "4", "2", "5"] },
    { "q": "تأهلت السعودية للمونديال؟", "a": "6 مرات", "o": ["6 مرات", "5 مرات", "4 مرات", "7 مرات"] },
    { "q": "ملعب (الأول بارك) خاص بـ؟", "a": "النصر", "o": ["النصر", "الهلال", "الشباب", "الرياض"] },
    { "q": "ملعب (المملكة أرينا) خاص بـ؟", "a": "الهلال", "o": ["الهلال", "الشباب", "النصر", "الاتفاق"] },
    { "q": "ملعب (الجوهرة) في؟", "a": "جدة", "o": ["جدة", "الرياض", "الدمام", "أبها"] },
    { "q": "اللاعب (تارقان) هو؟", "a": "محمد الشلهوب", "o": ["محمد الشلهوب", "نواف العابد", "سالم الدوسري", "ياسر القحطاني"] },
    { "q": "قائد الاتحاد التاريخي؟", "a": "محمد نور", "o": ["محمد نور", "مناف أبو شقير", "حمد المنتشري", "أحمد جميل"] },
    { "q": "أسطورة الحراسة السعودية؟", "a": "محمد الدعيع", "o": ["محمد الدعيع", "مبروك زايد", "المعيوف", "العويس"] },
    { "q": "النادي (السكري)؟", "a": "التعاون", "o": ["التعاون", "الرائد", "الحزم", "الفيحاء"] },
    { "q": "النادي (فارس الدهناء)؟", "a": "الاتفاق", "o": ["الاتفاق", "القادسية", "الخليج", "النهضة"] },
    { "q": "ديربي الرياض يجمع؟", "a": "الهلال والنصر", "o": ["الهلال والنصر", "الاتحاد والأهلي", "الشباب والرياض", "التعاون والرائد"] },
    { "q": "شيخ الأندية هو؟", "a": "الشباب", "o": ["الشباب", "الوحدة", "الاتحاد", "الأهلي"] },
    { "q": "أقدم نادٍ سعودي (تأسس 1916/1927)؟", "a": "الاتحاد (العميد)", "o": ["الاتحاد", "الوحدة", "الأهلي", "الشباب"] },
    { "q": "لاعب الشباب الأرجنتيني (الموسيقار)؟", "a": "بانيغا", "o": ["بانيغا", "جوانكا", "فييتو", "مارتينيز"] },
    { "q": "سجل هدف السعودية ضد الأرجنتين (الاول)؟", "a": "صالح الشهري", "o": ["صالح الشهري", "سالم الدوسري", "البريكان", "كنو"] },
    { "q": "سجل هدف السعودية ضد الأرجنتين (الثاني)؟", "a": "سالم الدوسري", "o": ["سالم الدوسري", "صالح الشهري", "الفرج", "الشهراني"] },
    { "q": "معلق (يا رباه)؟", "a": "فارس عوض", "o": ["فارس عوض", "الشوالي", "عامر عبدالله", "البلوشي"] }
  ],
  "medium": [
    { "q": "نادي الشباب يلقب بـ؟", "a": "شيخ الأندية", "o": ["شيخ الأندية", "الزعيم", "الملكي", "العالمي"] },
    { "q": "هدف العويران في 94 كان ضد؟", "a": "بلجيكا", "o": ["بلجيكا", "هولندا", "السويد", "المغرب"] },
    { "q": "هدف فؤاد أنور في 94 كان ضد؟", "a": "هولندا", "o": ["هولندا", "المغرب", "بلجيكا", "السويد"] },
    { "q": "أكثر لاعب حقق الدوري (8 مرات)؟", "a": "محمد الشلهوب", "o": ["محمد الشلهوب", "محمد نور", "يوسف الثنيان", "أحمد عطيف"] },
    { "q": "النادي الذي هبط 2022 (صدمة)؟", "a": "الأهلي", "o": ["الأهلي", "الاتحاد", "الشباب", "النصر"] },
    { "q": "بطل الدوري الاستثنائي 2019؟", "a": "النصر", "o": ["النصر", "الهلال", "الشباب", "التعاون"] },
    { "q": "بطل دوري الفتح الاستثنائي 2013؟", "a": "الفتح", "o": ["الفتح", "الهلال", "الشباب", "الأهلي"] },
    { "q": "مدرب الشباب السابق (الداهية)؟", "a": "برودوم", "o": ["برودوم", "خيسوس", "دياز", "كارينيو"] },
    { "q": "أول نادٍ سعودي حقق أبطال آسيا؟", "a": "الهلال (1991)", "o": ["الهلال", "النصر", "الاتحاد", "الشباب"] },
    { "q": "أول مشارك في مونديال الأندية؟", "a": "النصر", "o": ["النصر", "الهلال", "الاتحاد", "الأهلي"] },
    { "q": "وصيف العالم 2023 (الأندية)؟", "a": "الهلال", "o": ["الهلال", "الاتحاد", "النصر", "الشباب"] },
    { "q": "حارس الشباب التاريخي (العملاق)؟", "a": "عبدالرحمن الحمدان", "o": ["عبدالرحمن الحمدان", "محمد الدعيع", "تيسير آل نتيف", "حسين شيعان"] },
    { "q": "هداف الشباب (الزلزال)؟", "a": "ناصر الشمراني", "o": ["ناصر الشمراني", "نايف هزازي", "مختار فلاتة", "مهند عسيري"] },
    { "q": "لاعب انتقل من الشباب للهلال (صفقة كبرى)؟", "a": "حسان تمبكتي", "o": ["حسان تمبكتي", "الصليهم", "الخيبري", "الحمدان"] },
    { "q": "لاعب انتقل من الشباب للنصر؟", "a": "عبدالمجيد الصليهم", "o": ["الصليهم", "غريب", "النجعي", "العقيدي"] },
    { "q": "ملعب الشباب الجديد؟", "a": "نادي الشباب", "o": ["نادي الشباب", "الدرة", "الملز", "مرسول"] },
    { "q": "اللاعب رقم 9 التاريخي في النصر؟", "a": "ماجد عبدالله", "o": ["ماجد", "محيسن", "الهريفي", "يوسف خميس"] },
    { "q": "اللاعب رقم 9 التاريخي في الهلال؟", "a": "سامي الجابر", "o": ["سامي", "يوسف الثنيان", "ياسر", "النعيمة"] },
    { "q": "اللاعب رقم 18 التاريخي في الاتحاد؟", "a": "محمد نور", "o": ["محمد نور", "حمزة إدريس", "مناف", "تشيكو"] },
    { "q": "اللاعب رقم 9 التاريخي في الأهلي (حديثاً)؟", "a": "عمر السومة", "o": ["السومة", "فيكتور سيموس", "تيسير", "خالد مسعد"] },
    { "q": "أول محترف سجل سوبر هاتريك (4)؟", "a": "موسى نضاو (الهلال)", "o": ["موسى نضاو", "تفاريس", "رادوي", "سيرجيو"] },
    { "q": "هداف آسيا 2019؟", "a": "جوميز", "o": ["جوميز", "حمدالله", "السومة", "دجانيني"] },
    { "q": "رئيس الشباب الذهبي؟", "a": "خالد البلطان", "o": ["خالد البلطان", "طلال آل الشيخ", "عبدالله القريني", "محمد المنجم"] },
    { "q": "عبارة البلطان الشهيرة؟", "a": "قدح من رأسه", "o": ["قدح من رأسه", "الأهلي راجع", "يا رباه", "هيا تعال"] }
  ],
  "hard": [
    { "q": "حقق الشباب الدوري 3 مرات متتالية في؟", "a": "التسعينات (91-92-93)", "o": ["التسعينات", "الثمانينات", "الألفية", "2010"] },
    { "q": "من هو (البرق) الاتحادي؟", "a": "حمزة إدريس", "o": ["حمزة إدريس", "الحسن اليامي", "مرزوق العتيبي", "سيرجيو"] },
    { "q": "الهداف التاريخي لنادي الفتح؟", "a": "دوريس سالومو", "o": ["دوريس سالومو", "إلتون", "باتنا", "بوشل"] },
    { "q": "الهداف التاريخي لنادي التعاون؟", "a": "تاوامبا", "o": ["تاوامبا", "ألوفولو", "جهاد", "كاكو"] },
    { "q": "أول نادٍ سعودي حقق بطولة خارجية؟", "a": "الاتفاق", "o": ["الاتفاق", "الهلال", "النصر", "الشباب"] },
    { "q": "اللاعب (الفيلسوف)؟", "a": "يوسف الثنيان", "o": ["يوسف الثنيان", "خالد مسعد", "فهد الهريفي", "صالح النعيمة"] },
    { "q": "اللاعب (الكوبرا)؟", "a": "محيسن الجمعان", "o": ["محيسن الجمعان", "ماجد عبدالله", "يوسف خميس", "مضحي الدوسري"] },
    { "q": "اللاعب (الصاروخ)؟", "a": "فهد المولد", "o": ["فهد المولد", "سالم الدوسري", "نواف العابد", "يحيى الشهري"] },
    { "q": "نادي (فارس الشمال)؟", "a": "الطائي", "o": ["الطائي", "العروبة", "الجبلين", "التعاون"] },
    { "q": "نادي (فارس الجنوب)؟", "a": "ضمك", "o": ["ضمك", "أبها", "نجران", "حطين"] },
    { "q": "ديربي الشرقية يجمع؟", "a": "الاتفاق والقادسية", "o": ["الاتفاق والقادسية", "الفتح وهجر", "الخليج والنهضة", "العدالة والجيل"] },
    { "q": "ديربي القصيم يجمع؟", "a": "الرائد والتعاون", "o": ["الرائد والتعاون", "الحزم والفيحاء", "النجمة والعربي", "الطائي والجبلين"] },
    { "q": "ديربي سدير يجمع؟", "a": "الفيصلي والفيحاء", "o": ["الفيصلي والفيحاء", "المجمعة والزلفي", "الحزم والرائد", "الباطن والقيصومة"] },
    { "q": "ديربي الجنوب يجمع؟", "a": "أبها وضمك", "o": ["أبها وضمك", "نجران وحطين", "العين والأخدود", "بيشة والمصيف"] },
    { "q": "أسرع هدف في الدوري (حمدان)؟", "a": "10 ثواني", "o": ["10 ثواني", "12 ثانية", "15 ثانية", "8 ثواني"] },
    { "q": "من سجل هدف التتويج للأهلي 2016؟", "a": "عمر السومة", "o": ["السومة", "تيسير", "المقهوي", "بصّاص"] },
    { "q": "لاعب انتقل من النصر للهلال (الذابح)؟", "a": "سعد الحارثي", "o": ["سعد الحارثي", "أحمد الفريدي", "أسامة هوساوي", "الخيبيري"] },
    { "q": "لاعب اتحادي انتقل لشباب؟", "a": "نايف هزازي (اتحاد-شباب-نصر)", "o": ["نايف هزازي", "مختار فلاتة", "مهند عسيري", "عيسى المحياني"] },
    { "q": "من هو (مرعب الحراس)؟", "a": "ماجد عبدالله", "o": ["ماجد", "سامي", "حمزة", "ياسر"] }
  ]
}