{
  "type": "riddles",
  "sub": "lateral",
  "easy": [
    { "q": "شيء يبتل كلما جفف؟", "a": "المنشفة", "o": ["المنشفة", "الماء", "الثلج", "الهواء"] },
    { "q": "يزيد ولا ينقص؟", "a": "العمر", "o": ["العمر", "المال", "الوزن", "الطول"] },
    { "q": "له أسنان ولا يعض؟", "a": "المشط", "o": ["المشط", "المنشار", "المفتاح", "القرش"] },
    { "q": "شهر فيه 28 يوماً؟", "a": "كل الشهور", "o": ["كل الشهور", "فبراير", "يناير", "مارس"] },
    { "q": "يمشي بلا أرجل؟", "a": "السحاب", "o": ["السحاب", "الطفل", "الحصان", "النملة"] },
    { "q": "يقرصك ولا تراه؟", "a": "الجوع", "o": ["الجوع", "البعوضة", "النملة", "الهواء"] },
    { "q": "بيت بلا أبواب؟", "a": "بيت الشعر", "o": ["بيت الشعر", "الكهف", "الخيمة", "القصر"] },
    { "q": "يحملك وتحمله؟", "a": "الحذاء", "o": ["الحذاء", "الحقيبة", "السيارة", "السرير"] },
    { "q": "تذبحه وتبكي عليه؟", "a": "البصل", "o": ["البصل", "الخروف", "الدجاج", "السمك"] },
    { "q": "ابن أمك وأبيك وليس أخاك؟", "a": "أنت", "o": ["أنت", "خالك", "عمك", "جدك"] },
    { "q": "أخت خالك؟", "a": "أمك", "o": ["أمك", "خالتك", "جدتك", "أختك"] },
    { "q": "مدينة حمراء وسورها أخضر؟", "a": "البطيخة", "o": ["البطيخة", "الرمانة", "التفاحة", "الفراولة"] },
    { "q": "يكسو الناس وهو عار؟", "a": "الإبرة", "o": ["الإبرة", "المقص", "الخيط", "القماش"] },
    { "q": "ينزل ولا يصعد؟", "a": "المطر", "o": ["المطر", "الدخان", "الطائرة", "السلم"] },
    { "q": "يصعد ولا ينزل؟", "a": "العمر", "o": ["العمر", "المطر", "السلم", "المصعد"] },
    { "q": "له عين ولا يرى؟", "a": "الإبرة", "o": ["الإبرة", "المسمار", "القلم", "الصورة"] },
    { "q": "له أرجل ولا يمشي؟", "a": "الكرسي", "o": ["الكرسي", "الحصان", "الطفل", "القطة"] },
    { "q": "له لسان ولا يتكلم؟", "a": "الحذاء", "o": ["الحذاء", "القلم", "الكتاب", "الباب"] },
    { "q": "شيء كلك؟", "a": "اسمك", "o": ["اسمك", "ظلك", "بيتك", "مالك"] },
    { "q": "يسمع بلا أذن؟", "a": "الهاتف", "o": ["الهاتف", "الجدار", "الكتاب", "الباب"] },
    { "q": "شيء لا يذوب في الماء؟", "a": "الزيت", "o": ["الزيت", "السكر", "الملح", "الثلج"] },
    { "q": "شيء ينام بحذائه؟", "a": "الحصان", "o": ["الحصان", "الكلب", "القط", "الأسد"] },
    { "q": "فاكهة لونها اسمها؟", "a": "البرتقال", "o": ["البرتقال", "الموز", "العنب", "التين"] },
    { "q": "شيء لا وزن له؟", "a": "الظل", "o": ["الظل", "الهواء", "الريشة", "الدخان"] },
    { "q": "شيء في السماء وليس في الماء؟", "a": "حرف السين", "o": ["حرف السين", "القمر", "الشمس", "النجم"] },
    { "q": "تأكله كله إلا قشره؟", "a": "البيض", "o": ["البيض", "التفاح", "العنب", "التين"] },
    { "q": "شيء يوصلك ولا يتحرك؟", "a": "الطريق", "o": ["الطريق", "السيارة", "الحافلة", "القطار"] },
    { "q": "يدخل مبلولاً ويخرج ناشفاً؟", "a": "الخبز", "o": ["الخبز", "الإسفنج", "الملابس", "السمك"] },
    { "q": "شيء يخترق الزجاج ولا يكسره؟", "a": "الضوء", "o": ["الضوء", "الهواء", "الماء", "الصوت"] },
    { "q": "شيء كلما لمسته صرخ؟", "a": "الجرس", "o": ["الجرس", "الطفل", "الباب", "الكلب"] }
  ],
  "medium": [
    { "q": "دخان القطار الكهربائي؟", "a": "لا يوجد", "o": ["لا يوجد", "للخلف", "للأمام", "للأعلى"] },
    { "q": "بيض الطاووس؟", "a": "لا يبيض (ذكر)", "o": ["لا يبيض", "ملون", "أبيض", "كبير"] },
    { "q": "أين يدفن الناجون؟", "a": "لا يدفنون", "o": ["لا يدفنون", "في بلدهم", "مكان الحادث", "المقبرة"] },
    { "q": "خرج في المطر ولم يبتل شعره؟", "a": "أصلع", "o": ["أصلع", "معه مظلة", "كان يركض", "لابس قبعة"] },
    { "q": "سائق شاحنة يمشي عكس السير؟", "a": "يمشي على قدميه", "o": ["على قدميه", "الشارع فارغ", "مجنون", "هارب"] },
    { "q": "3 تفاحات أخذت اثنتين، كم معك؟", "a": "2", "o": ["2", "1", "3", "0"] },
    { "q": "شيء تأكل منه ولا يؤكل؟", "a": "الصحن", "o": ["الصحن", "الملعقة", "التفاح", "الخبز"] },
    { "q": "بحر بلا ماء؟", "a": "الخريطة", "o": ["الخريطة", "الصحراء", "الميت", "السراب"] },
    { "q": "شهر يتكلم فيه الناس أقل؟", "a": "فبراير", "o": ["فبراير", "يناير", "مارس", "ديسمبر"] },
    { "q": "ماذا تشعل أولاً (كبريت، شمعة)؟", "a": "الكبريت", "o": ["الكبريت", "الشمعة", "المدفأة", "المصباح"] },
    { "q": "حيوانات موسى بالسفينة؟", "a": "صفر (سفينة نوح)", "o": ["صفر", "زوجين", "كل الأنواع", "سبعة"] },
    { "q": "الجمعة قبل الخميس؟", "a": "في القاموس", "o": ["في القاموس", "في السنة الكبيسة", "في الحلم", "مستحيل"] },
    { "q": "رميت قبعة بيضاء في البحر الأحمر؟", "a": "تبتل", "o": ["تبتل", "تحمر", "تغرق", "تطير"] },
    { "q": "باب لا يفتح؟", "a": "المفتوح", "o": ["المفتوح", "المغلق", "الوهمي", "المرسوم"] },
    { "q": "تراه في الظلام ولا تراه بالنور؟", "a": "الظلام", "o": ["الظلام", "القمر", "النجم", "الخفاش"] },
    { "q": "يمشي 4 ثم 2 ثم 3 أرجل؟", "a": "الإنسان", "o": ["الإنسان", "القرد", "السلحفاة", "العنكبوت"] },
    { "q": "شيء يغلبك دون أن يؤذيك؟", "a": "النوم", "o": ["النوم", "الجوع", "البرد", "الحر"] },
    { "q": "شيء تحمله ويحملك؟", "a": "الحذاء", "o": ["الحذاء", "القارب", "الحقيبة", "السرير"] },
    { "q": "شيء كلما كثر رخص؟", "a": "العقل", "o": ["العقل", "الذهب", "الماء", "التراب"] },
    { "q": "شيء لا تستطيع لمسه؟", "a": "قوس قزح", "o": ["قوس قزح", "الجدار", "الماء", "التراب"] },
    { "q": "شيء إذا أكلته كله مت؟", "a": "السم", "o": ["السم", "الفلفل", "الملح", "السكر"] },
    { "q": "شيء لا يمشي إلا بالضرب؟", "a": "المسمار", "o": ["المسمار", "الحمار", "الكرة", "الساعة"] },
    { "q": "شيء له وجه ولا يتكلم؟", "a": "العملة", "o": ["العملة", "الكتاب", "الجدار", "الباب"] },
    { "q": "شيء يلف الغرفة ولا يتحرك؟", "a": "الحائط", "o": ["الحائط", "السقف", "الأرض", "الباب"] },
    { "q": "شيء موجود في كل بيت؟", "a": "السقف", "o": ["السقف", "التلفاز", "السيارة", "الحديقة"] },
    { "q": "شيء يمحو ما كتبته؟", "a": "الممحاة", "o": ["الممحاة", "القلم", "المسطرة", "الورقة"] },
    { "q": "شيء له أربعة أرجل ولا يمشي؟", "a": "الطاولة", "o": ["الطاولة", "الكرسي", "السرير", "الحصان"] },
    { "q": "شيء يطير بلا جناح؟", "a": "الدخان", "o": ["الدخان", "العصفور", "الطائرة", "الفراشة"] },
    { "q": "شيء لا يعمل إلا إذا وضعت أصابعك في عينيه؟", "a": "المقص", "o": ["المقص", "النظارة", "القناع", "القفاز"] },
    { "q": "شيء خلف الكلب أينما ذهب؟", "a": "ذيله", "o": ["ذيله", "ظله", "صوته", "رائحته"] }
  ],
  "hard": [
    { "q": "بيضة على أرض خرسانية؟", "a": "الأرض لا تنكسر", "o": ["الأرض لا تنكسر", "البيضة تنكسر", "لا تنكسر", "تتدحرج"] },
    { "q": "أنت في سباق وتجاوزت الأخير؟", "a": "مستحيل", "o": ["مستحيل", "الأخير", "قبل الأخير", "الأول"] },
    { "q": "يولد مرة ويموت مرتين؟", "a": "الطائر (البيضة)", "o": ["الطائر", "الإنسان", "السمك", "النبات"] },
    { "q": "وقف خلف والده ووالده خلفه؟", "a": "ظهراً لظهر", "o": ["ظهراً لظهر", "مستحيل", "دوران", "في المرآة"] },
    { "q": "ينام 8 أيام متواصلة؟", "a": "ينام بالليل", "o": ["ينام بالليل", "مستحيل", "غيبوبة", "تعب"] },
    { "q": "دفع سيارته فخسر ثروته؟", "a": "مونوبولي", "o": ["مونوبولي", "حادث", "قمار", "سرقة"] },
    { "q": "سقط من 30 طابق وعاش؟", "a": "سقط للداخل", "o": ["سقط للداخل", "حظ", "مظلة", "سوبرمان"] },
    { "q": "وجد ميتاً وحقيبة مغلقة؟", "a": "مظلة (لم تفتح)", "o": ["مظلة", "كنز", "دواء", "قنبلة"] },
    { "q": "أطلق النار، غطسه، وعلقه؟", "a": "مصور (تحميض)", "o": ["مصور", "قاتل", "طباخ", "جزار"] },
    { "q": "يصعد 10 بالمصعد ويكمل مشياً؟", "a": "قصير القامة", "o": ["قصير القامة", "يحب الرياضة", "المصعد عطلان", "يسكن بالسطح"] },
    { "q": "كلما ركضت أمامه تبعك؟", "a": "الظل", "o": ["الظل", "الكلب", "الشرطي", "العدو"] },
    { "q": "سجن بلا جدران؟", "a": "لعبة (مونوبولي)", "o": ["لعبة", "صحراء", "وهمي", "جزيرة"] },
    { "q": "مروا بممر ضيق دون تلامس؟", "a": "أوقات مختلفة", "o": ["أوقات مختلفة", "أشباح", "صغار", "فوق بعض"] },
    { "q": "فيل في الثلاجة (3 خطوات)؟", "a": "افتح، أدخل، أغلق", "o": ["افتح، أدخل، أغلق", "قطعه", "مستحيل", "ثلاجة كبيرة"] },
    { "q": "زرافة في الثلاجة (4 خطوات)؟", "a": "أخرج الفيل أولاً", "o": ["أخرج الفيل أولاً", "افتح، أدخل، أغلق", "اضغطها", "مستحيل"] },
    { "q": "شيء يملك مدناً بلا منازل؟", "a": "الخريطة", "o": ["الخريطة", "الصحراء", "التاريخ", "الحلم"] },
    { "q": "شيء يكتبه المنتصرون؟", "a": "التاريخ", "o": ["التاريخ", "القانون", "الشعر", "العقد"] },
    { "q": "شيء يأخذ منك قبل أن يعطيك؟", "a": "الصورة", "o": ["الصورة", "المرآة", "البنك", "الأرض"] },
    { "q": "شيء له نفس وزن الفيل ولا يزن غراماً؟", "a": "ظل الفيل", "o": ["ظل الفيل", "صورة الفيل", "رسمة الفيل", "روح الفيل"] },
    { "q": "شيء يسير بلا رجلين؟", "a": "النهر", "o": ["النهر", "الثعبان", "القطار", "الوقت"] },
    { "q": "شيء كلما زاد نقص ما تراه؟", "a": "الظلام", "o": ["الظلام", "الضباب", "الدخان", "الضوء"] },
    { "q": "شيء لا يعمل إلا بالضرب؟", "a": "المسمار", "o": ["المسمار", "الطبل", "الكرة", "الجرس"] },
    { "q": "شيء تملكه ولا تلمسه؟", "a": "صوتك", "o": ["صوتك", "أنفك", "شعرك", "أذنك"] },
    { "q": "شيء في كل بيت؟", "a": "حرف الياء", "o": ["حرف الياء", "الباب", "السقف", "النوافذ"] },
    { "q": "شيء بين السماء والأرض؟", "a": "حرف الواو", "o": ["حرف الواو", "الهواء", "السحاب", "الطيور"] },
    { "q": "شيء له إبهام وأصابع وليس يداً؟", "a": "القفاز", "o": ["القفاز", "القدم", "الجورب", "الكم"] },
    { "q": "شيء كلما نظفته اسود؟", "a": "السبورة", "o": ["السبورة", "الثوب", "الوجه", "الحذاء"] },
    { "q": "شيء تأكله قبل ولادته وبعد موته؟", "a": "الدجاج", "o": ["الدجاج", "السمك", "الخروف", "البقر"] },
    { "q": "شيء يلد ولا يبيض؟", "a": "الخفاش", "o": ["الخفاش", "النعامة", "العصفور", "التمساح"] },
    { "q": "شيء يرفع أثقالاً ولا يرفع مسماراً؟", "a": "البحر", "o": ["البحر", "الونش", "الفيل", "الرجل"] }
  ]
}