{
  "type": "riddles",
  "sub": "logic",
  "easy": [
    { "q": "له أسنان ولا يعض؟", "a": "المشط", "o": ["المشط", "المنشار", "المفتاح", "القرش"] },
    { "q": "يكتب ولا يقرأ؟", "a": "القلم", "o": ["القلم", "الكتاب", "الممحاة", "النظارة"] },
    { "q": "له رقبة بلا رأس؟", "a": "القميص", "o": ["القميص", "الزرافة", "الجمل", "النعامة"] },
    { "q": "له عين ولا يرى؟", "a": "الإبرة", "o": ["الإبرة", "المسمار", "الدبوس", "القلم"] },
    { "q": "له أرجل ولا يمشي؟", "a": "الكرسي", "o": ["الكرسي", "الحصان", "الطفل", "القطة"] },
    { "q": "شيء تملكه ويستخدمه الناس؟", "a": "اسمك", "o": ["اسمك", "سيارتك", "قلمك", "بيتك"] },
    { "q": "كلما أخذت منه كبر؟", "a": "الحفرة", "o": ["الحفرة", "المال", "العمر", "الجبل"] },
    { "q": "أخت خالك وليست خالتك؟", "a": "أمك", "o": ["أمك", "جدتك", "أختك", "زوجة خالك"] },
    { "q": "ابن أمك وأبيك وليس أخاك؟", "a": "أنت", "o": ["أنت", "خالك", "عمك", "جدك"] },
    { "q": "شيء يقرصك ولا تراه؟", "a": "الجوع", "o": ["الجوع", "النملة", "البعوضة", "الدبور"] },
    { "q": "بيت بلا أبواب؟", "a": "بيت الشعر", "o": ["بيت الشعر", "بيت النمل", "الكهف", "الخيمة"] },
    { "q": "يحملك وتحمله؟", "a": "الحذاء", "o": ["الحذاء", "الحقيبة", "السيارة", "الكرسي"] },
    { "q": "يزيد ولا ينقص؟", "a": "العمر", "o": ["العمر", "المال", "الوزن", "الطول"] },
    { "q": "يمشي بلا أرجل؟", "a": "السحاب", "o": ["السحاب", "الطفل", "الحصان", "النملة"] },
    { "q": "تذبحه وتبكي عليه؟", "a": "البصل", "o": ["البصل", "الخروف", "الدجاج", "السمك"] },
    { "q": "لونه مثل اسمه؟", "a": "البيض", "o": ["البيض", "الموز", "الخيار", "الطماطم"] },
    { "q": "أهون موجود وأعز مفقود؟", "a": "الماء", "o": ["الماء", "المال", "الذهب", "الطعام"] },
    { "q": "شيء في السماء وليس في الماء؟", "a": "حرف السين", "o": ["السين", "القمر", "الشمس", "النجم"] },
    { "q": "فاكهة اسمها لونها؟", "a": "البرتقال", "o": ["البرتقال", "التفاح", "الموز", "العنب"] },
    { "q": "يرفع أثقالاً ولا يرفع مسماراً؟", "a": "البحر", "o": ["البحر", "الونش", "الفيل", "الرجل"] },
    { "q": "يغلبك دون أن يؤذيك؟", "a": "النوم", "o": ["النوم", "الجوع", "البرد", "الحر"] },
    { "q": "له جلد وليس حيواناً؟", "a": "الكتاب", "o": ["الكتاب", "الحذاء", "الحقيبة", "الكرة"] },
    { "q": "له أوراق وليس نباتاً؟", "a": "الدفتر", "o": ["الدفتر", "الشجرة", "الوردة", "الغصن"] },
    { "q": "له لسان ولا يتكلم؟", "a": "الحذاء", "o": ["الحذاء", "القلم", "الكتاب", "الباب"] },
    { "q": "يطير بلا جناح؟", "a": "الدخان", "o": ["الدخان", "العصفور", "الطائرة", "الفراشة"] },
    { "q": "شيء لا يتكلم إلا إذا لمسته؟", "a": "الجرس", "o": ["الجرس", "الباب", "التلفون", "الطفل"] },
    { "q": "يدخل مبلولاً ويخرج ناشفاً؟", "a": "الخبز", "o": ["الخبز", "الإسفنج", "الملابس", "السمك"] },
    { "q": "يسمع بلا أذن؟", "a": "الهاتف", "o": ["الهاتف", "الإنسان", "الحيوان", "الجدار"] },
    { "q": "ليس لها بداية ولا نهاية؟", "a": "الدائرة", "o": ["الدائرة", "المربع", "الخط", "المثلث"] },
    { "q": "عقرب لا يلدغ؟", "a": "الساعة", "o": ["الساعة", "الصحراء", "الحيوان", "السام"] }
  ],
  "medium": [
    { "q": "بحر بلا ماء؟", "a": "الخريطة", "o": ["الخريطة", "الصحراء", "الميت", "الأحمر"] },
    { "q": "شهر 28 يوماً؟", "a": "كل الشهور", "o": ["كل الشهور", "فبراير", "يناير", "مارس"] },
    { "q": "تنطقه فتكسره؟", "a": "الصمت", "o": ["الصمت", "الزجاج", "الوعد", "الصحن"] },
    { "q": "وسط باريس؟", "a": "الراء", "o": ["الراء", "إيفل", "السين", "اللوفر"] },
    { "q": "شيء يجري بلا أرجل؟", "a": "النهر", "o": ["النهر", "الحصان", "السيارة", "القطار"] },
    { "q": "حامل ومحمول؟", "a": "السفينة", "o": ["السفينة", "السرير", "الكرسي", "الحذاء"] },
    { "q": "أخوان لا يلتقيان؟", "a": "العينان", "o": ["العينان", "اليدان", "الرجلان", "الصديقان"] },
    { "q": "تسمعه ولا تراه؟", "a": "الصوت", "o": ["الصوت", "الضوء", "الظل", "الريح"] },
    { "q": "تراه ولا تسمعه؟", "a": "الظل", "o": ["الظل", "الرعد", "الصوت", "الريح"] },
    { "q": "مليء بالثقوب ويحفظ الماء؟", "a": "الإسفنج", "o": ["الإسفنج", "الشبكة", "الكوب", "الدلو"] },
    { "q": "ابن الماء ويموت فيه؟", "a": "الثلج", "o": ["الثلج", "السمك", "الملح", "السكر"] },
    { "q": "يعبر الزجاج ولا يكسره؟", "a": "الضوء", "o": ["الضوء", "الصوت", "الهواء", "الماء"] },
    { "q": "شيء يحرق نفسه ليفيدك؟", "a": "الشمعة", "o": ["الشمعة", "النار", "الشمس", "المصباح"] },
    { "q": "كلما كثر رخص؟", "a": "العقل", "o": ["العقل", "الذهب", "التراب", "الماء"] },
    { "q": "في الدقيقة مرتين؟", "a": "القاف", "o": ["القاف", "الثانية", "الستين", "الواحد"] },
    { "q": "شيء لا يصدأ؟", "a": "الذهب", "o": ["الذهب", "الحديد", "النحاس", "الفضة"] },
    { "q": "يسافر ويبقى في الزاوية؟", "a": "الطابع", "o": ["الطابع", "الرسالة", "المسافر", "الحقيبة"] },
    { "q": "له تاج وليس ملكاً؟", "a": "الديك", "o": ["الديك", "الأسد", "الهدهد", "النسر"] },
    { "q": "تأكله كله إلا قشره؟", "a": "البيض", "o": ["البيض", "التفاح", "العنب", "التين"] },
    { "q": "سلم لا يصعد عليه؟", "a": "الرواتب", "o": ["الرواتب", "الخشب", "الحديد", "الحبل"] },
    { "q": "كلما لمسته صرخ؟", "a": "الجرس", "o": ["الجرس", "الطفل", "الباب", "الكلب"] },
    { "q": "ينام بحذائه؟", "a": "الحصان", "o": ["الحصان", "الإنسان", "الكلب", "القط"] },
    { "q": "لا يمشي إلا بالضرب؟", "a": "المسمار", "o": ["المسمار", "الحمار", "الكرة", "الساعة"] },
    { "q": "شيء يتنفس بلا روح؟", "a": "الصبح", "o": ["الصبح", "السمك", "النبات", "الهواء"] },
    { "q": "شيء لا وزن له؟", "a": "الظل", "o": ["الظل", "الريشة", "الهواء", "القطن"] },
    { "q": "في الشتاء 5 وفي الصيف 3؟", "a": "النقاط", "o": ["النقاط", "الحروف", "الأيام", "الشهور"] },
    { "q": "لا يؤكل في الفطور؟", "a": "العشاء", "o": ["العشاء", "البيض", "الخبز", "الجبن"] },
    { "q": "يوصلك ولا يتحرك؟", "a": "الطريق", "o": ["الطريق", "السيارة", "الحافلة", "القطار"] },
    { "q": "يرى بلا عيون؟", "a": "المرآة", "o": ["المرآة", "الكاميرا", "النظارة", "الصورة"] },
    { "q": "يربط اثنين ولا يلمس؟", "a": "الدبلة", "o": ["الدبلة", "الحبل", "العقد", "القفل"] }
  ],
  "hard": [
    { "q": "كلما نظفته اسود؟", "a": "السبورة", "o": ["السبورة", "الوجه", "الثوب", "الحذاء"] },
    { "q": "تأكله قبل ولادته وبعد موته؟", "a": "الدجاج", "o": ["الدجاج", "السمك", "الخروف", "البقر"] },
    { "q": "يلد ولا يبيض؟", "a": "الخفاش", "o": ["الخفاش", "النعامة", "البطريق", "العصفور"] },
    { "q": "له رأس بلا عين؟", "a": "الدبوس", "o": ["الدبوس", "الإبرة", "المسمار", "القلم"] },
    { "q": "شيء يذوب في الماء؟", "a": "السكر", "o": ["السكر", "الزيت", "الخشب", "الحديد"] },
    { "q": "عظمه في الخارج؟", "a": "السلحفاة", "o": ["السلحفاة", "الإنسان", "الفيل", "الحوت"] },
    { "q": "يلف الغرفة ولا يتحرك؟", "a": "الحائط", "o": ["الحائط", "السقف", "الأرض", "الباب"] },
    { "q": "لا يعض إلا من عينه؟", "a": "المقص", "o": ["المقص", "الإبرة", "الثعبان", "الكلب"] },
    { "q": "شيء يجري ولا يمشي؟", "a": "الماء", "o": ["الماء", "الهواء", "السيارة", "القطار"] },
    { "q": "في الثلاجة ولا يبرد؟", "a": "الفلفل", "o": ["الفلفل", "الماء", "التفاح", "اللحم"] },
    { "q": "له إبهام وأصابع وليس يداً؟", "a": "القفاز", "o": ["القفاز", "القدم", "الجورب", "الكم"] },
    { "q": "يخترق الغابات بلا حفيف؟", "a": "الضوء", "o": ["الضوء", "الريح", "النمر", "الطائر"] },
    { "q": "شيء ملكك ولا تراه؟", "a": "ظهرك", "o": ["ظهرك", "يدك", "أنفك", "قدمك"] },
    { "q": "تراه في الليل 3 وفي النهار 1؟", "a": "حرف اللام", "o": ["اللام", "النجوم", "القمر", "الشمس"] },
    { "q": "يأكل ولا يشبع؟", "a": "النار", "o": ["النار", "الإنسان", "الحوت", "الأسد"] },
    { "q": "جسم أسود وقلب أبيض؟", "a": "الباذنجان", "o": ["الباذنجان", "الفحم", "الليل", "الغراب"] },
    { "q": "شيء ينبض بلا قلب؟", "a": "الساعة", "o": ["الساعة", "الحجر", "النهر", "الريح"] },
    { "q": "شيء يتكلم كل اللغات؟", "a": "الصدى", "o": ["الصدى", "المترجم", "الهاتف", "الكتاب"] },
    { "q": "شيء له أسنان حادة؟", "a": "المنشار", "o": ["المنشار", "المشط", "القلم", "الملعقة"] },
    { "q": "شيء لا تستطيع لمسه؟", "a": "قوس قزح", "o": ["قوس قزح", "الجدار", "الماء", "التراب"] },
    { "q": "زوجة خالك ماذا تقرب لك؟", "a": "زوجة خالك", "o": ["زوجة خالك", "خالتك", "عمتك", "أمك"] },
    { "q": "ما هو الشيء الذي لا يذوب في الماء؟", "a": "الزيت", "o": ["الزيت", "السكر", "الملح", "الثلج"] },
    { "q": "أكله كله يحييك ونصفه يميتك؟", "a": "السمسم", "o": ["السمسم", "التفاح", "البرتقال", "الموز"] },
    { "q": "شيء يدور حول نفسه؟", "a": "المروحة", "o": ["المروحة", "السيارة", "القطار", "الطائرة"] },
    { "q": "له وجه ولا يتكلم؟", "a": "القمر", "o": ["القمر", "الكتاب", "الجدار", "الباب"] },
    { "q": "مدينة حمراء وأسوارها خضراء؟", "a": "البطيخة", "o": ["البطيخة", "التفاحة", "الطماطم", "الرمانة"] },
    { "q": "شيء موجود في كل بيت؟", "a": "السقف", "o": ["السقف", "التلفاز", "السيارة", "الحديقة"] },
    { "q": "طائر لا يطير؟", "a": "النعامة", "o": ["النعامة", "الصقر", "النسر", "الحمامة"] },
    { "q": "شيء يمحو ما كتبته؟", "a": "الممحاة", "o": ["الممحاة", "القلم", "المسطرة", "الورقة"] },
    { "q": "شيء له أربعة أرجل ولا يمشي؟", "a": "الطاولة", "o": ["الطاولة", "الكرسي", "السرير", "الحصان"] }
  ]
}