{
  "type": "riddles",
  "sub": "math",
  "easy": [
    { "q": "5 × 5 = ؟", "a": "25", "o": ["25", "20", "30", "15"] },
    { "q": "نصف الـ 10؟", "a": "5", "o": ["5", "2", "4", "6"] },
    { "q": "أضلاع المثلث؟", "a": "3", "o": ["3", "4", "5", "2"] },
    { "q": "أضلاع المربع؟", "a": "4", "o": ["4", "3", "5", "6"] },
    { "q": "100 - 1 = ؟", "a": "99", "o": ["99", "90", "101", "0"] },
    { "q": "عدد أصابع اليد؟", "a": "5", "o": ["5", "10", "4", "6"] },
    { "q": "ضعف العدد 3؟", "a": "6", "o": ["6", "9", "3", "12"] },
    { "q": "رقم لا قيمة له يساراً؟", "a": "0", "o": ["0", "1", "9", "5"] },
    { "q": "أكبر رقم فردي؟", "a": "9", "o": ["9", "8", "1", "7"] },
    { "q": "شكل بلا زوايا؟", "a": "الدائرة", "o": ["الدائرة", "المربع", "المثلث", "المستطيل"] },
    { "q": "10 + 10 = ؟", "a": "20", "o": ["20", "10", "30", "100"] },
    { "q": "3 × 3 = ؟", "a": "9", "o": ["9", "6", "12", "3"] },
    { "q": "ربع الـ 4؟", "a": "1", "o": ["1", "2", "0.5", "4"] },
    { "q": "سنتيمتر في المتر؟", "a": "100", "o": ["100", "10", "1000", "50"] },
    { "q": "أصفار المليون؟", "a": "6", "o": ["6", "5", "9", "3"] },
    { "q": "أصفار الألف؟", "a": "3", "o": ["3", "2", "4", "6"] },
    { "q": "15 + 5 = ؟", "a": "20", "o": ["20", "25", "10", "30"] },
    { "q": "8 ÷ 2 = ؟", "a": "4", "o": ["4", "2", "6", "1"] },
    { "q": "رقم الحظ الشائع؟", "a": "7", "o": ["7", "13", "4", "666"] },
    { "q": "زوايا المربع؟", "a": "4", "o": ["4", "3", "2", "5"] },
    { "q": "يوم في الأسبوع؟", "a": "7", "o": ["7", "6", "5", "8"] },
    { "q": "ساعة في اليوم؟", "a": "24", "o": ["24", "12", "48", "60"] },
    { "q": "دقيقة في الساعة؟", "a": "60", "o": ["60", "30", "100", "24"] },
    { "q": "ثانية في الدقيقة؟", "a": "60", "o": ["60", "30", "100", "12"] },
    { "q": "نصف الدائرة؟", "a": "180 درجة", "o": ["180 درجة", "360 درجة", "90 درجة", "45 درجة"] },
    { "q": "زاوية قائمة؟", "a": "90 درجة", "o": ["90 درجة", "45 درجة", "180 درجة", "60 درجة"] },
    { "q": "10 × 0 = ؟", "a": "0", "o": ["0", "10", "1", "100"] },
    { "q": "10 × 1 = ؟", "a": "10", "o": ["10", "1", "0", "11"] },
    { "q": "أصغر عدد زوجي؟", "a": "2", "o": ["2", "0", "4", "1"] },
    { "q": "العدد الأولي الوحيد الزوجي؟", "a": "2", "o": ["2", "4", "6", "8"] }
  ],
  "medium": [
    { "q": "جذر 81؟", "a": "9", "o": ["9", "8", "7", "6"] },
    { "q": "جذر 64؟", "a": "8", "o": ["8", "6", "4", "16"] },
    { "q": "مربع الـ 10؟", "a": "100", "o": ["100", "20", "50", "1000"] },
    { "q": "مربع الـ 5؟", "a": "25", "o": ["25", "10", "15", "50"] },
    { "q": "مجموع زوايا المثلث؟", "a": "180", "o": ["180", "360", "90", "270"] },
    { "q": "مجموع زوايا المربع؟", "a": "360", "o": ["360", "180", "90", "270"] },
    { "q": "50% من 80؟", "a": "40", "o": ["40", "20", "60", "50"] },
    { "q": "ربع الـ 100؟", "a": "25", "o": ["25", "50", "20", "10"] },
    { "q": "ثلث الـ 30؟", "a": "10", "o": ["10", "3", "15", "20"] },
    { "q": "12 × 12 = ؟", "a": "144", "o": ["144", "122", "124", "140"] },
    { "q": "11 × 11 = ؟", "a": "121", "o": ["121", "111", "110", "100"] },
    { "q": "الأعداد الأولية أقل من 5؟", "a": "2 و 3", "o": ["2 و 3", "1 و 2", "3 و 5", "1 و 3"] },
    { "q": "العدد PI (ط)؟", "a": "3.14", "o": ["3.14", "3.41", "3.12", "3.5"] },
    { "q": "2 أس 3؟", "a": "8", "o": ["8", "6", "9", "5"] },
    { "q": "3 أس 2؟", "a": "9", "o": ["9", "6", "8", "27"] },
    { "q": "10 أس 2؟", "a": "100", "o": ["100", "20", "1000", "200"] },
    { "q": "ساعة وربع بالدقائق؟", "a": "75", "o": ["75", "90", "60", "100"] },
    { "q": "إلا ربع تعني؟", "a": "45 دقيقة", "o": ["45 دقيقة", "15 دقيقة", "30 دقيقة", "50 دقيقة"] },
    { "q": "الرقم الروماني X؟", "a": "10", "o": ["10", "5", "1", "50"] },
    { "q": "الرقم الروماني V؟", "a": "5", "o": ["5", "10", "1", "2"] },
    { "q": "الرقم الروماني I؟", "a": "1", "o": ["1", "5", "10", "0"] },
    { "q": "ناتج قسمة الصفر على عدد؟", "a": "0", "o": ["0", "1", "نفس العدد", "غير معرف"] },
    { "q": "القسمة على صفر؟", "a": "غير معرفة", "o": ["غير معرفة", "0", "1", "لانهاية"] },
    { "q": "الزاوية الحادة؟", "a": "أقل من 90", "o": ["أقل من 90", "90", "أكثر من 90", "180"] },
    { "q": "الزاوية المنفرجة؟", "a": "أكثر من 90", "o": ["أكثر من 90", "90", "أقل من 90", "180"] },
    { "q": "خمس الـ 50؟", "a": "10", "o": ["10", "5", "25", "20"] },
    { "q": "عشر الـ 100؟", "a": "10", "o": ["10", "20", "50", "1"] },
    { "q": "1 + 2 + 3 + 4 = ؟", "a": "10", "o": ["10", "9", "12", "8"] },
    { "q": "مقلوب الـ 2؟", "a": "نصف", "o": ["نصف", "4", "-2", "0"] },
    { "q": "عدد أضلاع المكعب؟", "a": "12", "o": ["12", "6", "8", "4"] }
  ],
  "hard": [
    { "q": "2 + 2 × 2 = ؟", "a": "6", "o": ["6", "8", "4", "10"] },
    { "q": "5 + 5 × 0 = ؟", "a": "5", "o": ["5", "0", "10", "25"] },
    { "q": "نصف الـ 2 + 2 = ؟", "a": "3", "o": ["3", "2", "4", "1"] },
    { "q": "جذر الـ 144؟", "a": "12", "o": ["12", "11", "10", "14"] },
    { "q": "2 أس 10؟", "a": "1024", "o": ["1024", "512", "2048", "100"] },
    { "q": "مجموع 1 إلى 10؟", "a": "55", "o": ["55", "50", "45", "60"] },
    { "q": "الرقم الروماني L؟", "a": "50", "o": ["50", "100", "10", "5"] },
    { "q": "الرقم الروماني C؟", "a": "100", "o": ["100", "50", "1000", "500"] },
    { "q": "الرقم الروماني M؟", "a": "1000", "o": ["1000", "500", "100", "50"] },
    { "q": "أوجه المكعب؟", "a": "6", "o": ["6", "8", "12", "4"] },
    { "q": "رؤوس المكعب؟", "a": "8", "o": ["8", "6", "12", "10"] },
    { "q": "0! (مضروب الصفر)؟", "a": "1", "o": ["1", "0", "غير معرف", "-1"] },
    { "q": "3! (مضروب 3)؟", "a": "6", "o": ["6", "3", "9", "1"] },
    { "q": "العدد الثنائي 10؟", "a": "2", "o": ["2", "10", "1", "3"] },
    { "q": "العدد الثنائي 11؟", "a": "3", "o": ["3", "2", "11", "4"] },
    { "q": "احتمال الصورة في العملة؟", "a": "50%", "o": ["50%", "100%", "25%", "0%"] },
    { "q": "احتمال 6 في النرد؟", "a": "1/6", "o": ["1/6", "1/2", "1/3", "1/5"] },
    { "q": "مليار يساوي؟", "a": "ألف مليون", "o": ["ألف مليون", "مائة مليون", "10 مليون", "تريليون"] },
    { "q": "زاوية الخط المستقيم؟", "a": "180", "o": ["180", "360", "90", "0"] },
    { "q": "زاوية الدائرة الكاملة؟", "a": "360", "o": ["360", "180", "720", "90"] },
    { "q": "13 × 2 = ؟", "a": "26", "o": ["26", "36", "23", "32"] },
    { "q": "15 × 3 = ؟", "a": "45", "o": ["45", "35", "55", "40"] },
    { "q": "25 × 4 = ؟", "a": "100", "o": ["100", "75", "125", "50"] },
    { "q": "أضلاع المسدس؟", "a": "6", "o": ["6", "5", "7", "8"] },
    { "q": "أضلاع المثمن؟", "a": "8", "o": ["8", "7", "6", "9"] },
    { "q": "10% من 50؟", "a": "5", "o": ["5", "10", "15", "1"] },
    { "q": "20% من 20؟", "a": "4", "o": ["4", "2", "10", "5"] },
    { "q": "ثلث التسعة؟", "a": "3", "o": ["3", "6", "1", "9"] },
    { "q": "ضعف الضعف (4x)؟", "a": "أربعة أمثال", "o": ["أربعة أمثال", "مثلي", "ثلاثة أمثال", "خمسة أمثال"] },
    { "q": "درزن (دزينة)؟", "a": "12", "o": ["12", "10", "6", "24"] }
  ]
}