{
  "type": "riddles",
  "sub": "patterns",
  "easy": [
    { "q": "2, 4, 6, ...؟", "a": "8", "o": ["8", "10", "7", "12"] },
    { "q": "5, 10, 15, ...؟", "a": "20", "o": ["20", "25", "30", "18"] },
    { "q": "10, 20, 30, ...؟", "a": "40", "o": ["40", "50", "60", "35"] },
    { "q": "أ، ب، ت، ...؟", "a": "ث", "o": ["ث", "ج", "ح", "خ"] },
    { "q": "سبت، أحد، اثنين، ...؟", "a": "ثلاثاء", "o": ["ثلاثاء", "أربعاء", "خميس", "جمعة"] },
    { "q": "1, 1, 1, ...؟", "a": "1", "o": ["1", "2", "3", "0"] },
    { "q": "100, 90, 80, ...؟", "a": "70", "o": ["70", "60", "110", "50"] },
    { "q": "أحمر، أزرق، أحمر، ...؟", "a": "أزرق", "o": ["أزرق", "أحمر", "أخضر", "أصفر"] },
    { "q": "1, 3, 5, ...؟", "a": "7", "o": ["7", "9", "8", "6"] },
    { "q": "A, B, C, ...؟", "a": "D", "o": ["D", "E", "F", "G"] },
    { "q": "دائرة، مربع، دائرة، ...؟", "a": "مربع", "o": ["مربع", "دائرة", "مثلث", "مستطيل"] },
    { "q": "1, 2, 4, ...؟", "a": "8", "o": ["8", "6", "10", "16"] },
    { "q": "محرم، صفر، ...؟", "a": "ربيع أول", "o": ["ربيع أول", "ربيع ثاني", "رجب", "رمضان"] },
    { "q": "شتاء، ربيع، ...؟", "a": "صيف", "o": ["صيف", "خريف", "مطر", "حر"] },
    { "q": "20, 15, 10, ...؟", "a": "5", "o": ["5", "0", "15", "25"] },
    { "q": "11, 22, 33, ...؟", "a": "44", "o": ["44", "55", "66", "40"] },
    { "q": "9, 8, 7, ...؟", "a": "6", "o": ["6", "5", "10", "1"] },
    { "q": "10, 100, 1000, ...؟", "a": "10000", "o": ["10000", "100", "2000", "5000"] },
    { "q": "يناير، فبراير، ...؟", "a": "مارس", "o": ["مارس", "أبريل", "مايو", "يونيو"] },
    { "q": "3, 3, 3, ...؟", "a": "3", "o": ["3", "6", "9", "0"] },
    { "q": "أبيض، أسود، أبيض، ...؟", "a": "أسود", "o": ["أسود", "أبيض", "رمادي", "أحمر"] },
    { "q": "شمال، جنوب، شمال، ...؟", "a": "جنوب", "o": ["جنوب", "شرق", "غرب", "فوق"] },
    { "q": "1.5, 2.5, 3.5, ...؟", "a": "4.5", "o": ["4.5", "5.5", "4", "5"] },
    { "q": "50, 100, 150, ...؟", "a": "200", "o": ["200", "250", "300", "100"] },
    { "q": "2, 4, 8, ...؟", "a": "16", "o": ["16", "12", "10", "14"] },
    { "q": "3, 6, 9, ...؟", "a": "12", "o": ["12", "15", "10", "18"] },
    { "q": "7, 14, 21, ...؟", "a": "28", "o": ["28", "35", "30", "25"] },
    { "q": "40, 30, 20, ...؟", "a": "10", "o": ["10", "0", "15", "5"] },
    { "q": "1, 0, 1, ...؟", "a": "0", "o": ["0", "1", "2", "-1"] },
    { "q": "قمر، شمس، قمر، ...؟", "a": "شمس", "o": ["شمس", "نجم", "سحاب", "ليل"] }
  ],
  "medium": [
    { "q": "1, 4, 9, ...؟", "a": "16", "o": ["16", "25", "12", "20"] },
    { "q": "1, 1, 2, 3, ...؟", "a": "5", "o": ["5", "4", "6", "8"] },
    { "q": "2, 3, 5, 7, ...؟", "a": "11", "o": ["11", "9", "13", "15"] },
    { "q": "3, 6, 12, ...؟", "a": "24", "o": ["24", "18", "30", "36"] },
    { "q": "أ، ت، ج، خ، ...؟", "a": "ذ", "o": ["ذ", "د", "ر", "ز"] },
    { "q": "يناير، مارس، ...؟", "a": "مايو", "o": ["مايو", "يونيو", "أبريل", "يوليو"] },
    { "q": "100, 50, 25, ...؟", "a": "12.5", "o": ["12.5", "10", "15", "20"] },
    { "q": "1, 8, 27, ...؟", "a": "64", "o": ["64", "81", "36", "100"] },
    { "q": "80, 40, 20, ...؟", "a": "10", "o": ["10", "5", "15", "0"] },
    { "q": "شمال، شرق، جنوب، ...؟", "a": "غرب", "o": ["غرب", "شمال", "فوق", "تحت"] },
    { "q": "12, 12, 12, ...؟", "a": "12", "o": ["12", "24", "0", "1"] },
    { "q": "2, 5, 8, ...؟", "a": "11", "o": ["11", "10", "12", "13"] },
    { "q": "99, 88, 77, ...؟", "a": "66", "o": ["66", "55", "44", "70"] },
    { "q": "1.5, 3, 4.5, ...؟", "a": "6", "o": ["6", "7.5", "5", "9"] },
    { "q": "أ، ب، ج، د، ...؟", "a": "هـ", "o": ["هـ", "و", "ز", "ح"] },
    { "q": "1, 10, 100, ...؟", "a": "1000", "o": ["1000", "10000", "110", "200"] },
    { "q": "سبت، اثنين، أربعاء، ...؟", "a": "جمعة", "o": ["جمعة", "خميس", "أحد", "ثلاثاء"] },
    { "q": "ظهر، مغرب، ...؟", "a": "عشاء", "o": ["عشاء", "فجر", "عصر", "شروق"] },
    { "q": "4, 9, 16, ...؟", "a": "25", "o": ["25", "36", "20", "30"] },
    { "q": "5, 25, 125, ...؟", "a": "625", "o": ["625", "225", "100", "500"] },
    { "q": "أ، ل، أ، ل، ...؟", "a": "أ", "o": ["أ", "ل", "م", "ك"] },
    { "q": "1, -1, 1, ...؟", "a": "-1", "o": ["-1", "1", "0", "2"] },
    { "q": "10, 8, 6, ...؟", "a": "4", "o": ["4", "2", "0", "5"] },
    { "q": "30, 25, 20, ...؟", "a": "15", "o": ["15", "10", "5", "0"] },
    { "q": "1, 2, 6, ...؟", "a": "24", "o": ["24", "12", "36", "18"] },
    { "q": "81, 27, 9, ...؟", "a": "3", "o": ["3", "1", "0", "6"] },
    { "q": "20, 40, 80, ...؟", "a": "160", "o": ["160", "100", "120", "140"] },
    { "q": "111, 222, 333, ...؟", "a": "444", "o": ["444", "555", "400", "334"] },
    { "q": "12, 24, 36, ...؟", "a": "48", "o": ["48", "50", "60", "40"] },
    { "q": "1000, 500, 250, ...؟", "a": "125", "o": ["125", "100", "150", "200"] }
  ],
  "hard": [
    { "q": "31, 28, 31, 30, ...؟", "a": "31", "o": ["31", "30", "29", "28"] },
    { "q": "و، ث، ث، أ، خ، ...؟", "a": "ج", "o": ["ج", "س", "أ", "ن"] },
    { "q": "61, 52, 63, 94, ...؟", "a": "46", "o": ["46", "18", "25", "36"] },
    { "q": "13, 21, 34, ...؟", "a": "55", "o": ["55", "45", "60", "50"] },
    { "q": "ض، ص، ث، ق، ...؟", "a": "ف", "o": ["ف", "غ", "ع", "هـ"] },
    { "q": "1, 11, 21, ...؟", "a": "1211", "o": ["1211", "1112", "3122", "2111"] },
    { "q": "77, 49, 36, ...؟", "a": "18", "o": ["18", "24", "12", "16"] },
    { "q": "1, 2, 6, 24, ...؟", "a": "120", "o": ["120", "100", "60", "90"] },
    { "q": "2, 9, 28, ...؟", "a": "65", "o": ["65", "50", "70", "100"] },
    { "q": "O, T, T, F, F, ...؟", "a": "S", "o": ["S", "E", "N", "T"] },
    { "q": "ي، ف، م، أ، م، ...؟", "a": "ي", "o": ["ي", "ج", "ش", "ر"] },
    { "q": "12, 1, 1, 1, 2, ...؟", "a": "1", "o": ["1", "3", "4", "2"] },
    { "q": "1, 32, 243, ...؟", "a": "1024", "o": ["1024", "500", "2000", "64"] },
    { "q": "2, 3, 5, 7, 11, ...؟", "a": "13", "o": ["13", "15", "17", "19"] },
    { "q": "0, 1, 10, 11, ...؟", "a": "100", "o": ["100", "101", "111", "110"] },
    { "q": "z, y, x, ...؟", "a": "w", "o": ["w", "v", "u", "t"] },
    { "q": "ي، و، ن، ...؟", "a": "م", "o": ["م", "ل", "ك", "ق"] },
    { "q": "1, 4, 27, 256, ...؟", "a": "3125", "o": ["3125", "1024", "500", "625"] },
    { "q": "5, 11, 23, 47, ...؟", "a": "95", "o": ["95", "94", "100", "80"] },
    { "q": "1, 2, 4, 7, 11, ...؟", "a": "16", "o": ["16", "15", "18", "20"] },
    { "q": "3, 3, 5, 4, 4, 3, ...؟", "a": "5", "o": ["5", "3", "4", "6"] },
    { "q": "M, T, W, T, F, ...؟", "a": "S", "o": ["S", "M", "T", "W"] },
    { "q": "1000, 10, 1000, ...؟", "a": "10", "o": ["10", "100", "1", "0"] },
    { "q": "1, 1/2, 1/4, ...؟", "a": "1/8", "o": ["1/8", "1/6", "1/10", "1/16"] },
    { "q": "0, 1, 1, 2, 3, ...؟", "a": "5", "o": ["5", "4", "6", "8"] },
    { "q": "10, 20, 21, 42, 43, ...؟", "a": "86", "o": ["86", "84", "44", "85"] },
    { "q": "1, 8, 11, 69, ...؟", "a": "88", "o": ["88", "96", "101", "111"] },
    { "q": "A, C, F, J, ...؟", "a": "O", "o": ["O", "N", "M", "P"] },
    { "q": "1, 5, 14, 30, ...؟", "a": "55", "o": ["55", "60", "50", "45"] },
    { "q": "2, 12, 1112, ...؟", "a": "3112", "o": ["3112", "2112", "1113", "1321"] }
  ]
}