{
  "type": "riddles",
  "sub": "wordplay",
  "easy": [
    { "q": "فاكهة لونها اسمها؟", "a": "البرتقال", "o": ["البرتقال", "الموز", "العنب", "التين"] },
    { "q": "له أسنان ولا يعض؟", "a": "المشط", "o": ["المشط", "المفتاح", "المنشار", "القرش"] },
    { "q": "يكتب ولا يقرأ؟", "a": "القلم", "o": ["القلم", "الكتاب", "النظارة", "المسطرة"] },
    { "q": "له رقبة بلا رأس؟", "a": "القميص", "o": ["القميص", "الزرافة", "الجمل", "النعامة"] },
    { "q": "بيت بلا أبواب؟", "a": "بيت الشعر", "o": ["بيت الشعر", "بيت النمل", "الكهف", "الخيمة"] },
    { "q": "يحملك وتحمله؟", "a": "الحذاء", "o": ["الحذاء", "الحقيبة", "السيارة", "السرير"] },
    { "q": "يقرصك ولا تراه؟", "a": "الجوع", "o": ["الجوع", "البرد", "الهواء", "النملة"] },
    { "q": "كلما أخذت منه كبر؟", "a": "الحفرة", "o": ["الحفرة", "المال", "العمر", "البحر"] },
    { "q": "شيء كلك؟", "a": "اسمك", "o": ["اسمك", "ظلك", "بيتك", "مالك"] },
    { "q": "أخت خالك؟", "a": "أمك", "o": ["أمك", "خالتك", "جدتك", "أختك"] },
    { "q": "ابن أمك وأبيك؟", "a": "أنت", "o": ["أنت", "خالك", "عمك", "جدك"] },
    { "q": "مدينة حمراء وسورها أخضر؟", "a": "البطيخة", "o": ["البطيخة", "الرمانة", "التفاحة", "الفراولة"] },
    { "q": "شهر نحذف أوله يصير فاكهة؟", "a": "تموز", "o": ["تموز", "نيسان", "أيار", "آب"] },
    { "q": "يكسو الناس وهو عار؟", "a": "الإبرة", "o": ["الإبرة", "المقص", "الخيط", "القماش"] },
    { "q": "تذبحه وتبكي عليه؟", "a": "البصل", "o": ["البصل", "الدجاج", "الخروف", "السمك"] },
    { "q": "شيء يكسر بمجرد نطقه؟", "a": "الصمت", "o": ["الصمت", "الزجاج", "الوعد", "السر"] },
    { "q": "يجفف ويبتل؟", "a": "المنشفة", "o": ["المنشفة", "الشمس", "الهواء", "المكواة"] },
    { "q": "بحر بلا ماء؟", "a": "الخريطة", "o": ["الخريطة", "السراب", "الصحراء", "الرسم"] },
    { "q": "يتكلم كل اللغات؟", "a": "الصدى", "o": ["الصدى", "المترجم", "الهاتف", "الببغاء"] },
    { "q": "عقيم، هل تنجب ابنتها؟", "a": "لا", "o": ["لا", "نعم", "ربما", "توأم"] },
    { "q": "في الليل 3 وفي النهار 1؟", "a": "اللام", "o": ["اللام", "النجوم", "القمر", "الشمس"] },
    { "q": "وسط باريس؟", "a": "الراء", "o": ["الراء", "إيفل", "السين", "اللوفر"] },
    { "q": "طائر مقلوبه عجب؟", "a": "بجع", "o": ["بجع", "بوم", "بطة", "نسر"] },
    { "q": "كلمة تجمع كل الحروف؟", "a": "أبجدية", "o": ["أبجدية", "لغة", "قاموس", "كتاب"] },
    { "q": "في الثلاجة ولا يبرد؟", "a": "الفلفل", "o": ["الفلفل", "الماء", "البيض", "الخبز"] },
    { "q": "يمشي بلا رجل ويبكي بلا عين؟", "a": "السحاب", "o": ["السحاب", "النهر", "الطفل", "الرياح"] },
    { "q": "باب لا يفتح؟", "a": "المفتوح", "o": ["المفتوح", "المغلق", "الحديد", "الوهمي"] },
    { "q": "تملكه ولا تلمسه؟", "a": "صوتك", "o": ["صوتك", "أنفك", "شعرك", "أذنك"] },
    { "q": "يوجد في السماء والأرض؟", "a": "نجم", "o": ["نجم", "قمر", "شمس", "سحاب"] },
    { "q": "أوله في لبنان وآخره بالأردن؟", "a": "النون", "o": ["النون", "اللام", "الألف", "الجيم"] }
  ],
  "medium": [
    { "q": "تحذف آخره يصير فرد عائلة؟", "a": "أمجد", "o": ["أمجد", "أحمد", "سعيد", "عمر"] },
    { "q": "تراه بالظلام ولا تراه بالنور؟", "a": "الظلام", "o": ["الظلام", "القمر", "النجم", "الخفاش"] },
    { "q": "تحذف أوله يصير حرف؟", "a": "محرف", "o": ["محرف", "منحرف", "مشرف", "مطرف"] },
    { "q": "يوصلك ولا يتحرك؟", "a": "الطريق", "o": ["الطريق", "السيارة", "الحافلة", "القطار"] },
    { "q": "نهاية الزمان والمكان؟", "a": "النون", "o": ["النون", "الميم", "الألف", "الياء"] },
    { "q": "جملة تقرأ بالمقلوب؟", "a": "دام علا العماد", "o": ["دام علا العماد", "ذهب الولد", "أكل التفاحة", "نام الطفل"] },
    { "q": "لسان ولا يتكلم؟", "a": "الحذاء", "o": ["الحذاء", "القلم", "الجدار", "الباب"] },
    { "q": "كلما زاد نقص؟", "a": "العمر", "o": ["العمر", "المال", "الوزن", "الطول"] },
    { "q": "تغليه يجمد؟", "a": "البيض", "o": ["البيض", "الماء", "الحليب", "الزيت"] },
    { "q": "يدخل الماء ولا يبتل؟", "a": "الضوء", "o": ["الضوء", "السمك", "الحجر", "الخشب"] },
    { "q": "عقرب لا يخيف؟", "a": "الساعة", "o": ["الساعة", "الرمل", "الألعاب", "الميت"] },
    { "q": "ابن الماء ويموت فيه؟", "a": "الثلج", "o": ["الثلج", "السمك", "الملح", "السكر"] },
    { "q": "حيوان مقلوبه يتبعك؟", "a": "قط (طق)", "o": ["قط", "كلب", "فأر", "أسد"] },
    { "q": "نصفه سم؟", "a": "سمسم", "o": ["سمسم", "فلفل", "ثوم", "بصل"] },
    { "q": "يسمع بلا أذن؟", "a": "التلفون", "o": ["التلفون", "الجدار", "الكتاب", "القلم"] },
    { "q": "أهون موجود وأعز مفقود؟", "a": "الماء", "o": ["الماء", "المال", "الذهب", "الصديق"] },
    { "q": "حامل ومحمول؟", "a": "القارب", "o": ["القارب", "الحذاء", "الحقيبة", "السرير"] },
    { "q": "له عين ولا يرى؟", "a": "الإبرة", "o": ["الإبرة", "المسمار", "الصورة", "القلم"] },
    { "q": "يأكل ولا يشبع؟", "a": "النار", "o": ["النار", "الأسد", "الحوت", "الإنسان"] },
    { "q": "لا يقطع إلا إذا أصبعت عينيه؟", "a": "المقص", "o": ["المقص", "السكين", "السيف", "المنشار"] },
    { "q": "جسم أسود وقلب أبيض؟", "a": "الباذنجان", "o": ["الباذنجان", "الفحم", "الغراب", "الليل"] },
    { "q": "له أوراق وليس نبات؟", "a": "الدفتر", "o": ["الدفتر", "الخشب", "البلاستيك", "القماش"] },
    { "q": "له جلد وليس حيوان؟", "a": "الكتاب", "o": ["الكتاب", "الحقيبة", "الحزام", "المحفظة"] },
    { "q": "يدور حول نفسه؟", "a": "عقرب الساعة", "o": ["عقرب الساعة", "الأرض", "المروحة", "السيارة"] },
    { "q": "يرى كل شيء بلا عيون؟", "a": "المرآة", "o": ["المرآة", "الكاميرا", "النظارة", "التلفاز"] },
    { "q": "يخترق الغابة بلا صوت؟", "a": "الضوء", "o": ["الضوء", "الريح", "النمر", "الطائر"] },
    { "q": "شيء لا وزن له؟", "a": "الظل", "o": ["الظل", "الريشة", "الهواء", "الدخان"] },
    { "q": "شيء إذا أكلته كله مت؟", "a": "السم", "o": ["السم", "الفلفل", "الملح", "السكر"] },
    { "q": "مليء بالثقوب ويحفظ الماء؟", "a": "الإسفنج", "o": ["الإسفنج", "الشبكة", "الكوب", "الدلو"] },
    { "q": "شيء لا يصدأ؟", "a": "الذهب", "o": ["الذهب", "الحديد", "النحاس", "الفضة"] }
  ],
  "hard": [
    { "q": "حيوان مقلوبه بري؟", "a": "حبار (رباح)", "o": ["حبار", "قرش", "حوت", "سردين"] },
    { "q": "شيء قلبه يأكل قشره؟", "a": "الشمعة", "o": ["الشمعة", "الموزة", "البيضة", "البرتقالة"] },
    { "q": "نهر بلا ماء؟", "a": "على الخريطة", "o": ["على الخريطة", "الجاف", "القديم", "الوهمي"] },
    { "q": "شيء لا يمشي إلا بالضرب؟", "a": "المسمار", "o": ["المسمار", "الحمار", "الكرة", "الجرس"] },
    { "q": "شيء في كل بيت؟", "a": "حرف الياء", "o": ["حرف الياء", "الباب", "السقف", "النوافذ"] },
    { "q": "شيء ينام بحذائه؟", "a": "الحصان", "o": ["الحصان", "الكلب", "القط", "الأسد"] },
    { "q": "شيء لا يبرد بالثلاجة؟", "a": "الفلفل", "o": ["الفلفل", "الماء", "الزيت", "الخبز"] },
    { "q": "بين السماء والأرض؟", "a": "حرف الواو", "o": ["حرف الواو", "الهواء", "السحاب", "الطيور"] },
    { "q": "شيء يطير بلا جناح؟", "a": "الدخان", "o": ["الدخان", "الصاروخ", "الطائرة", "البالون"] },
    { "q": "شيء له إبهام وأصابع وليس يد؟", "a": "القفاز", "o": ["القفاز", "القدم", "الجورب", "الكم"] },
    { "q": "شيء كلما نظفته اسود؟", "a": "السبورة", "o": ["السبورة", "الثوب", "الوجه", "الحذاء"] },
    { "q": "شيء تأكله قبل ولادته وبعد موته؟", "a": "الدجاج", "o": ["الدجاج", "السمك", "الخروف", "البقر"] },
    { "q": "شيء يلد ولا يبيض؟", "a": "الخفاش", "o": ["الخفاش", "النعامة", "العصفور", "التمساح"] },
    { "q": "شيء يرفع أثقالاً ولا يرفع مسمار؟", "a": "البحر", "o": ["البحر", "الونش", "الفيل", "الرجل"] },
    { "q": "شيء يغلبك بلا أذى؟", "a": "النوم", "o": ["النوم", "البرد", "الجوع", "الحر"] },
    { "q": "شيء تذبحه ولا يموت؟", "a": "الوقت", "o": ["الوقت", "الجماد", "النبات", "الهواء"] },
    { "q": "شيء يسافر ويبقى في الزاوية؟", "a": "الطابع", "o": ["الطابع", "الحقيبة", "المسافر", "الرسالة"] },
    { "q": "له تاج وليس ملك؟", "a": "الهدهد", "o": ["الهدهد", "الأسد", "النسر", "الديك"] },
    { "q": "شيء يدخل القبور بالليل والقصور بالنهار؟", "a": "المتاع", "o": ["المتاع", "الضوء", "الهواء", "الحارس"] },
    { "q": "شيء أعمى وأخرس وأطرش ولا يمشي إلا على رأسه؟", "a": "القلم", "o": ["القلم", "المسمار", "الدبوس", "العصا"] },
    { "q": "شيء يأخذ منك قبل أن يعطيك؟", "a": "الصورة", "o": ["الصورة", "المرآة", "البنك", "الأرض"] },
    { "q": "شيء خلف الكلب أينما ذهب؟", "a": "ذيله", "o": ["ذيله", "ظله", "صوته", "رائحته"] },
    { "q": "شيء ترميه كلما احتجت إليه؟", "a": "شبكة الصيد", "o": ["شبكة الصيد", "القلم", "الكرة", "المال"] },
    { "q": "شيء لا يعمل إلا إذا وضعت أصابعك في عينيه؟", "a": "المقص", "o": ["المقص", "النظارة", "القناع", "القفاز"] },
    { "q": "شيء كلما كثر غلا وكلما قل رخص؟", "a": "العقل", "o": ["العقل", "الذهب", "الماء", "الطعام"] },
    { "q": "شيء له وجهان ولا يرى؟", "a": "العملة", "o": ["العملة", "الورقة", "الكتاب", "الجدار"] },
    { "q": "شيء يسير بلا رجلين؟", "a": "النهر", "o": ["النهر", "الثعبان", "القطار", "الوقت"] },
    { "q": "شيء له نفس وزن الفيل ولكن لا يزن غراماً؟", "a": "ظل الفيل", "o": ["ظل الفيل", "صورة الفيل", "رسمة الفيل", "روح الفيل"] },
    { "q": "شيء يملك مدناً، ولكن ليس لديه منازل؟", "a": "الخريطة", "o": ["الخريطة", "الكتاب", "التلفاز", "العالم"] },
    { "q": "شيء كلما زاد نقص ما تراه؟", "a": "الظلام", "o": ["الظلام", "الضباب", "الدخان", "الضوء"] }
  ]
}