{
  "type": "animals",
  "sub": "arabia_wildlife",
  "easy": [
    { "q": "سفينة الصحراء؟", "a": "الجمل", "o": ["الجمل", "الحصان", "الحمار", "البغل"] },
    { "q": "طائر الصيد الأول؟", "a": "الصقر", "o": ["الصقر", "النسر", "البومة", "الغراب"] },
    { "q": "حيوان له سنام؟", "a": "الإبل", "o": ["الإبل", "البقر", "الماعز", "الخيل"] },
    { "q": "زاحف ذيله شوكي؟", "a": "الضب", "o": ["الضب", "الورل", "الثعبان", "السحلية"] },
    { "q": "صغير الناقة؟", "a": "حوار", "o": ["حوار", "مهر", "جرو", "حمل"] },
    { "q": "حيوان يعوي ليلاً؟", "a": "الذئب", "o": ["الذئب", "الثعلب", "الكلب", "القط"] },
    { "q": "حيوان يلدغ بإبرة؟", "a": "العقرب", "o": ["العقرب", "النملة", "الخنفساء", "الجرادة"] },
    { "q": "طائر سريع لا يطير؟", "a": "النعامة", "o": ["النعامة", "الدجاجة", "البطريق", "الطاووس"] },
    { "q": "حيوان له قرون جميلة؟", "a": "الغزال", "o": ["الغزال", "الأرنب", "الثعلب", "الذئب"] },
    { "q": "حيوان يلقب أبو شوك؟", "a": "القنفذ", "o": ["القنفذ", "النيص", "الضب", "الفأر"] },
    { "q": "عدد أرجل العنكبوت؟", "a": "8", "o": ["8", "6", "4", "10"] },
    { "q": "زاحف يغير لونه؟", "a": "الحرباء", "o": ["الحرباء", "الضب", "الورل", "الثعبان"] },
    { "q": "أسرع حيوان بري؟", "a": "الفهد", "o": ["الفهد", "الأسد", "النمر", "الذئب"] },
    { "q": "زاحف بلا أقدام؟", "a": "الثعبان", "o": ["الثعبان", "الضب", "التمساح", "السلحفاة"] },
    { "q": "طائر ينشط ليلاً؟", "a": "البومة", "o": ["البومة", "الصقر", "الحمامة", "العصفور"] },
    { "q": "حيوان يغطي جسمه الصوف؟", "a": "الخروف", "o": ["الخروف", "الماعز", "الإبل", "البقر"] },
    { "q": "ماذا يغطي جسم الجمل؟", "a": "الوبر", "o": ["الوبر", "الشعر", "الصوف", "الريش"] },
    { "q": "حيوان صديق الإنسان؟", "a": "الخيل", "o": ["الخيل", "الذئب", "الضبع", "الثعلب"] },
    { "q": "حشرة تنتج العسل؟", "a": "النحل", "o": ["النحل", "الذباب", "البعوض", "النمل"] },
    { "q": "حيوان يحمل بيته؟", "a": "السلحفاة", "o": ["السلحفاة", "القنفذ", "الضب", "الورل"] },
    { "q": "حيوان يسمى أبو حصين؟", "a": "الثعلب", "o": ["الثعلب", "الذئب", "الضبع", "الكلب"] },
    { "q": "طائر يقلد الأصوات؟", "a": "الببغاء", "o": ["الببغاء", "الغراب", "الصقر", "النسر"] },
    { "q": "حيوان له خرطوم؟", "a": "الفيل", "o": ["الفيل", "الزرافة", "الجمل", "وحيد القرن"] },
    { "q": "ملك الغابة؟", "a": "الأسد", "o": ["الأسد", "النمر", "الفهد", "الذئب"] },
    { "q": "حيوان يقفز وجيوبه ببطنه؟", "a": "الكنغر", "o": ["الكنغر", "الأرنب", "اليربوع", "الفأر"] },
    { "q": "أضخم حيوان بحري؟", "a": "الحوت", "o": ["الحوت", "القرش", "الدلفين", "الأخطبوط"] },
    { "q": "حيوان منقرض ضخم؟", "a": "الديناصور", "o": ["الديناصور", "الفيل", "الحوت", "التنين"] },
    { "q": "طائر يرمز للسلام؟", "a": "الحمامة", "o": ["الحمامة", "الغراب", "الصقر", "النسر"] },
    { "q": "حشرة مزعجة تمتص الدم؟", "a": "البعوضة", "o": ["البعوضة", "الذبابة", "النحلة", "الفراشة"] },
    { "q": "حيوان يبني السدود؟", "a": "القندس", "o": ["القندس", "الفأر", "الأرنب", "الثعلب"] }
  ],
  "medium": [
    { "q": "لون المها العربي؟", "a": "أبيض", "o": ["أبيض", "بني", "أسود", "رمادي"] },
    { "q": "بيئة طائر الحبارى؟", "a": "الصحراء", "o": ["الصحراء", "الغابة", "الجبال", "البحر"] },
    { "q": "قارض صحراوي يقفز؟", "a": "اليربوع", "o": ["اليربوع", "الفأر", "السنجاب", "الأرنب"] },
    { "q": "غذاء الضب الرئيسي؟", "a": "النبات", "o": ["النبات", "اللحم", "الحشرات", "الماء"] },
    { "q": "صوت الذئب؟", "a": "عواء", "o": ["عواء", "نباح", "زئير", "مواء"] },
    { "q": "صوت الحصان؟", "a": "صهيل", "o": ["صهيل", "نهيق", "خوار", "ثغاء"] },
    { "q": "حيوان منقرض من الجزيرة؟", "a": "النعامة العربية", "o": ["النعامة العربية", "المها", "الضبع", "الذئب"] },
    { "q": "أين يعيش الوبر؟", "a": "الصخور", "o": ["الصخور", "الرمال", "الأشجار", "الماء"] },
    { "q": "أخطر عقرب محلي؟", "a": "السوداء", "o": ["السوداء", "الصفراء", "الحمراء", "الخضراء"] },
    { "q": "نوع غزال محلي؟", "a": "الريم", "o": ["الريم", "الإلك", "الموس", "الرنة"] },
    { "q": "طائر مهاجر يفضله الصيادون؟", "a": "القمري", "o": ["القمري", "النورس", "الرهو", "الدخل"] },
    { "q": "أنثى الصقر تسمى؟", "a": "شيهانة", "o": ["شيهانة", "لبوة", "فرس", "ناقة"] },
    { "q": "حيوان يسمى بقر البحر؟", "a": "الأطوم", "o": ["الأطوم", "الدلفين", "القرش", "الفقمة"] },
    { "q": "حيوان مخطط يعيش هنا؟", "a": "الضبع المخطط", "o": ["الضبع المخطط", "الحمار الوحشي", "النمر", "القط"] },
    { "q": "حيوان شجاع يهاجم الثعابين؟", "a": "غرير العسل", "o": ["غرير العسل", "الأرنب", "الوبر", "اليربوع"] },
    { "q": "أسرع كلب صيد؟", "a": "السلوقي", "o": ["السلوقي", "الراعي", "البوكسر", "الهاسكي"] },
    { "q": "زاحف يشبه التمساح؟", "a": "الورل", "o": ["الورل", "الضب", "الحرباء", "البرص"] },
    { "q": "صوت الأفعى؟", "a": "فحيح", "o": ["فحيح", "نقيق", "هديل", "صياح"] },
    { "q": "صوت الأسد؟", "a": "زئير", "o": ["زئير", "عواء", "نباح", "همهمة"] },
    { "q": "حيوان ينام واقفاً؟", "a": "الحصان", "o": ["الحصان", "الكلب", "القط", "الإنسان"] },
    { "q": "طائر يدفن رأسه؟", "a": "النعامة", "o": ["النعامة", "الدجاجة", "البطة", "الإوزة"] },
    { "q": "حيوان له ذاكرة قوية؟", "a": "الجمل", "o": ["الجمل", "السمكة", "الدجاجة", "الأرنب"] },
    { "q": "حيوان يسمى ملك التمويه؟", "a": "الحرباء", "o": ["الحرباء", "الأخطبوط", "الضفدع", "الثعبان"] },
    { "q": "طائر جارح يرى من بعيد؟", "a": "العقاب", "o": ["العقاب", "العصفور", "الحمامة", "البط"] },
    { "q": "حشرة تعيش في مستعمرات؟", "a": "النمل", "o": ["النمل", "الذباب", "الخنافس", "العناكب"] },
    { "q": "حيوان يشم بلسانه؟", "a": "الثعبان", "o": ["الثعبان", "الكلب", "القط", "الذئب"] },
    { "q": "حيوان يتنفس من جلده؟", "a": "الضفدع", "o": ["الضفدع", "السمكة", "السلحفاة", "التمساح"] },
    { "q": "أكبر طائر جارح؟", "a": "النسر", "o": ["النسر", "الصقر", "البومة", "الغراب"] },
    { "q": "حيوان يحب الموز؟", "a": "القرد", "o": ["القرد", "الأسد", "النمر", "الذئب"] },
    { "q": "حيوان له جيب؟", "a": "الكنغر", "o": ["الكنغر", "الكوالا", "الباندا", "الدب"] }
  ],
  "hard": [
    { "q": "الاسم العلمي للمها؟", "a": "أوريكس", "o": ["أوريكس", "غزال", "كابرا", "ليوبارد"] },
    { "q": "بيئة النمر العربي؟", "a": "الجبال", "o": ["الجبال", "الرمال", "السهول", "الشواطئ"] },
    { "q": "أفعى تدفن نفسها بالرمل؟", "a": "أم جنيب", "o": ["أم جنيب", "الصل", "الكوبرا", "الأرقم"] },
    { "q": "الاسم المحلي للكاراكال؟", "a": "الوشق", "o": ["الوشق", "النمر", "الفهد", "القط"] },
    { "q": "لون النسر الأذون؟", "a": "بني داكن", "o": ["بني داكن", "أبيض", "أسود", "رمادي"] },
    { "q": "اسم ظبي المنطقة؟", "a": "الإدمي", "o": ["الإدمي", "الريم", "المها", "الوعل"] },
    { "q": "السقنقور هو؟", "a": "زاحف", "o": ["زاحف", "طائر", "ثديي", "حشرة"] },
    { "q": "سم أفعى الصل الأسود؟", "a": "عصبي", "o": ["عصبي", "دموي", "شللي", "جلدي"] },
    { "q": "الراتل هو؟", "a": "غرير العسل", "o": ["غرير العسل", "النيص", "القنفذ", "اليربوع"] },
    { "q": "أين تقع محازة الصيد؟", "a": "الطائف", "o": ["الطائف", "الرياض", "تبوك", "نجران"] },
    { "q": "تصنيف الوبر الصخري؟", "a": "ثدييات", "o": ["ثدييات", "زواحف", "قوارض", "برمائيات"] },
    { "q": "نشاط الأرنب البري؟", "a": "ليلي", "o": ["ليلي", "نهاري", "فجري", "عصري"] },
    { "q": "سنام الجمل العربي؟", "a": "واحد", "o": ["واحد", "اثنان", "ثلاثة", "لا يوجد"] },
    { "q": "طائر القطا معروف بـ؟", "a": "نقل الماء", "o": ["نقل الماء", "الصيد", "السرعة", "الغناء"] },
    { "q": "النمس يشتهر بقتل؟", "a": "الثعابين", "o": ["الثعابين", "الفئران", "الطيور", "الحشرات"] },
    { "q": "أرجل اليربوع الخلفية؟", "a": "طويلة", "o": ["طويلة", "قصيرة", "مساوية", "منعدمة"] },
    { "q": "الذئب العربي يعيش في؟", "a": "قطعان صغيرة", "o": ["قطعان صغيرة", "منفرداً", "أزواج", "مستعمرات"] },
    { "q": "حيوان يسمى النيص؟", "a": "الدعلج", "o": ["الدعلج", "القنفذ", "الجرذ", "الخلد"] },
    { "q": "طائر يسمى الشبوط؟", "a": "صقر صغير", "o": ["صقر صغير", "نسر", "عقاب", "بومة"] },
    { "q": "حيوان يسمى العضرفوط؟", "a": "زاحف", "o": ["زاحف", "طائر", "ثديي", "سمكة"] },
    { "q": "حيوان يسمى الجربيل؟", "a": "قارض", "o": ["قارض", "زاحف", "طائر", "حشرة"] },
    { "q": "طائر يسمى الدراج؟", "a": "طائر بري", "o": ["طائر بري", "طائر بحري", "جارح", "أليف"] },
    { "q": "حيوان يسمى الفنك؟", "a": "ثعلب", "o": ["ثعلب", "ذئب", "قط", "كلب"] },
    { "q": "حيوان يسمى الرل؟", "a": "فرخ النعام", "o": ["فرخ النعام", "فرخ الصقر", "فرخ العقاب", "فرخ الحمام"] },
    { "q": "حيوان يسمى الهجام؟", "a": "الأسد", "o": ["الأسد", "النمر", "الذئب", "الفهد"] },
    { "q": "حيوان يسمى الأطلس؟", "a": "الذئب", "o": ["الذئب", "الأسد", "الثعلب", "الضبع"] },
    { "q": "حيوان يسمى العسبر؟", "a": "ابن الذئب والضبعة", "o": ["ابن الذئب والضبعة", "ابن الأسد", "ابن النمر", "ابن الكلب"] },
    { "q": "حيوان يسمى السمع؟", "a": "ابن الذئب والضبعة", "o": ["ابن الذئب والضبعة", "ابن الثعلب", "ابن الكلب", "ابن الأسد"] },
    { "q": "حيوان يسمى الشيب؟", "a": "ذئب مسن", "o": ["ذئب مسن", "ضبع", "ثعلب", "كلب"] },
    { "q": "حيوان يسمى الحصني؟", "a": "الثعلب", "o": ["الثعلب", "الذئب", "الضبع", "الكلب"] }
  ]
}