{
  "type": "animals",
  "sub": "classification_behavior",
  "easy": [
    { "q": "الحوت يعتبر؟", "a": "ثديي", "o": ["ثديي", "سمكة", "زاحف", "برمائي"] },
    { "q": "الثعبان يعتبر؟", "a": "زاحف", "o": ["زاحف", "برمائي", "ثديي", "دودة"] },
    { "q": "الضفدع يعتبر؟", "a": "برمائي", "o": ["برمائي", "زاحف", "سمكة", "حشرة"] },
    { "q": "الخفاش يعتبر؟", "a": "ثديي", "o": ["ثديي", "طائر", "زاحف", "حشرة"] },
    { "q": "العنكبوت يعتبر؟", "a": "عنكبيات", "o": ["عنكبيات", "حشرة", "زاحف", "رخويات"] },
    { "q": "القرش يعتبر؟", "a": "سمكة", "o": ["سمكة", "ثديي", "زاحف", "برمائي"] },
    { "q": "البطريق يعتبر؟", "a": "طائر", "o": ["طائر", "ثديي", "سمكة", "زاحف"] },
    { "q": "الدلفين يعتبر؟", "a": "ثديي", "o": ["ثديي", "سمكة", "زاحف", "برمائي"] },
    { "q": "النحلة تعتبر؟", "a": "حشرة", "o": ["حشرة", "طائر", "عنكبيات", "زاحف"] },
    { "q": "السلحفاة تعتبر؟", "a": "زاحف", "o": ["زاحف", "برمائي", "ثديي", "رخويات"] },
    { "q": "حيوان يأكل اللحوم؟", "a": "لاحم", "o": ["لاحم", "عاشب", "قارت", "نباتي"] },
    { "q": "حيوان يأكل الأعشاب؟", "a": "عاشب", "o": ["عاشب", "لاحم", "قارت", "مفترس"] },
    { "q": "الإنسان يعتبر؟", "a": "قارت", "o": ["قارت", "لاحم", "عاشب", "منتج"] },
    { "q": "حيوان ينشط ليلاً؟", "a": "ليلي", "o": ["ليلي", "نهاري", "مهاجر", "سباتي"] },
    { "q": "نوم الشتاء يسمى؟", "a": "سبات", "o": ["سبات", "هجرة", "تخفي", "انسلاخ"] },
    { "q": "سفر الطيور يسمى؟", "a": "هجرة", "o": ["هجرة", "سبات", "تطور", "تكيف"] },
    { "q": "الحيوان الذي يلد؟", "a": "ولود", "o": ["ولود", "بيوض", "زاحف", "طائر"] },
    { "q": "الحيوان الذي يبيض؟", "a": "بيوض", "o": ["بيوض", "ولود", "ثديي", "مرضع"] },
    { "q": "غطاء جسم الطيور؟", "a": "الريش", "o": ["الريش", "الشعر", "الحراشف", "الجلد"] },
    { "q": "غطاء جسم الثدييات؟", "a": "الشعر", "o": ["الشعر", "الريش", "الحراشف", "الصدف"] },
    { "q": "غطاء جسم الزواحف؟", "a": "الحراشف", "o": ["الحراشف", "الريش", "الفرو", "الصوف"] },
    { "q": "تنفس الأسماك بـ؟", "a": "الخياشيم", "o": ["الخياشيم", "الرئتين", "الجلد", "الأنف"] },
    { "q": "حيوان لا عمود فقري له؟", "a": "لافقاري", "o": ["لافقاري", "فقاري", "ثديي", "طائر"] },
    { "q": "أكبر مجموعة حيوانية؟", "a": "الحشرات", "o": ["الحشرات", "الثدييات", "الطيور", "الزواحف"] },
    { "q": "حيوان له صدفة؟", "a": "الحلزون", "o": ["الحلزون", "الديدان", "الضفدع", "السمكة"] },
    { "q": "حيوان يرضع صغاره؟", "a": "الثدييات", "o": ["الثدييات", "الطيور", "الأسماك", "الزواحف"] },
    { "q": "حيوان بدم بارد؟", "a": "التمساح", "o": ["التمساح", "الأسد", "الصقر", "الإنسان"] },
    { "q": "حيوان بدم حار؟", "a": "النسر", "o": ["النسر", "الضفدع", "الثعبان", "القرش"] },
    { "q": "عدد أرجل الحشرة؟", "a": "6", "o": ["6", "8", "4", "10"] },
    { "q": "عدد أرجل العنكبوت؟", "a": "8", "o": ["8", "6", "4", "12"] }
  ],
  "medium": [
    { "q": "ثديي يبيض؟", "a": "منقار البط", "o": ["منقار البط", "الخفاش", "الحوت", "الكنغر"] },
    { "q": "حيوان بجراب؟", "a": "الكنغر", "o": ["الكنغر", "القرد", "الأرنب", "السنجاب"] },
    { "q": "حيوان يغير لونه؟", "a": "الحرباء", "o": ["الحرباء", "التمساح", "السلحفاة", "الورل"] },
    { "q": "تحول اليرقة لفراشة؟", "a": "تحول", "o": ["تحول", "تطور", "انسلاخ", "نمو"] },
    { "q": "تنفس الضفدع البالغ؟", "a": "الرئتين والجلد", "o": ["الرئتين والجلد", "الخياشيم", "الأنف فقط", "الفم"] },
    { "q": "حيوان ينسلخ جلده؟", "a": "الثعبان", "o": ["الثعبان", "السلحفاة", "التمساح", "الضفدع"] },
    { "q": "حيوان يحدد الموقع بالصدى؟", "a": "الخفاش", "o": ["الخفاش", "البومة", "النسر", "القط"] },
    { "q": "الأخطبوط يعتبر؟", "a": "رخويات", "o": ["رخويات", "قشريات", "أسماك", "لاسعات"] },
    { "q": "نجم البحر يعتبر؟", "a": "شوكيات الجلد", "o": ["شوكيات الجلد", "رخويات", "قشريات", "أسفنجيات"] },
    { "q": "الجمبري يعتبر؟", "a": "قشريات", "o": ["قشريات", "رخويات", "أسماك", "لاسعات"] },
    { "q": "حيوانات ثابتة الحرارة؟", "a": "الطيور والثدييات", "o": ["الطيور والثدييات", "الزواحف", "الأسماك", "البرمائيات"] },
    { "q": "حيوانات متغيرة الحرارة؟", "a": "الزواحف", "o": ["الزواحف", "الطيور", "الثدييات", "الإنسان"] },
    { "q": "طائر لا يطير؟", "a": "النعامة", "o": ["النعامة", "الصقر", "الحمامة", "النسر"] },
    { "q": "حشرة تعيش في مجتمع؟", "a": "النمل", "o": ["النمل", "الذباب", "العنكبوت", "الخنفساء"] },
    { "q": "علاقة استفادة متبادلة؟", "a": "تكافل", "o": ["تكافل", "تطفل", "افتراس", "تنافس"] },
    { "q": "علاقة تضر أحدهم؟", "a": "تطفل", "o": ["تطفل", "تكافل", "تعايش", "تزاوج"] },
    { "q": "حيوان مفترس يسمى؟", "a": "مفترس", "o": ["مفترس", "فريسة", "طفيلي", "عاشب"] },
    { "q": "حيوان يؤكل يسمى؟", "a": "فريسة", "o": ["فريسة", "مفترس", "صياد", "لاحم"] },
    { "q": "الأبوسوم يتظاهر بـ؟", "a": "الموت", "o": ["الموت", "النوم", "الهجوم", "المرض"] },
    { "q": "التمويه يعني؟", "a": "التخفي", "o": ["التخفي", "الهجوم", "الهرب", "النوم"] },
    { "q": "حيوان فقاري يطير؟", "a": "الخفاش", "o": ["الخفاش", "السنجاب", "اليربوع", "الفأر"] },
    { "q": "زواحف بلا أرجل؟", "a": "الثعابين", "o": ["الثعابين", "السحالي", "التماسيح", "السلاحف"] },
    { "q": "أذكى اللافقاريات؟", "a": "الأخطبوط", "o": ["الأخطبوط", "الحلزون", "الدودة", "نجم البحر"] },
    { "q": "حيوان له هيكل خارجي؟", "a": "العقرب", "o": ["العقرب", "الضفدع", "الفأر", "السمكة"] },
    { "q": "قنديل البحر يعتبر؟", "a": "لاسعات", "o": ["لاسعات", "رخويات", "قشريات", "أسماك"] },
    { "q": "الإسفنج حيوان أم نبات؟", "a": "حيوان", "o": ["حيوان", "نبات", "جماد", "فطر"] },
    { "q": "دودة الأرض تعتبر؟", "a": "ديدان حلقية", "o": ["ديدان حلقية", "زواحف", "حشرات", "رخويات"] },
    { "q": "حيوان يمتلك خراطيم؟", "a": "الفيل", "o": ["الفيل", "الزرافة", "وحيد القرن", "الأسد"] },
    { "q": "حيوان يمتلك زعانف؟", "a": "السمكة", "o": ["السمكة", "الضفدع", "الثعبان", "الطائر"] },
    { "q": "التنفس من الجلد يميز؟", "a": "البرمائيات", "o": ["البرمائيات", "الزواحف", "الطيور", "الثدييات"] }
  ],
  "hard": [
    { "q": "حيوانات تبيض وترضع؟", "a": "الكظاميات", "o": ["الكظاميات", "الجرابيات", "المشيميات", "الرئيسيات"] },
    { "q": "حيوانات تلد غير مكتمل؟", "a": "الجرابيات", "o": ["الجرابيات", "المشيميات", "الطيور", "الزواحف"] },
    { "q": "المرجان يعتبر؟", "a": "لاسعات", "o": ["لاسعات", "نبات", "حجر", "أسفنجيات"] },
    { "q": "فرس البحر يعتبر؟", "a": "سمكة", "o": ["سمكة", "قشريات", "رخويات", "زواحف"] },
    { "q": "حيوان أحادي المسلك؟", "a": "آكل النمل الشوكي", "o": ["آكل النمل الشوكي", "آكل النمل العملاق", "المدرع", "الكسلان"] },
    { "q": "القرش هيكله؟", "a": "غضروفي", "o": ["غضروفي", "عظمي", "كلسي", "حرشفي"] },
    { "q": "الاسم العلمي لذوات الدم الحار؟", "a": "إندوطيرم", "o": ["إندوطيرم", "إكتوطيرم", "ميزوطيرم", "هيدروطيرم"] },
    { "q": "الاسم العلمي لذوات الدم البارد؟", "a": "إكتوطيرم", "o": ["إكتوطيرم", "إندوطيرم", "هوموطيرم", "تيرموطيرم"] },
    { "q": "سلوك صغار البط؟", "a": "التطبع", "o": ["التطبع", "التكيف", "التعلم", "الغرائز"] },
    { "q": "تظاهر الحيوان بالموت؟", "a": "الخمود", "o": ["الخمود", "السبات", "التمويه", "الركود"] },
    { "q": "الحيوانات الرئيسية (Primates)?", "a": "القرود", "o": ["القرود", "القطط", "الكلاب", "الخيل"] },
    { "q": "حيوانات حافريات؟", "a": "الخيل", "o": ["الخيل", "الكلب", "القط", "الأرنب"] },
    { "q": "الرتيلاء تعتبر؟", "a": "عنكبوت", "o": ["عنكبوت", "حشرة", "زاحف", "قشريات"] },
    { "q": "القراد يعتبر؟", "a": "عنكبيات", "o": ["عنكبيات", "حشرات", "زواحف", "رخويات"] },
    { "q": "قمل الخشب يعتبر؟", "a": "قشريات", "o": ["قشريات", "حشرات", "ديدان", "عناكب"] },
    { "q": "السمندل يعتبر؟", "a": "برمائي", "o": ["برمائي", "زاحف", "سمكة", "ثديي"] },
    { "q": "الوزغة تعتبر؟", "a": "زاحف", "o": ["زاحف", "برمائي", "حشرة", "ثديي"] },
    { "q": "الكركدن يعتبر؟", "a": "ثديي", "o": ["ثديي", "زاحف", "ديناصور", "برمائي"] },
    { "q": "حيوان له مثانة عوم؟", "a": "السمكة العظمية", "o": ["السمكة العظمية", "القرش", "الحوت", "الدلفين"] },
    { "q": "التنفس القصبي يميز؟", "a": "الحشرات", "o": ["الحشرات", "الأسماك", "الديدان", "العناكب"] },
    { "q": "قلب السمكة يتكون من؟", "a": "حجرتين", "o": ["حجرتين", "3 حجرات", "4 حجرات", "حجرة واحدة"] },
    { "q": "قلب البرمائيات؟", "a": "3 حجرات", "o": ["3 حجرات", "حجرتين", "4 حجرات", "5 حجرات"] },
    { "q": "قلب الثدييات؟", "a": "4 حجرات", "o": ["4 حجرات", "3 حجرات", "حجرتين", "5 حجرات"] },
    { "q": "حيوان مجتر؟", "a": "البقرة", "o": ["البقرة", "الكلب", "القط", "الخنزير"] },
    { "q": "حيوان غير مجتر؟", "a": "الحصان", "o": ["الحصان", "البقرة", "الماعز", "الجمل"] },
    { "q": "التواصل بالرقص يميز؟", "a": "النحل", "o": ["النحل", "النمل", "الذباب", "الفراش"] },
    { "q": "أسرع نبضة عصبية؟", "a": "الحبار العملاق", "o": ["الحبار العملاق", "الإنسان", "الفيل", "الماوس"] },
    { "q": "حيوان يصنع اللؤلؤ؟", "a": "المحار", "o": ["المحار", "المرجان", "النجم", "القنديل"] },
    { "q": "حيوان يجدد أطرافه؟", "a": "نجم البحر", "o": ["نجم البحر", "القرش", "الحوت", "الثعبان"] },
    { "q": "أضخم اللافقاريات؟", "a": "الحبار العملاق", "o": ["الحبار العملاق", "الأخطبوط", "قنديل البحر", "العنكبوت"] }
  ]
}