{
  "type": "animals",
  "sub": "diet_foodchain",
  "easy": [
    { "q": "آكل الأعشاب يسمى؟", "a": "عاشب", "o": ["عاشب", "لاحم", "قارت", "مفترس"] },
    { "q": "آكل اللحوم يسمى؟", "a": "لاحم", "o": ["لاحم", "عاشب", "قارت", "منتج"] },
    { "q": "آكل كل شيء يسمى؟", "a": "قارت", "o": ["قارت", "لاحم", "عاشب", "محلل"] },
    { "q": "بداية السلسلة الغذائية؟", "a": "النبات", "o": ["النبات", "الأسد", "الإنسان", "الحشرات"] },
    { "q": "مصدر طاقة النبات؟", "a": "الشمس", "o": ["الشمس", "التربة", "الماء", "الهواء"] },
    { "q": "حيوان يصطاد ليأكل؟", "a": "مفترس", "o": ["مفترس", "فريسة", "عاشب", "منتج"] },
    { "q": "حيوان يتم اصطياده؟", "a": "فريسة", "o": ["فريسة", "مفترس", "صياد", "قوي"] },
    { "q": "غذاء الأسد؟", "a": "اللحم", "o": ["اللحم", "العشب", "الحبوب", "الفواكه"] },
    { "q": "غذاء البقرة؟", "a": "العشب", "o": ["العشب", "اللحم", "السمك", "الحشرات"] },
    { "q": "غذاء الأرنب؟", "a": "الجزر", "o": ["الجزر", "اللحم", "السمك", "العظام"] },
    { "q": "غذاء الضفدع؟", "a": "الحشرات", "o": ["الحشرات", "الأعشاب", "الأسماك", "الطيور"] },
    { "q": "غذاء الثعبان؟", "a": "الفئران", "o": ["الفئران", "الأعشاب", "الحبوب", "الفواكه"] },
    { "q": "غذاء النحل؟", "a": "الرحيق", "o": ["الرحيق", "اللحم", "الدم", "التربة"] },
    { "q": "غذاء القرش؟", "a": "الأسماك", "o": ["الأسماك", "الأعشاب", "الطحالب", "المرجان"] },
    { "q": "الدب يعتبر؟", "a": "قارت", "o": ["قارت", "عاشب", "لاحم فقط", "منتج"] },
    { "q": "الإنسان يعتبر؟", "a": "قارت", "o": ["قارت", "لاحم", "عاشب", "محلل"] },
    { "q": "النسر يعتبر؟", "a": "لاحم", "o": ["لاحم", "عاشب", "نباتي", "منتج"] },
    { "q": "الغزال يعتبر؟", "a": "عاشب", "o": ["عاشب", "لاحم", "قارت", "مفترس"] },
    { "q": "النمر يعتبر؟", "a": "مفترس", "o": ["مفترس", "فريسة", "عاشب", "أليف"] },
    { "q": "الفأر يعتبر؟", "a": "فريسة", "o": ["فريسة", "مفترس قمة", "منتج", "محلل"] },
    { "q": "الكائنات المنتجة هي؟", "a": "النباتات", "o": ["النباتات", "الحيوانات", "الفطريات", "البشر"] },
    { "q": "الكائنات المستهلكة هي؟", "a": "الحيوانات", "o": ["الحيوانات", "النباتات", "الطحالب", "الشمس"] },
    { "q": "غذاء الفراشة؟", "a": "الرحيق", "o": ["الرحيق", "اللحم", "الدم", "العظام"] },
    { "q": "غذاء العنكبوت؟", "a": "الحشرات", "o": ["الحشرات", "الأعشاب", "الحبوب", "الفاكهة"] },
    { "q": "غذاء القط؟", "a": "اللحم", "o": ["اللحم", "العشب", "الجزر", "الحبوب"] },
    { "q": "غذاء الحصان؟", "a": "الشعير", "o": ["الشعير", "اللحم", "السمك", "الحشرات"] },
    { "q": "غذاء الدجاجة؟", "a": "الحبوب", "o": ["الحبوب", "اللحم الكبير", "السمك", "العظام"] },
    { "q": "من يصنع العسل؟", "a": "النحل", "o": ["النحل", "الذباب", "النمل", "البعوض"] },
    { "q": "حيوان يأكل الموز؟", "a": "القرد", "o": ["القرد", "الأسد", "الذئب", "التمساح"] },
    { "q": "حيوان يأكل العظام؟", "a": "الضبع", "o": ["الضبع", "الأرنب", "الغزال", "الحصان"] }
  ],
  "medium": [
    { "q": "غذاء الباندا؟", "a": "الخيزران", "o": ["الخيزران", "اللحم", "السمك", "الحشرات"] },
    { "q": "غذاء الكوالا؟", "a": "اليوكاليبتوس", "o": ["اليوكاليبتوس", "الخيزران", "الصنوبر", "البلوط"] },
    { "q": "حيوان يأكل الجيف؟", "a": "النسر", "o": ["النسر", "الصقر", "العقاب", "البوم"] },
    { "q": "دودة الأرض تعتبر؟", "a": "محلل", "o": ["محلل", "مفترس", "منتج", "عاشب"] },
    { "q": "الفطر يعتبر؟", "a": "محلل", "o": ["محلل", "منتج", "مستهلك أول", "لاحم"] },
    { "q": "تداخل السلاسل الغذائية؟", "a": "شبكة غذائية", "o": ["شبكة غذائية", "هرم غذائي", "دورة حياة", "نظام شمسي"] },
    { "q": "مستهلك أول يأكل؟", "a": "النباتات", "o": ["النباتات", "اللحوم", "الجيف", "الحشرات"] },
    { "q": "مستهلك ثاني يأكل؟", "a": "آكلات الأعشاب", "o": ["آكلات الأعشاب", "النباتات", "التربة", "الشمس"] },
    { "q": "غذاء النمل الآكل للنمل؟", "a": "النمل", "o": ["النمل", "الأوراق", "الفواكه", "السمك"] },
    { "q": "غذاء الحوت الأزرق؟", "a": "الكريل", "o": ["الكريل", "القرش", "الطحالب", "الإنسان"] },
    { "q": "غذاء القندس؟", "a": "لحاء الشجر", "o": ["لحاء الشجر", "السمك", "الحشرات", "الطيور"] },
    { "q": "غذاء طائر الطنّان؟", "a": "الرحيق", "o": ["الرحيق", "الديدان", "السمك", "الحبوب"] },
    { "q": "غذاء البطريق؟", "a": "السمك", "o": ["السمك", "الطحالب", "الدببة", "الطيور"] },
    { "q": "قمة السلسلة الغذائية؟", "a": "المفترس العلوي", "o": ["المفترس العلوي", "المنتج", "المستهلك الأول", "المحلل"] },
    { "q": "العوالق النباتية تعتبر؟", "a": "منتجات", "o": ["منتجات", "مستهلكات", "محللات", "طفيليات"] },
    { "q": "غذاء فرس النهر؟", "a": "الأعشاب", "o": ["الأعشاب", "الأسماك", "اللحوم", "التماسيح"] },
    { "q": "غذاء وحيد القرن؟", "a": "الأعشاب", "o": ["الأعشاب", "اللحوم", "الأسماك", "الحشرات"] },
    { "q": "غذاء الورل؟", "a": "اللحم والبيض", "o": ["اللحم والبيض", "الأعشاب", "الرحيق", "الحبوب"] },
    { "q": "حيوان يسمى (Scavenger)؟", "a": "قمامة", "o": ["قمامة", "مفترس", "عاشب", "منتج"] },
    { "q": "الكائنات ذاتية التغذية؟", "a": "النباتات", "o": ["النباتات", "الحيوانات", "الفطريات", "البشر"] },
    { "q": "الكائنات غير ذاتية التغذية؟", "a": "الحيوانات", "o": ["الحيوانات", "النباتات", "الطحالب", "الأشجار"] },
    { "q": "غذاء الخفاش (الأكثر شيوعاً)؟", "a": "الحشرات", "o": ["الحشرات", "الدم", "السمك", "الطيور"] },
    { "q": "غذاء طائر الفلامنغو؟", "a": "الروبيان والطحالب", "o": ["الروبيان والطحالب", "السمك الكبير", "الفواكه", "اللحم"] },
    { "q": "غذاء اليرقة؟", "a": "أوراق الشجر", "o": ["أوراق الشجر", "اللحم", "الرحيق", "الدم"] },
    { "q": "غذاء البعوضة (الأنثى)؟", "a": "الدم", "o": ["الدم", "الرحيق", "الماء", "الأوراق"] },
    { "q": "غذاء ذكر البعوض؟", "a": "الرحيق", "o": ["الرحيق", "الدم", "الماء", "اللحم"] },
    { "q": "غذاء السنجاب؟", "a": "المكسرات", "o": ["المكسرات", "اللحم", "السمك", "العظام"] },
    { "q": "غذاء الجمل؟", "a": "الشوك والنبات", "o": ["الشوك والنبات", "اللحم", "السمك", "الحشرات"] },
    { "q": "غذاء السرطان (السلطعون)؟", "a": "بقايا القاع", "o": ["بقايا القاع", "الطحالب فقط", "القرش", "الحوت"] },
    { "q": "غذاء قنفذ البحر؟", "a": "الطحالب", "o": ["الطحالب", "السمك", "المرجان", "السرطان"] }
  ],
  "hard": [
    { "q": "آكل الحشرات يسمى؟", "a": "Insectivore", "o": ["Insectivore", "Carnivore", "Herbivore", "Frugivore"] },
    { "q": "آكل الفاكهة يسمى؟", "a": "Frugivore", "o": ["Frugivore", "Insectivore", "Piscivore", "Granivore"] },
    { "q": "آكل الأسماك يسمى؟", "a": "Piscivore", "o": ["Piscivore", "Carnivore", "Herbivore", "Folivore"] },
    { "q": "آكل الدم يسمى؟", "a": "Hematophagy", "o": ["Hematophagy", "Coprophagy", "Xylophagy", "Geophagy"] },
    { "q": "آكل الخشب يسمى؟", "a": "Xylophagy", "o": ["Xylophagy", "Folivore", "Granivore", "Nectarivore"] },
    { "q": "آكل البراز يسمى؟", "a": "Coprophagy", "o": ["Coprophagy", "Hematophagy", "Geophagy", "Osteophagy"] },
    { "q": "آكل العظام يسمى؟", "a": "Osteophagy", "o": ["Osteophagy", "Carnivore", "Herbivore", "Piscivore"] },
    { "q": "آكل الحبوب يسمى؟", "a": "Granivore", "o": ["Granivore", "Frugivore", "Insectivore", "Carnivore"] },
    { "q": "آكل الرحيق يسمى؟", "a": "Nectarivore", "o": ["Nectarivore", "Granivore", "Frugivore", "Folivore"] },
    { "q": "آكل لحوم جنسه؟", "a": "Cannibal", "o": ["Cannibal", "Carnivore", "Predator", "Parasite"] },
    { "q": "نسبة انتقال الطاقة؟", "a": "10%", "o": ["10%", "50%", "90%", "100%"] },
    { "q": "كائنات ذاتية التغذية؟", "a": "Autotrophs", "o": ["Autotrophs", "Heterotrophs", "Saprotrophs", "Mixotrophs"] },
    { "q": "كائنات غير ذاتية التغذية؟", "a": "Heterotrophs", "o": ["Heterotrophs", "Autotrophs", "Producers", "Plants"] },
    { "q": "كائنات رمية (محللة)؟", "a": "Saprotrophs", "o": ["Saprotrophs", "Autotrophs", "Heterotrophs", "Carnivores"] },
    { "q": "غذاء خنزير الماء؟", "a": "الأعشاب المائية", "o": ["الأعشاب المائية", "السمك", "الحشرات", "الطيور"] },
    { "q": "غذاء الترسير؟", "a": "الحشرات فقط", "o": ["الحشرات فقط", "الفواكه", "الأوراق", "البذور"] },
    { "q": "غذاء نجم البحر؟", "a": "المحار", "o": ["المحار", "الطحالب", "السمك", "الدلافين"] },
    { "q": "غذاء قنديل البحر؟", "a": "العوالق والأسماك", "o": ["العوالق والأسماك", "الطحالب", "المرجان", "الحجارة"] },
    { "q": "غذاء الإسفنج؟", "a": "العوالق (بالترشيح)", "o": ["العوالق (بالترشيح)", "السمك", "الطحالب الكبيرة", "الديدان"] },
    { "q": "غذاء الوشق؟", "a": "الطيور والأرانب", "o": ["الطيور والأرانب", "الفواكه", "الحشرات", "الأعشاب"] },
    { "q": "غذاء آكل النمل الشوكي؟", "a": "النمل والنمل الأبيض", "o": ["النمل والنمل الأبيض", "الفواكه", "السمك", "العشب"] },
    { "q": "غذاء الغرير؟", "a": "العسل واليرقات", "o": ["العسل واليرقات", "العشب", "السمك", "الطيور"] },
    { "q": "غذاء الليمور؟", "a": "الفواكه والأوراق", "o": ["الفواكه والأوراق", "اللحم الكبير", "السمك", "العظام"] },
    { "q": "غذاء الحسون؟", "a": "البذور", "o": ["البذور", "اللحم", "السمك", "الضفادع"] },
    { "q": "غذاء البجع؟", "a": "السمك", "o": ["السمك", "الطحالب", "الحشرات", "الفواكه"] },
    { "q": "غذاء طائر السنونو؟", "a": "الحشرات الطائرة", "o": ["الحشرات الطائرة", "الحبوب", "السمك", "الديدان"] },
    { "q": "غذاء أبو قردان؟", "a": "ديدان وحشرات الحقل", "o": ["ديدان وحشرات الحقل", "السمك", "الطيور", "الفواكه"] },
    { "q": "غذاء خلد الماء؟", "a": "الديدان والقشريات", "o": ["الديدان والقشريات", "الأعشاب", "الفواكه", "الطيور"] },
    { "q": "غذاء فرس البحر؟", "a": "القشريات الصغيرة", "o": ["القشريات الصغيرة", "الطحالب", "السمك الكبير", "المرجان"] },
    { "q": "غذاء المرجان؟", "a": "العوالق", "o": ["العوالق", "السمك", "الطحالب الكبيرة", "الحجارة"] }
  ]
}