{
  "type": "animals",
  "sub": "facts_records",
  "easy": [
    { "q": "أسرع حيوان بري؟", "a": "الفهد", "o": ["الفهد", "الأسد", "الغزال", "الحصان"] },
    { "q": "أضخم حيوان في العالم؟", "a": "الحوت الأزرق", "o": ["الحوت الأزرق", "الفيل", "القرش", "الديناصور"] },
    { "q": "أطول حيوان (ارتفاعاً)؟", "a": "الزرافة", "o": ["الزرافة", "الفيل", "النعامة", "الجمل"] },
    { "q": "أثقل حيوان بري؟", "a": "الفيل", "o": ["الفيل", "الكركدن", "فرس النهر", "الدب"] },
    { "q": "أبطأ حيوان ثديي؟", "a": "الكسلان", "o": ["الكسلان", "السلحفاة", "الحلزون", "الكوالا"] },
    { "q": "طائر لا يطير؟", "a": "النعامة", "o": ["النعامة", "النورس", "الصقر", "البط"] },
    { "q": "حيوان بخرطوم؟", "a": "الفيل", "o": ["الفيل", "الخنزير", "النمل", "التابير"] },
    { "q": "حيوان يغير لونه؟", "a": "الحرباء", "o": ["الحرباء", "التمساح", "الضفدع", "الثعبان"] },
    { "q": "حيوان بـ 8 أذرع؟", "a": "الأخطبوط", "o": ["الأخطبوط", "الحبار", "نجم البحر", "القنديل"] },
    { "q": "طائر يسبح بمهارة؟", "a": "البطريق", "o": ["البطريق", "النسر", "الهدهد", "الببغاء"] },
    { "q": "حيوان يخزن الماء؟", "a": "الجمل", "o": ["الجمل", "الحصان", "الكلب", "القط"] },
    { "q": "حيوان ينام واقفاً؟", "a": "الحصان", "o": ["الحصان", "الكلب", "القط", "الأرنب"] },
    { "q": "حيوان يملك قرناً على أنفه؟", "a": "وحيد القرن", "o": ["وحيد القرن", "الجاموس", "الثور", "الفيل"] },
    { "q": "أطول عمر للطيور؟", "a": "الببغاء", "o": ["الببغاء", "الدجاجة", "العصفور", "الحمامة"] },
    { "q": "حيوان يبني السدود؟", "a": "القندس", "o": ["القندس", "الثعلب", "الأرنب", "الفأر"] },
    { "q": "حيوان يملك جيباً؟", "a": "الكنغر", "o": ["الكنغر", "القط", "الكلب", "الأسد"] },
    { "q": "أذكى الحيوانات البحرية؟", "a": "الدلفين", "o": ["الدلفين", "القرش", "السلحفاة", "السرطان"] },
    { "q": "حيوان يطير (ليس طائراً)؟", "a": "الخفاش", "o": ["الخفاش", "السنجاب", "الفأر", "القط"] },
    { "q": "حيوان بصدفة قوية؟", "a": "السلحفاة", "o": ["السلحفاة", "الضفدع", "الثعبان", "الأرنب"] },
    { "q": "حيوان ينسج خيوطاً؟", "a": "العنكبوت", "o": ["العنكبوت", "النملة", "الذبابة", "النحلة"] },
    { "q": "حيوان ينتج العسل؟", "a": "النحل", "o": ["النحل", "الذباب", "الدبور", "الجراد"] },
    { "q": "حيوان بقرون متشعبة؟", "a": "الأيل", "o": ["الأيل", "الحصان", "الخنزير", "الذئب"] },
    { "q": "حيوان بذاكرة قوية؟", "a": "الفيل", "o": ["الفيل", "السمكة", "الدجاجة", "الذبابة"] },
    { "q": "حيوان يضحك (صوته)؟", "a": "الضبع", "o": ["الضبع", "الذئب", "الأسد", "الثعلب"] },
    { "q": "حيوان ينظف نفسه؟", "a": "القط", "o": ["القط", "الكلب", "الخنزير", "الخروف"] },
    { "q": "حيوان يأكل الخيزران؟", "a": "الباندا", "o": ["الباندا", "الدب البني", "الكوالا", "الراكون"] },
    { "q": "حيوان بلسان طويل لزج؟", "a": "الضفدع", "o": ["الضفدع", "السلحفاة", "السمكة", "الفأر"] },
    { "q": "حيوان بجلد مخطط؟", "a": "الحمار الوحشي", "o": ["الحمار الوحشي", "الحصان", "الحمار", "البغل"] },
    { "q": "ملك الغابة؟", "a": "الأسد", "o": ["الأسد", "النمر", "الفهد", "الذئب"] },
    { "q": "أوفى صديق للإنسان؟", "a": "الكلب", "o": ["الكلب", "القط", "الهامستر", "الطائر"] }
  ],
  "medium": [
    { "q": "عدد قلوب الأخطبوط؟", "a": "3", "o": ["3", "1", "2", "4"] },
    { "q": "لون دم الأخطبوط؟", "a": "أزرق", "o": ["أزرق", "أحمر", "أخضر", "أصفر"] },
    { "q": "أطول فترة حمل؟", "a": "الفيل", "o": ["الفيل", "الحوت", "الزرافة", "الإنسان"] },
    { "q": "حيوان لا يشرب الماء؟", "a": "فأر الكنغر", "o": ["فأر الكنغر", "الجمل", "الضب", "الأرنب"] },
    { "q": "حيوان ينام نصف دماغه؟", "a": "الدلفين", "o": ["الدلفين", "القرش", "الحوت", "الفقمة"] },
    { "q": "بصماته تشبه الإنسان؟", "a": "الكوالا", "o": ["الكوالا", "القرد", "الكنغر", "الباندا"] },
    { "q": "أقوى عضة حيوان؟", "a": "التمساح", "o": ["التمساح", "الأسد", "القرش", "الضبع"] },
    { "q": "حيوان يجدد أطرافه؟", "a": "نجم البحر", "o": ["نجم البحر", "القرش", "الأخطبوط", "السلطعون"] },
    { "q": "أكثر حيوان قاتل للبشر؟", "a": "البعوضة", "o": ["البعوضة", "القرش", "الأسد", "الثعبان"] },
    { "q": "طائر يطير للخلف؟", "a": "الطنّان", "o": ["الطنّان", "العصفور", "الصقر", "النسر"] },
    { "q": "أسرع طائر (انقضاض)؟", "a": "الشاهين", "o": ["الشاهين", "النسر", "النعامة", "السنونو"] },
    { "q": "حيوان يملك 4 معدات؟", "a": "البقرة", "o": ["البقرة", "الإنسان", "الكلب", "الأسد"] },
    { "q": "عدد أرجل العنكبوت؟", "a": "8", "o": ["8", "6", "4", "10"] },
    { "q": "حيوان يذوق بقدميه؟", "a": "الفراشة", "o": ["الفراشة", "النحلة", "الذباب", "النملة"] },
    { "q": "حيوان لا ينام (تقريباً)؟", "a": "الضفدع الثور", "o": ["الضفدع الثور", "القرش", "الدلفين", "الخفاش"] },
    { "q": "أطول عمر لحيوان بري؟", "a": "السلحفاة", "o": ["السلحفاة", "الفيل", "الببغاء", "التمساح"] },
    { "q": "حيوان بلسان أزرق؟", "a": "الزرافة", "o": ["الزرافة", "الفيل", "الكلب", "القط"] },
    { "q": "حيوان بعيون أكبر من دماغه؟", "a": "النعامة", "o": ["النعامة", "البومة", "الفيل", "الحوت"] },
    { "q": "حيوان لا يتقيأ؟", "a": "الحصان", "o": ["الحصان", "الكلب", "القط", "الإنسان"] },
    { "q": "أثقل حشرات العالم؟", "a": "الخنافس", "o": ["الخنافس", "النمل", "النحل", "الفراش"] },
    { "q": "حيوان بـ 32 دماغاً (عقد)؟", "a": "العلق", "o": ["العلق", "الدودة", "الأخطبوط", "النملة"] },
    { "q": "حيوان يشم بلسانه؟", "a": "الثعبان", "o": ["الثعبان", "الكلب", "القط", "الذئب"] },
    { "q": "حيوان ينام 22 ساعة؟", "a": "الكوالا", "o": ["الكوالا", "الكسلان", "الأسد", "القط"] },
    { "q": "سمكة تسبح عمودياً؟", "a": "فرس البحر", "o": ["فرس البحر", "القرش", "التونة", "السلمون"] },
    { "q": "أقوى حاسة شم؟", "a": "الدب", "o": ["الدب", "الكلب", "الذئب", "القرش"] },
    { "q": "حيوان بلا مرارة؟", "a": "الحصان", "o": ["الحصان", "البقرة", "الخروف", "الكلب"] },
    { "q": "حيوان يولد أعمى وأصم؟", "a": "القط", "o": ["القط", "الحصان", "البقرة", "الغزال"] },
    { "q": "حيوان يرى في الظلام الدامس؟", "a": "البومة", "o": ["البومة", "الإنسان", "الدجاجة", "الصقر"] },
    { "q": "حيوان بلا معدة؟", "a": "خلد الماء", "o": ["خلد الماء", "الكنغر", "الكوالا", "الفأر"] },
    { "q": "لون حليب فرس النهر؟", "a": "وردي", "o": ["وردي", "أبيض", "أصفر", "أزرق"] }
  ],
  "hard": [
    { "q": "حيوان لا يموت (بيولوجياً)؟", "a": "قنديل البحر الخالد", "o": ["قنديل البحر الخالد", "السلحفاة", "الحوت", "الهيدرا"] },
    { "q": "حيوان بفضلات مكعبة؟", "a": "الومبت", "o": ["الومبت", "الكوالا", "الكنغر", "الأرنب"] },
    { "q": "حيوان بلا حبال صوتية؟", "a": "الزرافة", "o": ["الزرافة", "السمكة", "الأرنب", "الثعبان"] },
    { "q": "أعلى صوت لحيوان (ديسيبل)؟", "a": "حوت العنبر", "o": ["حوت العنبر", "الحوت الأزرق", "الأسد", "الفيل"] },
    { "q": "أعلى صوت نسبة للحجم؟", "a": "روبيان المسدس", "o": ["روبيان المسدس", "الصرصور", "الضفدع", "العصفور"] },
    { "q": "حيوان يعيش في الفضاء؟", "a": "دب الماء", "o": ["دب الماء", "الصرصور", "الفأر", "الذباب"] },
    { "q": "أطول دودة في العالم؟", "a": "دودة الحذاء", "o": ["دودة الحذاء", "الدودة الشريطية", "دودة الأرض", "الأناكوندا"] },
    { "q": "أكثر حيوان أسناناً؟", "a": "الحلزون", "o": ["الحلزون", "القرش", "التمساح", "الدلفين"] },
    { "q": "حيوان يحبس أنفاسه 6 أيام؟", "a": "العقرب", "o": ["العقرب", "الضفدع", "السلحفاة", "الدلفين"] },
    { "q": "حيوان يبيض ويرضع؟", "a": "البلاتبوس", "o": ["البلاتبوس", "الكنغر", "الخفاش", "الدلفين"] },
    { "q": "حيوان دمه شفاف؟", "a": "السمكة الجليدية", "o": ["السمكة الجليدية", "القرش", "الأخطبوط", "الحبار"] },
    { "q": "حيوان لا يتنفس؟", "a": "هينيجويا (طفيلي)", "o": ["هينيجويا", "السمك", "الديدان", "البكتيريا"] },
    { "q": "أسرع رفرفة جناح؟", "a": "الناموسة", "o": ["الناموسة", "الطنّان", "الذبابة", "النحلة"] },
    { "q": "أثقل طائر يطير؟", "a": "الحبارى الكبرى", "o": ["الحبارى الكبرى", "النسر", "النعامة", "البجعة"] },
    { "q": "أقصر عمر لحيوان؟", "a": "ذبابة مايو", "o": ["ذبابة مايو", "الناموسة", "الفراشة", "النملة"] },
    { "q": "أطول هجرة للحشرات؟", "a": "اليعسوب", "o": ["اليعسوب", "الفراشة الملكية", "الجراد", "النحل"] },
    { "q": "حيوان بفكين (واحد إضافي)؟", "a": "الإنقليس (الموراي)", "o": ["الإنقليس", "القرش", "التمساح", "الثعبان"] },
    { "q": "حيوان ينام وعين مفتوحة؟", "a": "البط", "o": ["البط", "الدجاج", "النعامة", "البومة"] },
    { "q": "حيوان يولد أنثى ثم يتحول؟", "a": "سمك المهرج", "o": ["سمك المهرج", "القرش", "الحصان", "الضفدع"] },
    { "q": "حيوان قلبه في رأسه؟", "a": "الروبيان", "o": ["الروبيان", "السلطعون", "الأخطبوط", "الحبار"] },
    { "q": "حيوان يموت بعد الولادة؟", "a": "الأخطبوط (الأنثى)", "o": ["الأخطبوط", "السمك", "السلاحف", "العناكب"] },
    { "q": "أسرع حيوان أكلاً؟", "a": "الخلد نجمي الأنف", "o": ["الخلد نجمي الأنف", "الكلب", "الأسد", "القرش"] },
    { "q": "حيوان يرى ألواناً أكثر منا؟", "a": "روبيان السرعوف", "o": ["روبيان السرعوف", "الكلب", "القط", "البومة"] },
    { "q": "أقوى مادة طبيعية (خيوط)؟", "a": "خيط العنكبوت", "o": ["خيط العنكبوت", "شعر الحصان", "صوف الغنم", "الحرير"] },
    { "q": "حيوان يملك بصمات كالإنسان؟", "a": "الكوالا", "o": ["الكوالا", "القرد", "الكنغر", "الكلب"] },
    { "q": "حيوان يقفز 100 ضعف طوله؟", "a": "البرغوث", "o": ["البرغوث", "الضفدع", "الكنغر", "الجراد"] },
    { "q": "حيوان بلا عظام (قرش)؟", "a": "غضروفي", "o": ["غضروفي", "عظمي", "رخوي", "جلدي"] },
    { "q": "حيوان لونه الأصلي أبيض؟", "a": "الدب القطبي (جلده أسود)", "o": ["الدب القطبي", "الباندا", "النمر", "الحمار الوحشي"] },
    { "q": "حيوان يقتل باللمس؟", "a": "الضفدع السام", "o": ["الضفدع السام", "الثعبان", "العقرب", "العنكبوت"] },
    { "q": "أكبر عين في العالم؟", "a": "الحبار العملاق", "o": ["الحبار العملاق", "الحوت الأزرق", "الفيل", "النعامة"] }
  ]
}