{
  "type": "animals",
  "sub": "habitats_adaptation",
  "easy": [
    { "q": "بيئة الجمل؟", "a": "الصحراء", "o": ["الصحراء", "الغابة", "القطب", "البحر"] },
    { "q": "بيئة البطريق؟", "a": "القطب المتجمد", "o": ["القطب المتجمد", "الصحراء", "الغابة", "النهر"] },
    { "q": "بيئة السمكة؟", "a": "الماء", "o": ["الماء", "اليابسة", "الهواء", "الشجر"] },
    { "q": "تنفس السمكة بـ؟", "a": "الخياشيم", "o": ["الخياشيم", "الرئتين", "الجلد", "الأنف"] },
    { "q": "بيئة القرد؟", "a": "الغابة", "o": ["الغابة", "الصحراء", "البحر", "القطب"] },
    { "q": "غطاء الدب القطبي؟", "a": "فرو سميك", "o": ["فرو سميك", "ريش", "حراشف", "جلد"] },
    { "q": "لون الدب القطبي؟", "a": "أبيض", "o": ["أبيض", "بني", "أسود", "رمادي"] },
    { "q": "بيئة الضفدع؟", "a": "قرب الماء", "o": ["قرب الماء", "الصحراء الجافة", "قمة الجبل", "البحر العميق"] },
    { "q": "تكيف الحرباء؟", "a": "تغيير اللون", "o": ["تغيير اللون", "السرعة", "السم", "الطيران"] },
    { "q": "تكيف القنفذ؟", "a": "الأشواك", "o": ["الأشواك", "السرعة", "التمويه", "السباحة"] },
    { "q": "بيئة الحوت؟", "a": "المحيط", "o": ["المحيط", "النهر", "البحيرة", "المستنقع"] },
    { "q": "سنام الجمل يخزن؟", "a": "الدهون", "o": ["الدهون", "الماء", "الهواء", "العظام"] },
    { "q": "بيئة الصبار؟", "a": "الصحراء", "o": ["الصحراء", "الغابة", "القطب", "البحر"] },
    { "q": "تكيف الزرافة؟", "a": "الرقبة الطويلة", "o": ["الرقبة الطويلة", "الخرطوم", "الأجنحة", "الخياشيم"] },
    { "q": "بيئة الأسد؟", "a": "السافانا", "o": ["السافانا", "القطب", "البحر", "الكهف المائي"] },
    { "q": "بيئة دودة الأرض؟", "a": "التربة", "o": ["التربة", "الماء", "الهواء", "الصخر"] },
    { "q": "تكيف السلحفاة؟", "a": "الدرقة الصلبة", "o": ["الدرقة الصلبة", "السرعة", "السم", "التمويه"] },
    { "q": "تنفس الإنسان بـ؟", "a": "الرئتين", "o": ["الرئتين", "الخياشيم", "الجلد", "القصبات"] },
    { "q": "بيئة التمساح؟", "a": "الأنهار والمستنقعات", "o": ["الأنهار والمستنقعات", "الصحراء", "القطب", "الجبل"] },
    { "q": "تكيف النسر؟", "a": "المخالب والبصر", "o": ["المخالب والبصر", "الركض", "السباحة", "السم"] },
    { "q": "بيئة الفيل؟", "a": "الغابات والسافانا", "o": ["الغابات والسافانا", "القطب", "البحر", "الصحراء الكبرى"] },
    { "q": "تكيف الخفاش؟", "a": "الصدى", "o": ["الصدى", "البصر الحاد", "الشم", "اللمس"] },
    { "q": "بيئة العقرب؟", "a": "الصحراء", "o": ["الصحراء", "البحر", "القطب", "النهر"] },
    { "q": "تكيف البومة؟", "a": "الرؤية الليلية", "o": ["الرؤية الليلية", "الركض", "السباحة", "تغيير اللون"] },
    { "q": "بيئة الباندا؟", "a": "غابات الخيزران", "o": ["غابات الخيزران", "الصحراء", "البحر", "السافانا"] },
    { "q": "تكيف الطيور في الشتاء؟", "a": "الهجرة", "o": ["الهجرة", "السبات", "الموت", "التكاثر"] },
    { "q": "بيئة المرجان؟", "a": "البحار الدافئة", "o": ["البحار الدافئة", "الأنهار", "القطب", "الصحراء"] },
    { "q": "تكيف الدب في الشتاء؟", "a": "السبات", "o": ["السبات", "الهجرة", "الطيران", "الركض"] },
    { "q": "بيئة الكنغر؟", "a": "أستراليا (البراري)", "o": ["أستراليا (البراري)", "القطب", "البحر", "الغابة المطيرة"] },
    { "q": "تكيف الظربان؟", "a": "الرائحة الكريهة", "o": ["الرائحة الكريهة", "السرعة", "التمويه", "السم"] }
  ],
  "medium": [
    { "q": "التمويه يعني؟", "a": "الاختفاء في البيئة", "o": ["الاختفاء في البيئة", "الهجوم", "الهرب", "النوم"] },
    { "q": "الدهن (Blubber) يحمي من؟", "a": "البرد", "o": ["البرد", "الحر", "الأعداء", "الجوع"] },
    { "q": "آذان الفنك الكبيرة لـ؟", "a": "تبريد الجسم", "o": ["تبريد الجسم", "الطيران", "السباحة", "الجمال"] },
    { "q": "خف الجمل العريض لـ؟", "a": "المشي على الرمل", "o": ["المشي على الرمل", "السباحة", "التسلق", "الركض"] },
    { "q": "تنفس الدلفين بـ؟", "a": "الرئتين", "o": ["الرئتين", "الخياشيم", "الجلد", "الفم"] },
    { "q": "بيئة الأمازون؟", "a": "غابة مطيرة", "o": ["غابة مطيرة", "صحراء", "تندرا", "سافانا"] },
    { "q": "تغير لون الأرنب القطبي؟", "a": "للتمويه الموسمي", "o": ["للتمويه الموسمي", "لجذب الأنثى", "للخوف", "للمرض"] },
    { "q": "سلوك الطيور المهاجرة؟", "a": "غريزي", "o": ["غريزي", "متعلم", "صدفة", "مقلد"] },
    { "q": "جذور المانغروف تتنفس من؟", "a": "الهواء (فوق الماء)", "o": ["الهواء (فوق الماء)", "التربة", "الماء", "الصخر"] },
    { "q": "وظيفة الخط الجانبي للسمك؟", "a": "استشعار الاهتزاز", "o": ["استشعار الاهتزاز", "الشم", "التذوق", "الرؤية"] },
    { "q": "بيئة زنبق الماء؟", "a": "الماء العذب", "o": ["الماء العذب", "الصحراء", "الماء المالح", "الجبل"] },
    { "q": "بيئة الوعل؟", "a": "الجبال الصخرية", "o": ["الجبال الصخرية", "البحر", "المستنقع", "الصحراء الرملية"] },
    { "q": "لون بطن السمكة الفاتح؟", "a": "تمويه من الأسفل", "o": ["تمويه من الأسفل", "تمويه من الأعلى", "جمال", "مرض"] },
    { "q": "حيوان يبني السدود؟", "a": "القندس", "o": ["القندس", "القرش", "النسر", "الأرنب"] },
    { "q": "البيات الشتوي للضفادع؟", "a": "في الطين", "o": ["في الطين", "في الشجر", "في الماء الجاري", "في الكهف"] },
    { "q": "موطن الليمور؟", "a": "مدغشقر", "o": ["مدغشقر", "أستراليا", "البرازيل", "الصين"] },
    { "q": "موطن الكوالا؟", "a": "أستراليا", "o": ["أستراليا", "الصين", "أفريقيا", "أمريكا"] },
    { "q": "شكل جسم السمكة؟", "a": "انسيابي", "o": ["انسيابي", "مربع", "كروي", "خشن"] },
    { "q": "عيون الحيوانات الليلية؟", "a": "كبيرة وحساسة", "o": ["كبيرة وحساسة", "صغيرة", "عمياء", "ملونة"] },
    { "q": "أوراق الصبار تحورت لـ؟", "a": "أشواك", "o": ["أشواك", "زهور", "جذور", "ثمار"] },
    { "q": "جسم البطريق؟", "a": "انسيابي للسباحة", "o": ["انسيابي للسباحة", "خفيف للطيران", "ضخم", "نحيل"] },
    { "q": "أقدام البط؟", "a": "مكففة (للتجديف)", "o": ["مكففة (للتجديف)", "حادة", "حوافر", "مخالب"] },
    { "q": "منقار النسر؟", "a": "معقوف لتمزيق اللحم", "o": ["معقوف لتمزيق اللحم", "طويل للرحيق", "قصير للحبوب", "مفلطح"] },
    { "q": "منقار الطنّان؟", "a": "طويل لامتصاص الرحيق", "o": ["طويل لامتصاص الرحيق", "قوي للكسر", "حاد لللحم", "عريض"] },
    { "q": "منقار الببغاء؟", "a": "قوي لكسر الجوز", "o": ["قوي لكسر الجوز", "طويل", "رقيق", "لين"] },
    { "q": "جلد الزواحف؟", "a": "حرشفي جاف", "o": ["حرشفي جاف", "رطب", "مكسو بالريش", "مكسو بالفرو"] },
    { "q": "جلد البرمائيات؟", "a": "رطب وناعم", "o": ["رطب وناعم", "حرشفي", "جاف", "سميك"] },
    { "q": "عظام الطيور؟", "a": "مجوفة وخفيفة", "o": ["مجوفة وخفيفة", "ثقيلة", "مصمتة", "غضروفية"] },
    { "q": "أسنان آكلات اللحوم؟", "a": "أنياب حادة", "o": ["أنياب حادة", "ضراس طاحنة", "منقار", "صغيرة"] },
    { "q": "أسنان آكلات الأعشاب؟", "a": "ضراس مسطحة", "o": ["ضراس مسطحة", "أنياب حادة", "مخالب", "لا توجد"] }
  ],
  "hard": [
    { "q": "الخمول الصيفي يسمى؟", "a": "Estivation", "o": ["Estivation", "Hibernation", "Migration", "Mutation"] },
    { "q": "ضوء الكائنات الحية؟", "a": "Bioluminescence", "o": ["Bioluminescence", "Photosynthesis", "Reflection", "Radiation"] },
    { "q": "بيئة المياه المختلطة؟", "a": "مصب النهر", "o": ["مصب النهر", "المحيط", "البحيرة", "الشلال"] },
    { "q": "كائنات البيئات القاسية؟", "a": "Extremophiles", "o": ["Extremophiles", "Mammals", "Reptiles", "Birds"] },
    { "q": "المحاكاة (Mimicry) هي؟", "a": "تقليد كائن آخر", "o": ["تقليد كائن آخر", "الاختفاء", "الهجوم", "النوم"] },
    { "q": "الغشاء الرامش يحمي؟", "a": "العين", "o": ["العين", "الأذن", "الأنف", "الفم"] },
    { "q": "طبقة عاكسة في عين القط؟", "a": "Tapetum Lucidum", "o": ["Tapetum Lucidum", "Cornea", "Retina", "Iris"] },
    { "q": "بيئة التربة المتجمدة؟", "a": "التندرا", "o": ["التندرا", "التايغا", "السافانا", "الصحراء"] },
    { "q": "بيئة الغابات الصنوبرية؟", "a": "التايغا", "o": ["التايغا", "التندرا", "الصحراء", "المراعي"] },
    { "q": "نباتات تعيش على نباتات أخرى؟", "a": "النباتات الهوائية (Epiphytes)", "o": ["النباتات الهوائية", "الطفيليات", "الجذور", "الأعشاب"] },
    { "q": "التنفس الجلدي يميز؟", "a": "البرمائيات", "o": ["البرمائيات", "الزواحف", "الطيور", "الثدييات"] },
    { "q": "غدد تفرز الملح في الطيور؟", "a": "الغدد الملحية", "o": ["الغدد الملحية", "الكلى", "الكبد", "الرئة"] },
    { "q": "حيوان بلا مثانة بولية؟", "a": "الطيور (للتخفيف)", "o": ["الطيور", "الثدييات", "الزواحف", "الأسماك"] },
    { "q": "التكيف الفسيولوجي هو؟", "a": "تغير في وظائف الجسم", "o": ["تغير في وظائف الجسم", "تغير في السلوك", "تغير في الشكل", "تغير في المكان"] },
    { "q": "التكيف السلوكي هو؟", "a": "تغير في تصرف الحيوان", "o": ["تغير في تصرف الحيوان", "تغير في الجسم", "تغير في اللون", "تغير في الحجم"] },
    { "q": "التكيف التركيبي هو؟", "a": "تغير في شكل الجسم", "o": ["تغير في شكل الجسم", "تغير في السلوك", "تغير في الوظيفة", "تغير في الصوت"] },
    { "q": "حيوان بدم مضاد للتجمد؟", "a": "السمكة القطبية", "o": ["السمكة القطبية", "الحوت", "الفقمة", "البطريق"] },
    { "q": "حيوان يتبخر لتبريد نفسه؟", "a": "الكنغر (يلعق نفسه)", "o": ["الكنغر", "الجمل", "الكلب", "الفيل"] },
    { "q": "اللهث عند الكلاب؟", "a": "لتنظيم الحرارة", "o": ["لتنظيم الحرارة", "للتعب", "للجوع", "للخوف"] },
    { "q": "السباحة العكسية عند الحبار؟", "a": "الدفع النفاث", "o": ["الدفع النفاث", "التجديف", "الزحف", "القفز"] },
    { "q": "أذن البومة غير المتناظرة؟", "a": "لتحديد مصدر الصوت بدقة", "o": ["لتحديد مصدر الصوت بدقة", "للشكل", "للتوازن", "للحرارة"] },
    { "q": "خطوط الحمار الوحشي؟", "a": "إرباك الحشرات والمفترسات", "o": ["إرباك الحشرات والمفترسات", "للجمال", "للتدفئة", "للتعارف"] },
    { "q": "تلوين التحذير (ألوان فاقعة)؟", "a": "لتحذير المفترس من السم", "o": ["لتحذير المفترس من السم", "لجذب الأنثى", "للتمويه", "للعب"] },
    { "q": "حيوان يمثل الموت (Thanatosis)؟", "a": "الأبوسوم", "o": ["الأبوسوم", "القط", "الكلب", "الأسد"] },
    { "q": "تكيف بذور الهندباء؟", "a": "الانتشار بالرياح", "o": ["الانتشار بالرياح", "الانتشار بالماء", "الانتشار بالحيوان", "السقوط"] },
    { "q": "تكيف بذور جوز الهند؟", "a": "الطفو على الماء", "o": ["الطفو على الماء", "الطيران", "الالتصاق", "الانفجار"] },
    { "q": "حيوان يمتص الماء بجلده؟", "a": "الشيطان الشائك", "o": ["الشيطان الشائك", "الجمل", "الضب", "الثعبان"] },
    { "q": "تكيف أقدام الوزغة (Gecko)؟", "a": "شعيرات لاصقة (فان دير فالس)", "o": ["شعيرات لاصقة", "مخالب", "صمغ", "شفط"] },
    { "q": "تكيف نبات الفينوس؟", "a": "افتراس الحشرات", "o": ["افتراس الحشرات", "أشواك", "سم", "رائحة"] },
    { "q": "بيئة أعماق المحيط المظلمة؟", "a": "منطقة الأبيسال (Abyssal)", "o": ["منطقة الأبيسال", "الشاطئ", "السطح", "المرجان"] }
  ]
}