{
  "type": "sports",
  "sub": "global",
  "easy": {
    "أ": [
      {
        "q": "نادي لندني لقبه (المدفعجية)؟ (يبدأ بحرف الألف)",
        "a": "أرسنال",
        "o": ["أرسنال", "أستون فيلا", "أياكس", "أتالانتا"],
        "h": "فريقه الذهبي لم يهزم"
      },
      {
        "q": "دولة حققت كأس العالم 3 مرات (ميسي ومارادونا)؟ (تبدأ بحرف الألف)",
        "a": "أرجنتين",
        "o": ["أرجنتين", "ألمانيا", "أوروغواي", "أستراليا"],
        "h": "التانغو"
      }
    ],
    "ب": [
      {
        "q": "نادي ألماني كبير (البافاري)؟ (يبدأ بحرف الباء)",
        "a": "بايرن ميونخ",
        "o": ["بايرن ميونخ", "بروسيا دورتموند", "باير ليفركوزن", "برشلونة"],
        "h": "سيد ألمانيا"
      },
      {
        "q": "الأسطورة البرازيلية الملقب بالجوهرة السوداء؟ (يبدأ بحرف الباء)",
        "a": "بيليه",
        "o": ["بيليه", "بيبيتو", "باجيو", "بيكهام"],
        "h": "فاز بالمونديال 3 مرات"
      }
    ],
    "ت": [
      {
        "q": "حالة وجود اللاعب خلف المدافعين لحظة التمرير؟ (تبدأ بحرف التاء)",
        "a": "تسلل",
        "o": ["تسلل", "تماس", "تهديف", "تمرير"],
        "h": "يلغي الهدف"
      },
      {
        "q": "نادي لندني لونه أزرق (البلوز)؟ (يبدأ بحرف التاء)",
        "a": "تشيلسي",
        "o": ["تشيلسي", "توتنهام", "تورينو", "تولوز"],
        "h": "فاز بالأبطال مرتين"
      }
    ],
    "ث": [
      {
        "q": "لقب نادي ليستر سيتي (الحيوان الماكر)؟ (يبدأ بحرف الثاء)",
        "a": "ثعالب",
        "o": ["ثعالب", "ثيودور", "ثلاثية", "ثوار"],
        "h": "حققوا معجزة الدوري 2016"
      }
    ],
    "ج": [
      {
        "q": "المدرب الإسباني الشهير للفلسفة الهجومية (التيكي تاكا)؟ (يبدأ بحرف الجيم)",
        "a": "جوارديولا",
        "o": ["جوارديولا", "جيرارد", "جو هارت", "جارسيا"],
        "h": "درب برشلونة والسيتي"
      },
      {
        "q": "ضربة عقوبة تحتسب عند العرقلة داخل المنطقة؟ (تبدأ بحرف الجيم)",
        "a": "جزاء",
        "o": ["جزاء", "جناح", "جمهور", "جدار"],
        "h": "من 11 متر"
      }
    ],
    "ح": [
      {
        "q": "اللاعب الذي يقف في المرمى ويمسك الكرة بيده؟ (يبدأ بحرف الحاء)",
        "a": "حارس",
        "o": ["حارس", "حكم", "حربة", "حائط"],
        "h": "يرتدي قفازات"
      },
      {
        "q": "المسؤول الأول عن إدارة المباراة؟ (يبدأ بحرف الحاء)",
        "a": "حكم",
        "o": ["حكم", "حارس", "حامل الراية", "حريف"],
        "h": "معه الصافرة"
      }
    ],
    "خ": [
      {
        "q": "مخالفة يرتكبها اللاعب ضد الخصم؟ (تبدأ بحرف الخاء)",
        "a": "خطأ",
        "o": ["خطأ", "خسارة", "خروج", "خطة"],
        "h": "يحتسب فاول"
      }
    ],
    "د": [
      {
        "q": "مباراة تجمع بين فريقين من نفس المدينة؟ (تبدأ بحرف الدال)",
        "a": "ديربي",
        "o": ["ديربي", "دوري", "دفاع", "دكة"],
        "h": "مثل ميلان وإنتر"
      },
      {
        "q": "نادي ألماني مشهور بجمهوره (الجدار الأصفر)؟ (يبدأ بحرف الدال)",
        "a": "دورتموند",
        "o": ["دورتموند", "دويسبورغ", "دينامو", "ديبورتيفو"],
        "h": "منافس البايرن"
      }
    ],
    "ذ": [
      {
        "q": "المباراة الأولى في الأدوار الإقصائية (قبل الإياب)؟ (تبدأ بحرف الذال)",
        "a": "ذهاب",
        "o": ["ذهاب", "ذهبي", "ذئب", "ذكاء"],
        "h": "في ملعب الخصم أو العكس"
      }
    ],
    "ر": [
      {
        "q": "نادي القرن في أوروبا (الملكي)؟ (يبدأ بحرف الراء)",
        "a": "ريال مدريد",
        "o": ["ريال مدريد", "روما", "رينجرز", "ريفر بليت"],
        "h": "الأكثر تتويجاً بالأبطال"
      },
      {
        "q": "أسطورة البرتغال والهداف التاريخي؟ (يبدأ بحرف الراء)",
        "a": "رونالدو (كريستيانو)",
        "o": ["رونالدو", "رونالدينيو", "روماريو", "راؤول"],
        "h": "صاروخ ماديرا"
      }
    ],
    "ز": [
      {
        "q": "أسطورة فرنسا ومدرب الريال السابق؟ (يبدأ بحرف الزاي)",
        "a": "زيدان",
        "o": ["زيدان", "زلاتان", "زانيتي", "زامورانو"],
        "h": "نطح ماتيرازي"
      }
    ],
    "س": [
      {
        "q": "ملعب ريال مدريد التاريخي؟ (يبدأ بحرف السين)",
        "a": "سانتياغو برنابيو",
        "o": ["سانتياغو برنابيو", "سان سيرو", "سانتوس", "سيلتيك"],
        "h": "في العاصمة الإسبانية"
      },
      {
        "q": "مهاجم أوروغوياني (العضاض)؟ (يبدأ بحرف السين)",
        "a": "سواريز",
        "o": ["سواريز", "سيلفا", "سانشيز", "سون"],
        "h": "لعب لبرشلونة وليفربول"
      }
    ],
    "ش": [
      {
        "q": "نصف المباراة (45 دقيقة)؟ (يبدأ بحرف الشين)",
        "a": "شوط",
        "o": ["شوط", "شباك", "شارة", "شعار"],
        "h": "الأول أو الثاني"
      },
      {
        "q": "لقب نادي مانشستر يونايتد (الـ... الحمر)؟ (يبدأ بحرف الشين)",
        "a": "شياطين",
        "o": ["شياطين", "شباب", "شجعان", "شرطة"],
        "h": "في أولد ترافورد"
      }
    ],
    "ص": [
      {
        "q": "النجم المصري وهداف ليفربول؟ (يبدأ بحرف الصاد)",
        "a": "صلاح (محمد)",
        "o": ["صلاح", "صناعة", "صانة", "صافرة"],
        "h": "الملك المصري"
      },
      {
        "q": "الأداة التي يستخدمها الحكم؟ (تبدأ بحرف الصاد)",
        "a": "صافرة",
        "o": ["صافرة", "صفارة", "صورة", "صالة"],
        "h": "تطلق صوتاً"
      }
    ],
    "ض": [
      {
        "q": "الوقت الذي يضيفه الحكم بعد الـ 90 دقيقة؟ (يبدأ بحرف الضاد)",
        "a": "ضائع (بدل الضائع)",
        "o": ["ضائع", "ضربة", "ضغط", "ضد"],
        "h": "تعويض التوقفات"
      }
    ],
    "ط": [
      {
        "q": "عقوبة البطاقة الحمراء؟ (تبدأ بحرف الطاء)",
        "a": "طرد",
        "o": ["طرد", "طيران", "طريق", "طرف"],
        "h": "مغادرة الملعب"
      }
    ],
    "ظ": [
      {
        "q": "لقب رونالدو البرازيلي (R9)؟ (يبدأ بحرف الظاء)",
        "a": "ظاهرة",
        "o": ["ظاهرة", "ظهير", "ظلال", "ظرف"],
        "h": "أفضل مهاجم رقم 9"
      },
      {
        "q": "اللاعب المدافع على اليمين أو اليسار؟ (يبدأ بحرف الظاء)",
        "a": "ظهير",
        "o": ["ظهير", "ظاهرة", "ظل", "ظهر"],
        "h": "يشارك في الهجوم والدفاع"
      }
    ],
    "ع": [
      {
        "q": "القائم الأفقي للمرمى؟ (يبدأ بحرف العين)",
        "a": "عارضة",
        "o": ["عارضة", "عمود", "عشب", "عقوبة"],
        "h": "تمنع الأهداف العالية"
      },
      {
        "q": "لقب الحارس ليف ياشين (الأسود)؟ (يبدأ بحرف العين)",
        "a": "عنكبوت",
        "o": ["عنكبوت", "عقرب", "عجوز", "عملاق"],
        "h": "لأنه يمسك كل شيء"
      }
    ],
    "غ": [
      {
        "q": "لقب نادي فياريال الإسباني (الـ... الصفراء)؟ (يبدأ بحرف الغين)",
        "a": "غواصات",
        "o": ["غواصات", "غابات", "غربان", "غارات"],
        "h": "لونهم أصفر"
      },
      {
        "q": "لاعب ويلزي سريع جداً لعب للريال (نفاثة)؟ (يبدأ بحرف الغين)",
        "a": "غاريث بيل",
        "o": ["غاريث بيل", "غيغز", "غاتوزو", "غوارديولا"],
        "h": "سجل مقصية في نهائي 2018"
      }
    ],
    "ف": [
      {
        "q": "بطل كأس العالم 1998 و 2018 (الديوك)؟ (يبدأ بحرف الفاء)",
        "a": "فرنسا",
        "o": ["فرنسا", "فنلندا", "فنزويلا", "فيتنام"],
        "h": "فريق زيدان ومبابي"
      },
      {
        "q": "أسطورة البرتغال الذي انتقل من برشلونة للريال (خائن)؟ (يبدأ بحرف الفاء)",
        "a": "فيجو (لويس)",
        "o": ["فيجو", "فان باستن", "فيرجسون", "فالديز"],
        "h": "رمي عليه رأس خنزير"
      }
    ],
    "ق": [
      {
        "q": "اللاعب الذي يرتدي الشارة ويوجه الفريق؟ (يبدأ بحرف القاف)",
        "a": "قائد (كابتن)",
        "o": ["قائد", "قائم", "قناص", "قلب"],
        "h": "الكابتن"
      },
      {
        "q": "العمود الجانبي للمرمى؟ (يبدأ بحرف القاف)",
        "a": "قائم",
        "o": ["قائم", "قدم", "قاعدة", "قفاز"],
        "h": "ترتطم به الكرة"
      }
    ],
    "ك": [
      {
        "q": "هداف العالم والبرتغال (الدون)؟ (يبدأ بحرف الكاف)",
        "a": "كريستيانو رونالدو",
        "o": ["كريستيانو", "كاكا", "كرويف", "كانتونا"],
        "h": "CR7"
      },
      {
        "q": "البطولة الأغلى للمنتخبات؟ (يبدأ بحرف الكاف)",
        "a": "كأس العالم",
        "o": ["كأس العالم", "كأس القارات", "كأس أوروبا", "كأس آسيا"],
        "h": "كل 4 سنوات"
      }
    ],
    "ل": [
      {
        "q": "نادي إنجليزي ملعبه الأنفيلد؟ (يبدأ بحرف اللام)",
        "a": "ليفربول",
        "o": ["ليفربول", "ليستر", "ليدز", "ليون"],
        "h": "الريدز"
      },
      {
        "q": "مهاجم بولندي ماكينة أهداف؟ (يبدأ بحرف اللام)",
        "a": "ليفاندوفسكي",
        "o": ["ليفاندوفسكي", "لامبارد", "لوكاكو", "لاودروب"],
        "h": "لعب للبايرن وبرشلونة"
      }
    ],
    "م": [
      {
        "q": "أسطورة الأرجنتين وبرشلونة (البرغوث)؟ (يبدأ بحرف الميم)",
        "a": "ميسي",
        "o": ["ميسي", "مارادونا", "مبابي", "مودريتش"],
        "h": "أكثر من حقق الكرة الذهبية"
      },
      {
        "q": "نادي إنجليزي كبير (الشياطين الحمر)؟ (يبدأ بحرف الميم)",
        "a": "مانشستر يونايتد",
        "o": ["مانشستر يونايتد", "مانشستر سيتي", "ميلان", "موناكو"],
        "h": "دربه فيرجسون"
      }
    ]
  },
  "medium": {
    "أ": [
      {
        "q": "نادي هولندي عريق مدرسة للمواهب؟ (يبدأ بحرف الألف)",
        "a": "أياكس",
        "o": ["أياكس", "أيندهوفن", "ألكمار", "أوتريخت"],
        "h": "لعب له كرويف"
      }
    ],
    "ي": [
      {
        "q": "نادي إيطالي لقبه السيدة العجوز؟ (يبدأ بحرف الياء)",
        "a": "يوفنتوس",
        "o": ["يوفنتوس", "يونايتد", "يونغ بويز", "يورك"],
        "h": "قميصه أبيض وأسود"
      }
    ]
  }
}