{
  "type": "sports",
  "sub": "history",
  "easy": {
    "أ": [
      {
        "q": "المنتخب الأكثر وصولاً لنهائي كأس العالم (8 مرات)؟ (يبدأ بحرف الألف)",
        "a": "ألمانيا",
        "o": ["ألمانيا", "أرجنتين", "أوروغواي", "أستراليا"],
        "h": "الماكينات"
      },
      {
        "q": "بطل كأس العالم 1978 و 1986 و 2022؟ (يبدأ بحرف الألف)",
        "a": "أرجنتين",
        "o": ["أرجنتين", "ألمانيا", "أوروغواي", "أسبانيا"],
        "h": "التانغو"
      },
      {
        "q": "أول دولة استضافت وفازت بكأس العالم 1930؟ (تبدأ بحرف الألف)",
        "a": "أوروغواي",
        "o": ["أوروغواي", "أرجنتين", "ألمانيا", "أمريكا"],
        "h": "السيليستي"
      }
    ],
    "ب": [
      {
        "q": "المنتخب الأكثر تتويجاً بكأس العالم (5 مرات)؟ (يبدأ بحرف الباء)",
        "a": "برازيل",
        "o": ["برازيل", "بلجيكا", "برتغال", "بيرو"],
        "h": "السامبا"
      },
      {
        "q": "اللاعب الوحيد الذي فاز بـ 3 كؤوس عالم؟ (يبدأ بحرف الباء)",
        "a": "بيليه",
        "o": ["بيليه", "بيبيتو", "باجيو", "بيكنباور"],
        "h": "الجوهرة السوداء"
      }
    ],
    "ت": [
      {
        "q": "أول منتخب عربي حقق فوزاً في كأس العالم (1978)؟ (يبدأ بحرف التاء)",
        "a": "تونس",
        "o": ["تونس", "تركيا", "تشيلي", "توغو"],
        "h": "نسور قرطاج"
      },
      {
        "q": "المنتخب الذي حقق المركز الثالث في مونديال 2002 (مفاجأة)؟ (يبدأ بحرف التاء)",
        "a": "تركيا",
        "o": ["تركيا", "تونس", "تشيك", "تايلاند"],
        "h": "بقيادة هاكان شوكور"
      }
    ],
    "ث": [
      {
        "q": "دور الـ 16 في كأس العالم يسمى؟ (يبدأ بحرف الثاء)",
        "a": "ثمن النهائي",
        "o": ["ثمن النهائي", "ثلاثي", "ثاني", "ثالث"],
        "h": "المرحلة بعد المجموعات"
      }
    ],
    "ج": [
      {
        "q": "اسم كأس العالم القديمة (مؤسس البطولة)؟ (يبدأ بحرف الجيم)",
        "a": "جول ريميه",
        "o": ["جول ريميه", "جواو هافيلانج", "جياني إنفانتينو", "جورج وياه"],
        "h": "احتفظت بها البرازيل"
      },
      {
        "q": "الدولة الأفريقية التي استضافت مونديال 2010؟ (تبدأ بحرف الجيم)",
        "a": "جنوب أفريقيا",
        "o": ["جنوب أفريقيا", "جزائر", "جيبوتي", "جاميكا"],
        "h": "بلاد مانديلا"
      }
    ],
    "ح": [
      {
        "q": "المسؤول عن إدارة المباراة وتطبيق القوانين؟ (يبدأ بحرف الحاء)",
        "a": "حكم",
        "o": ["حكم", "حارس", "حامل الراية", "حريف"],
        "h": "صاحب الصافرة"
      },
      {
        "q": "اللاعب الذي يرتدي قفازات ويحمي المرمى؟ (يبدأ بحرف الحاء)",
        "a": "حارس",
        "o": ["حارس", "حكم", "حربة", "حائط"],
        "h": "ليف ياشين وبوفون"
      }
    ],
    "خ": [
      {
        "q": "هداف مونديال 2014 (نجم كولومبيا)؟ (يبدأ بحرف الخاء)",
        "a": "خاميس رودريغيز",
        "o": ["خاميس", "خوسيه", "خافيير", "خالد"],
        "h": "سجل هدفاً خرافياً ضد الأوروغواي"
      }
    ],
    "د": [
      {
        "q": "الأسطورة الأرجنتينية صاحب هدف (يد الله)؟ (يبدأ بحرف الدال)",
        "a": "دييغو مارادونا",
        "o": ["دييغو مارادونا", "دي ماريا", "ديبالا", "دانييل"],
        "h": "بطل 1986"
      }
    ],
    "ذ": [
      {
        "q": "لون الكأس والميداليات للفائز بالمركز الأول؟ (يبدأ بحرف الذال)",
        "a": "ذهبي",
        "o": ["ذهبي", "ذري", "ذائب", "ذكي"],
        "h": "مصنوعة من الذهب"
      }
    ],
    "ر": [
      {
        "q": "الهداف التاريخي للبرازيل في كأس العالم (قبل نيمار)؟ (يبدأ بحرف الراء)",
        "a": "رونالدو (الظاهرة)",
        "o": ["رونالدو", "رونالدينيو", "ريفالدو", "روماريو"],
        "h": "سجل 15 هدفاً"
      },
      {
        "q": "لاعب كاميروني رقص عند الراية الركنية (أكبر هداف سناً)؟ (يبدأ بحرف الراء)",
        "a": "روجيه ميلا",
        "o": ["روجيه ميلا", "ريغوبرت سونغ", "رابح ماجر", "رشيد"],
        "h": "تألق في 1990"
      }
    ],
    "ز": [
      {
        "q": "أسطورة فرنسا الذي سجل هدفين في نهائي 98؟ (يبدأ بحرف الزاي)",
        "a": "زيدان",
        "o": ["زيدان", "زاغالو", "زيكو", "زامورانو"],
        "h": "زيزو"
      },
      {
        "q": "الرجل الذي فاز بكأس العالم لاعباً ومدرباً ومساعداً (برازيلي)؟ (يبدأ بحرف الزاي)",
        "a": "زاغالو",
        "o": ["زاغالو", "زيدان", "زيكو", "زانيتي"],
        "h": "الذئب العجوز"
      }
    ],
    "س": [
      {
        "q": "هداف مونديال 1990 (إيطالي)؟ (يبدأ بحرف السين)",
        "a": "سكيلاتشي",
        "o": ["سكيلاتشي", "سقراط", "سامبا", "سافيولا"],
        "h": "توتو"
      },
      {
        "q": "منتخب أفريقي وصل ربع نهائي 2002؟ (يبدأ بحرف السين)",
        "a": "سنغال",
        "o": ["سنغال", "سعودية", "سويد", "سويسرا"],
        "h": "أسود التيرانجا"
      }
    ],
    "ش": [
      {
        "q": "نصف المباراة؟ (يبدأ بحرف الشين)",
        "a": "شوط",
        "o": ["شوط", "شباك", "شارة", "شبكة"],
        "h": "45 دقيقة"
      }
    ],
    "ص": [
      {
        "q": "الأداة التي يصفر بها الحكم؟ (تبدأ بحرف الصاد)",
        "a": "صافرة",
        "o": ["صافرة", "صفارة", "صورة", "صالة"],
        "h": "تعلن النهاية"
      }
    ],
    "ض": [
      {
        "q": "ركلة تحتسب عند الخطأ داخل المنطقة؟ (تبدأ بحرف الضاد)",
        "a": "ضربة جزاء",
        "o": ["ضربة جزاء", "ضربة مرمى", "ضربة ركنية", "ضربة حرة"],
        "h": "بنتي"
      }
    ],
    "ط": [
      {
        "q": "خروج اللاعب بالبطاقة الحمراء؟ (يبدأ بحرف الطاء)",
        "a": "طرد",
        "o": ["طرد", "طيران", "طريق", "طرف"],
        "h": "لعب ناقص"
      }
    ],
    "ظ": [
      {
        "q": "لقب رونالدو البرازيلي في المونديال؟ (يبدأ بحرف الظاء)",
        "a": "ظاهرة",
        "o": ["ظاهرة", "ظهير", "ظلام", "ظرف"],
        "h": "R9"
      }
    ],
    "ع": [
      {
        "q": "أكبر لاعب شارك في كأس العالم (حارس مصري)؟ (يبدأ بحرف العين)",
        "a": "عصام الحضري",
        "o": ["عصام الحضري", "علي دائي", "عزيز بودربالة", "عدنان"],
        "h": "السد العالي"
      }
    ],
    "غ": [
      {
        "q": "صاحب هدف الفوز لألمانيا في نهائي 2014؟ (يبدأ بحرف الغين)",
        "a": "غوتزه",
        "o": ["غوتزه", "غنابري", "غوميز", "غريزمان"],
        "h": "سوبر ماريو"
      },
      {
        "q": "منتخب أفريقي وصل ربع نهائي 2010 (النجوم السوداء)؟ (يبدأ بحرف الغين)",
        "a": "غانا",
        "o": ["غانا", "غينيا", "غابون", "غامبيا"],
        "h": "خسروا بلمسة يد سواريز"
      }
    ],
    "ف": [
      {
        "q": "بطل مونديال 1998 و 2018؟ (يبدأ بحرف الفاء)",
        "a": "فرنسا",
        "o": ["فرنسا", "فنلندا", "فنزويلا", "فيتنام"],
        "h": "الديوك"
      },
      {
        "q": "اللاعب الذي سجل 13 هدفاً في نسخة واحدة؟ (يبدأ بحرف الفاء)",
        "a": "فونتين (جاست)",
        "o": ["فونتين", "فولر", "فالدانو", "فالكاو"],
        "h": "رقم قياسي لم يكسر"
      },
      {
        "q": "الاتحاد الدولي لكرة القدم؟ (يبدأ بحرف الفاء)",
        "a": "فيفا",
        "o": ["فيفا", "فيبا", "فيا", "فريق"],
        "h": "FIFA"
      }
    ],
    "ق": [
      {
        "q": "الدولة المستضيفة لمونديال 2022؟ (تبدأ بحرف القاف)",
        "a": "قطر",
        "o": ["قطر", "قبرص", "قم", "قاهرة"],
        "h": "أول استضافة عربية"
      }
    ],
    "ك": [
      {
        "q": "الهداف التاريخي لكأس العالم (16 هدفاً)؟ (يبدأ بحرف الكاف)",
        "a": "كلوزه",
        "o": ["كلوزه", "كلينسمان", "كان", "كروس"],
        "h": "ألماني"
      },
      {
        "q": "وصيف مونديال 2018 (مودريتش)؟ (يبدأ بحرف الكاف)",
        "a": "كرواتيا",
        "o": ["كرواتيا", "كولومبيا", "كوريا", "كوستاريكا"],
        "h": "أوروبا الشرقية"
      },
      {
        "q": "هداف مونديال 1978 (أرجنتيني)؟ (يبدأ بحرف الكاف)",
        "a": "كيمبس",
        "o": ["كيمبس", "كان", "كافو", "كاكا"],
        "h": "الماتادور"
      }
    ],
    "ل": [
      {
        "q": "هداف مونديال 1986 (إنجليزي)؟ (يبدأ بحرف اللام)",
        "a": "لينيكر",
        "o": ["لينيكر", "لامبارد", "لوكاكو", "ليمان"],
        "h": "غاري"
      },
      {
        "q": "حارس سوفييتي أسطوري (العنكبوت)؟ (يبدأ بحرف اللام)",
        "a": "ليف ياشين",
        "o": ["ليف ياشين", "لوريس", "ليمان", "لوبيز"],
        "h": "الكرة الذهبية الوحيدة لحارس"
      }
    ],
    "م": [
      {
        "q": "أسطورة الأرجنتين وبطل 2022؟ (يبدأ بحرف الميم)",
        "a": "ميسي",
        "o": ["ميسي", "مارادونا", "مبابي", "مودريتش"],
        "h": "البرغوث"
      },
      {
        "q": "أول منتخب عربي وأفريقي يصل لنصف النهائي (2022)؟ (يبدأ بحرف الميم)",
        "a": "مغرب",
        "o": ["مغرب", "مصر", "مكسيك", "مجر"],
        "h": "أسود الأطلس"
      },
      {
        "q": "أسطورة الأرجنتين وبطل 1986؟ (يبدأ بحرف الميم)",
        "a": "مارادونا",
        "o": ["مارادونا", "ميسي", "ماتيوس", "مالديني"],
        "h": "يد الله"
      },
      {
        "q": "الدولة التي استضافت المونديال مرتين (70 و 86)؟ (تبدأ بحرف الميم)",
        "a": "مكسيك",
        "o": ["مكسيك", "مجر", "مغرب", "ماليزيا"],
        "h": "الأزتيك"
      }
    ]
   
  }
}