{
  "type": "sports",
  "sub": "mixed",
  "easy": {
    "أ": [
      {
        "q": "المدينة التي استضافت أول ألعاب أولمبية؟ (تبدأ بحرف الألف)",
        "a": "أثينا",
        "o": ["أثينا", "أتلانتا", "أمستردام", "أوسلو"],
        "h": "في اليونان"
      },
      {
        "q": "الرياضة التي تشمل الجري والقفز والرمي (أم الألعاب)؟ (تبدأ بحرف الألف)",
        "a": "ألعاب قوى",
        "o": ["ألعاب قوى", "أثقال", "أكروبات", "أيروبيك"],
        "h": "Athletics"
      }
    ],
    "ب": [
      {
        "q": "أسرع رجل في التاريخ (العداء الجامايكي)؟ (يبدأ بحرف الباء)",
        "a": "بولت (يوسين)",
        "o": ["بولت", "باويل", "بليك", "بيكيلي"],
        "h": "الإعصار"
      },
      {
        "q": "رياضة ترمي فيها الكرة لإسقاط القوارير؟ (تبدأ بحرف الباء)",
        "a": "بولينج",
        "o": ["بولينج", "بلياردو", "بيسبول", "بولو"],
        "h": "النتيجة الكاملة سترايك"
      }
    ],
    "ت": [
      {
        "q": "الملاكم الحديدي (عض أذن هوليفيلد)؟ (يبدأ بحرف التاء)",
        "a": "تايسون (مايك)",
        "o": ["تايسون", "تيري", "توم", "تيم"],
        "h": "أصغر بطل للوزن الثقيل"
      },
      {
        "q": "رياضة المضرب والكرة الصفراء؟ (تبدأ بحرف التاء)",
        "a": "تنس",
        "o": ["تنس", "تايكوندو", "تجديف", "تزلج"],
        "h": "تقام في ويمبلدون"
      }
    ],
    "ث": [
      {
        "q": "عدد النقاط المحتسبة للرمية من خارج القوس في السلة؟ (تبدأ بحرف الثاء)",
        "a": "ثلاثة",
        "o": ["ثلاثة", "ثمانية", "ثلاثين", "اثنين"],
        "h": "Three-pointer"
      }
    ],
    "ج": [
      {
        "q": "أسطورة كرة السلة رقم 23؟ (يبدأ بحرف الجيم)",
        "a": "جوردان (مايكل)",
        "o": ["جوردان", "جيمس", "جونسون", "جبار"],
        "h": "نجم شيكاغو بولز"
      },
      {
        "q": "رياضة الدفاع عن النفس اليابانية؟ (تبدأ بحرف الجيم)",
        "a": "جودو",
        "o": ["جودو", "جمباز", "جري", "جولف"],
        "h": "تعتمد على الطرح أرضاً"
      }
    ],
    "ح": [
      {
        "q": "المكان الذي تقام فيه سباقات الفورمولا 1؟ (يبدأ بحرف الحاء)",
        "a": "حلبة",
        "o": ["حلبة", "حديقة", "حارة", "حوض"],
        "h": "Circuit"
      },
      {
        "q": "بطل الفنون القتالية المختلطة (النسر)؟ (يبدأ بحرف الحاء)",
        "a": "حبيب (نورمحمدوف)",
        "o": ["حبيب", "حسن", "حمزة", "حيدر"],
        "h": "الداغستاني الذي لم يهزم"
      }
    ],
    "خ": [
      {
        "q": "عدد لاعبي كرة السلة في الملعب لكل فريق؟ (يبدأ بحرف الخاء)",
        "a": "خمسة",
        "o": ["خمسة", "خمسين", "خمسة عشر", "أربعة"],
        "h": "5 لاعبين"
      },
      {
        "q": "ما يرتديه سائق الفورمولا 1 لحماية رأسه؟ (يبدأ بحرف الخاء)",
        "a": "خوذة",
        "o": ["خوذة", "خرقة", "خاتم", "خيط"],
        "h": "Helmet"
      }
    ],
    "د": [
      {
        "q": "سباق الطواف (Tour de France) مخصص لـ؟ (يبدأ بحرف الدال)",
        "a": "دراجات",
        "o": ["دراجات", "دبابات", "دلافين", "دببة"],
        "h": "هوائية"
      },
      {
        "q": "لعبة رمي السهام الصغيرة على لوحة دائرية؟ (تبدأ بحرف الدال)",
        "a": "دارتس",
        "o": ["دارتس", "دومينو", "دفاع", "دوران"],
        "h": "Darts"
      }
    ],
    "ذ": [
      {
        "q": "لون الميدالية لصاحب المركز الأول؟ (يبدأ بحرف الذال)",
        "a": "ذهبية",
        "o": ["ذهبية", "ذرة", "ذائبة", "ذكية"],
        "h": "Gold"
      }
    ],
    "ر": [
      {
        "q": "أسطورة التنس الإسباني (ملك الملاعب الترابية)؟ (يبدأ بحرف الراء)",
        "a": "رافائيل نادال",
        "o": ["رافائيل نادال", "روجيه فيدرر", "روديك", "ريتشارد"],
        "h": "الماتادور"
      },
      {
        "q": "سباق السيارات في الطرق الوعرة والصحراوية؟ (يبدأ بحرف الراء)",
        "a": "رالي",
        "o": ["رالي", "ركض", "رمي", "رفع"],
        "h": "مثل داكار"
      }
    ],
    "ز": [
      {
        "q": "الأداة المستخدمة للتزلج على الجليد؟ (تبدأ بحرف الزاي)",
        "a": "زلاجات",
        "o": ["زلاجات", "زوارق", "زوايا", "زمزميات"],
        "h": "Skis"
      }
    ],
    "س": [
      {
        "q": "الرياضة التي يلعبها ليبرون جيمس؟ (تبدأ بحرف السين)",
        "a": "سلة",
        "o": ["سلة", "سباحة", "سكواش", "سنوكر"],
        "h": "Basketball"
      },
      {
        "q": "رياضة مايكل فيلبس؟ (تبدأ بحرف السين)",
        "a": "سباحة",
        "o": ["سباحة", "سلة", "سيف", "سباق"],
        "h": "في الماء"
      },
      {
        "q": "نجمة التنس الأمريكية (الأخت الصغرى)؟ (تبدأ بحرف السين)",
        "a": "سيرينا ويليامز",
        "o": ["سيرينا", "سيمونا", "سارة", "سمانثا"],
        "h": "الأكثر فوزاً بالجراند سلام"
      }
    ],
    "ش": [
      {
        "q": "أسطورة الفورمولا 1 الألماني (7 ألقاب)؟ (يبدأ بحرف الشين)",
        "a": "شوماخر",
        "o": ["شوماخر", "شاكيل", "شيفشينكو", "شارابوفا"],
        "h": "مايكل"
      },
      {
        "q": "لعبة الذكاء (الملك والوزير)؟ (تبدأ بحرف الشين)",
        "a": "شطرنج",
        "o": ["شطرنج", "شيش", "شعلة", "شبكة"],
        "h": "على رقعة 64 مربع"
      }
    ],
    "ص": [
      {
        "q": "رياضة برية تعتمد على القنص؟ (تبدأ بحرف الصاد)",
        "a": "صيد",
        "o": ["صيد", "صولجان", "صبر", "صندوق"],
        "h": "بالبندقية أو الصقور"
      }
    ],
    "ض": [
      {
        "q": "لعبة شعبية تلعب بقطع دائرية (Checkers)؟ (تبدأ بحرف الضاد)",
        "a": "ضامة",
        "o": ["ضامة", "ضرب", "ضغط", "ضوء"],
        "h": "تشبه الشطرنج"
      }
    ],
    "ط": [
      {
        "q": "لعبة جماعية تلعب باليد ويفصل بين الفريقين شبكة عالية؟ (تبدأ بحرف الطاء)",
        "a": "طائرة",
        "o": ["طائرة", "طاولة", "طوق", "طريق"],
        "h": "Volleyball"
      },
      {
        "q": "الاسم الآخر للبينج بونج (تنس الـ...)؟ (يبدأ بحرف الطاء)",
        "a": "طاولة",
        "o": ["طاولة", "طائرة", "طين", "طريق"],
        "h": "تلعب بمضرب صغير"
      }
    ],
    "ظ": [
      {
        "q": "نوع من أنواع السباحة يكون فيه الوجه للأعلى؟ (يبدأ بحرف الظاء)",
        "a": "ظهر",
        "o": ["ظهر", "ظلام", "ظل", "ظفر"],
        "h": "Backstroke"
      }
    ],
    "ع": [
      {
        "q": "الاسم العربي لرياضة الجري السريع؟ (يبدأ بحرف العين)",
        "a": "عدو",
        "o": ["عدو", "عقل", "عجلة", "عمل"],
        "h": "سباق 100 متر"
      },
      {
        "q": "الأداة المستخدمة في الغولف والهوكي؟ (تبدأ بحرف العين)",
        "a": "عصا",
        "o": ["عصا", "عجلة", "عمود", "علم"],
        "h": "لضرب الكرة"
      }
    ],
    "غ": [
      {
        "q": "رياضة تايغر وودز (الحفرة والكرة)؟ (تبدأ بحرف الغين)",
        "a": "غولف",
        "o": ["غولف", "غوص", "غابة", "غزال"],
        "h": "لعبة الأثرياء"
      },
      {
        "q": "النزول تحت الماء بأجهزة تنفس؟ (يبدأ بحرف الغين)",
        "a": "غوص",
        "o": ["غوص", "غولف", "غناء", "غارة"],
        "h": "Scuba Diving"
      }
    ],
    "ف": [
      {
        "q": "أشهر سباقات السيارات (الفئة الأولى)؟ (تبدأ بحرف الفاء)",
        "a": "فورمولا 1",
        "o": ["فورمولا 1", "فيراري", "فروسية", "فردي"],
        "h": "أسرع السيارات"
      },
      {
        "q": "أسطورة التنس السويسري (المايسترو)؟ (يبدأ بحرف الفاء)",
        "a": "فيدرر (روجيه)",
        "o": ["فيدرر", "فيراري", "فيتيل", "فيلبس"],
        "h": "الأكثر أناقة"
      },
      {
        "q": "فريق إيطالي عريق في الفورمولا 1 (الحصان الجامح)؟ (يبدأ بحرف الفاء)",
        "a": "فيراري",
        "o": ["فيراري", "فورد", "فيات", "فولفو"],
        "h": "لونه أحمر"
      }
    ],
    "ق": [
      {
        "q": "رياضة أولمبية (الوثب العالي) تسمى؟ (تبدأ بحرف القاف)",
        "a": "قفز",
        "o": ["قفز", "قتال", "قوة", "قوس"],
        "h": "High Jump"
      },
      {
        "q": "سلاح الرماية القديم؟ (يبدأ بحرف القاف)",
        "a": "قوس",
        "o": ["قوس", "قلم", "قرص", "قلب"],
        "h": "والسهم"
      }
    ],
    "ك": [
      {
        "q": "فن قتالي ياباني (اليد الخالية)؟ (يبدأ بحرف الكاف)",
        "a": "كاراتيه",
        "o": ["كاراتيه", "كيك بوكسينغ", "كريكيت", "كمال أجسام"],
        "h": "الحزام الأسود"
      },
      {
        "q": "نجم السلة الراحل (المامبا السوداء)؟ (يبدأ بحرف الكاف)",
        "a": "كوبي براينت",
        "o": ["كوبي براينت", "كاري", "كاواي", "كيفن"],
        "h": "أسطورة الليكرز"
      },
      {
        "q": "الرياضة الشعبية الأولى في الهند؟ (تبدأ بحرف الكاف)",
        "a": "كريكيت",
        "o": ["كريكيت", "كاراتيه", "كرة طائرة", "كنغر"],
        "h": "تشبه البيسبول"
      }
    ],
    "ل": [
      {
        "q": "نجم السلة الحالي (الملك)؟ (يبدأ بحرف اللام)",
        "a": "ليبرون جيمس",
        "o": ["ليبرون جيمس", "لاري بيرد", "لوكا", "لينارد"],
        "h": "الهداف التاريخي للـ NBA"
      },
      {
        "q": "فريق لوس أنجلوس لكرة السلة (الذهبي والبنفسجي)؟ (يبدأ بحرف اللام)",
        "a": "ليكرز",
        "o": ["ليكرز", "ليفركوزن", "ليون", "ليدز"],
        "h": "فريق كوبي وماجيك"
      },
      {
        "q": "بطل الفورمولا 1 البريطاني (سائق مرسيدس)؟ (يبدأ بحرف اللام)",
        "a": "لويس هاميلتون",
        "o": ["لويس هاميلتون", "لاندو نوريس", "لوكلير", "لاودا"],
        "h": "حقق 7 ألقاب"
      }
    ],
    "م": [
      {
        "q": "أعظم ملاكم في التاريخ (كلاي)؟ (يبدأ بحرف الميم)",
        "a": "محمد علي",
        "o": ["محمد علي", "مايك تايسون", "مايويذر", "ماركيانو"],
        "h": "رفض حرب فيتنام"
      },
      {
        "q": "الرجل الحديدي في الملاكمة (عضاض الأذن)؟ (يبدأ بحرف الميم)",
        "a": "مايك تايسون",
        "o": ["مايك تايسون", "محمد علي", "مكغريغور", "ميسي"],
        "h": "أصغر بطل عالم"
      },
      {
        "q": "أعظم سباح أولمبي (القرش)؟ (يبدأ بحرف الميم)",
        "a": "مايكل فيلبس",
        "o": ["مايكل فيلبس", "مارك سبيتز", "موراي", "ماني"],
        "h": "حصد 23 ذهبية"
      }
    ]
  },
  "medium": {
    "ن": [
      {
        "q": "أسطورة التنس الصربي (الأكثر فوزاً بالجراند سلام)؟ (يبدأ بحرف النون)",
        "a": "نوفاك دجوكوفيتش",
        "o": ["نوفاك", "نادال", "نيشيكوري", "نوريس"],
        "h": "الإعصار"
      }
    ]
  }
}