{
  "type": "sports",
  "sub": "saudi",
  "easy": {
    "أ": [
      {
        "q": "نادي جدواي لقبه (الراقي)؟ (يبدأ بحرف الألف)",
        "a": "أهلي",
        "o": ["أهلي", "إتحاد", "إتفاق", "أبها"],
        "h": "قلعة الكؤوس"
      },
      {
        "q": "لاعب وسط الشباب والمنتخب (المايسترو)؟ (يبدأ بحرف الألف)",
        "a": "أحمد عطيف",
        "o": ["أحمد عطيف", "أحمد الدوخي", "أحمد الفريدي", "أحمد جميل"],
        "h": "قاد الشباب لبطولات عديدة"
      }
    ],
    "ب": [
      {
        "q": "النجم الأرجنتيني (الموسيقار) الذي لعب للشباب؟ (يبدأ بحرف الباء)",
        "a": "بانيغا",
        "o": ["بانيغا", "بوفون", "بيتروس", "بيتي"],
        "h": "إيفر بانيغا"
      },
      {
        "q": "رئيس نادي الشباب الذهبي (القادح)؟ (يبدأ بحرف الباء)",
        "a": "بلطان (خالد)",
        "o": ["بلطان", "بندر بن محمد", "بكر", "باسم"],
        "h": "خالد البلطان"
      }
    ],
    "ت": [
      {
        "q": "أسطورة النادي الأهلي وقائده لسنوات؟ (يبدأ بحرف التاء)",
        "a": "تيسير الجاسم",
        "o": ["تيسير الجاسم", "تركي العوادة", "توفيق", "تاليسكا"],
        "h": "لاعب الوسط الدولي"
      },
      {
        "q": "الدبابة الكاميرونية هداف التعاون؟ (يبدأ بحرف التاء)",
        "a": "تاوامبا",
        "o": ["تاوامبا", "تيفيز", "تفاريس", "تراوري"],
        "h": "لياندر"
      }
    ],
    "ج": [
      {
        "q": "المدينة التي يقع فيها ملعب الجوهرة المشعة؟ (يبدأ بحرف الجيم)",
        "a": "جدة",
        "o": ["جدة", "جبيل", "جازان", "جوف"],
        "h": "عروس البحر الأحمر"
      },
      {
        "q": "الأسد الفرنسي هداف الهلال التاريخي للأجانب؟ (يبدأ بحرف الجيم)",
        "a": "جوميز",
        "o": ["جوميز", "جوليانو", "جحفلي", "جابر"],
        "h": "صاحب احتفالية الأسد"
      }
    ],
    "ح": [
      {
        "q": "الهداف التاريخي للاتحاد (البرق)؟ (يبدأ بحرف الحاء)",
        "a": "حمزة إدريس",
        "o": ["حمزة إدريس", "حسن معاذ", "حسين عبدالغني", "حمد المنتشري"],
        "h": "سجل 33 هدفاً في موسم واحد"
      },
      {
        "q": "الجلاد المغربي هداف الدوري في موسم واحد (34 هدف)؟ (يبدأ بحرف الحاء)",
        "a": "حمدالله",
        "o": ["حمدالله", "حمدان", "حسن", "حسين"],
        "h": "عبدالرزاق"
      }
    ],
    "خ": [
      {
        "q": "رئيس الشباب الذي أطلق عليه (الذهبي)؟ (يبدأ بحرف الخاء)",
        "a": "خالد البلطان",
        "o": ["خالد البلطان", "خالد بن سلطان", "خميس", "خليل"],
        "h": "أعاد هيبة الليث"
      }
    ],
    "د": [
      {
        "q": "حارس القرن في آسيا وأسطورة الهلال والمنتخب؟ (يبدأ بحرف الدال)",
        "a": "دعيع (محمد)",
        "o": ["دعيع", "دوسري", "دوخي", "دايل"],
        "h": "الأخطبوط"
      },
      {
        "q": "مباراة تجمع قطبي المدينة الواحدة؟ (يبدأ بحرف الدال)",
        "a": "ديربي",
        "o": ["ديربي", "دوري", "دفاع", "دكة"],
        "h": "مثل الهلال والنصر"
      }
    ],
    "ذ": [
      {
        "q": "لقب سامي الجابر؟ (يبدأ بحرف الذال)",
        "a": "ذئب",
        "o": ["ذئب", "ذهب", "ذكي", "ذروة"],
        "h": "أسطورة الهلال"
      }
    ],
    "ر": [
      {
        "q": "مدرب المنتخب السعودي في مونديال 2022؟ (يبدأ بحرف الراء)",
        "a": "رينارد (هيرفي)",
        "o": ["رينارد", "رامون دياز", "ريبروف", "رودي"],
        "h": "الفرنسي"
      },
      {
        "q": "نادي جدة الذي هبط ثم عاد (قلعة الكؤوس)؟ (يبدأ بحرف الراء)",
        "a": "راقي (الأهلي)",
        "o": ["راقي", "رائد", "رياض", "ربيع"],
        "h": "لقب الأهلي"
      }
    ],
    "ز": [
      {
        "q": "لقب نادي الهلال؟ (يبدأ بحرف الزاي)",
        "a": "زعيم",
        "o": ["زعيم", "زمرد", "زلفي", "زاهر"],
        "h": "زعيم آسيا"
      },
      {
        "q": "مهاجم الشباب والهلال السابق (الزلزال)؟ (يبدأ بحرف الزاي)",
        "a": "زلزال (ناصر)",
        "o": ["زلزال", "زيد", "زوري", "زياد"],
        "h": "ناصر الشمراني"
      }
    ],
    "س": [
      {
        "q": "صاحب أجمل هدف في كأس العالم 94 (شبابي)؟ (يبدأ بحرف السين)",
        "a": "سعيد العويران",
        "o": ["سعيد العويران", "سامي الجابر", "سعد الحارثي", "سعود كريري"],
        "h": "مارادونا العرب"
      },
      {
        "q": "صاحب هدف الفوز التاريخي على الأرجنتين؟ (يبدأ بحرف السين)",
        "a": "سالم الدوسري",
        "o": ["سالم الدوسري", "سلمان الفرج", "سلطان الغنام", "سعيد المولد"],
        "h": "التورنيدو"
      }
    ],
    "ش": [
      {
        "q": "لقب نادي الشباب؟ (يبدأ بحرف الشين)",
        "a": "شيخ الأندية",
        "o": ["شيخ الأندية", "شعلة", "شرق", "شمال"],
        "h": "أول نادٍ في الرياض"
      },
      {
        "q": "نجم الهلال الموهوب (أكثر من حقق الدوري)؟ (يبدأ بحرف الشين)",
        "a": "شلهوب (محمد)",
        "o": ["شلهوب", "شمراني", "شراحيلي", "شيفو"],
        "h": "الموهوب"
      }
    ],
    "ص": [
      {
        "q": "لقب المنتخب السعودي؟ (يبدأ بحرف الصاد)",
        "a": "صقور",
        "o": ["صقور", "صفا", "صاروخ", "صعب"],
        "h": "الصقور الخضر"
      },
      {
        "q": "مهاجم الهلال والمنتخب (سجل ضد الأرجنتين)؟ (يبدأ بحرف الصاد)",
        "a": "صالح الشهري",
        "o": ["صالح الشهري", "صالح النعيمة", "صالح العمري", "صفوان"],
        "h": "الهدف الأول"
      }
    ],
    "ط": [
      {
        "q": "نادي حائل (فارس الشمال)؟ (يبدأ بحرف الطاء)",
        "a": "طائي",
        "o": ["طائي", "طويق", "طرف", "طيران"],
        "h": "صائد الكبار"
      }
    ],
    "ع": [
      {
        "q": "الهداف التاريخي للدوري السعودي (السوري)؟ (يبدأ بحرف العين)",
        "a": "عمر السومة",
        "o": ["عمر السومة", "عبدالرزاق حمدالله", "عماد الحوسني", "علي الحسن"],
        "h": "العقيد"
      },
      {
        "q": "لقب نادي الاتحاد؟ (يبدأ بحرف العين)",
        "a": "عميد",
        "o": ["عميد", "عالمي", "عنيد", "عربي"],
        "h": "أقدم نادٍ سعودي"
      },
      {
        "q": "لقب نادي النصر؟ (يبدأ بحرف العين)",
        "a": "عالمي",
        "o": ["عالمي", "عميد", "عنابي", "عروبة"],
        "h": "أول من شارك في مونديال الأندية"
      }
    ],
    "غ": [
      {
        "q": "جناح النصر السريع (القصير)؟ (يبدأ بحرف الغين)",
        "a": "غريب (عبدالرحمن)",
        "o": ["غريب", "غنام", "غامدي", "غروهي"],
        "h": "انتقل من الأهلي"
      }
    ],
    "ف": [
      {
        "q": "أول لاعب سعودي سجل في كأس العالم (شبابي)؟ (يبدأ بحرف الفاء)",
        "a": "فؤاد أنور",
        "o": ["فؤاد أنور", "فهد المولد", "فهد الهريفي", "فراس البريكان"],
        "h": "ضد هولندا"
      },
      {
        "q": "المعلق الإماراتي صاحب مقولة (يا رباه)؟ (يبدأ بحرف الفاء)",
        "a": "فارس عوض",
        "o": ["فارس عوض", "فهد العتيبي", "فايز", "فيصل"],
        "h": "صوت مميز"
      }
    ],
    "ق": [
      {
        "q": "لقب ياسر القحطاني؟ (يبدأ بحرف القاف)",
        "a": "قناص",
        "o": ["قناص", "قائد", "قوي", "قادم"],
        "h": "سجل في مونديال 2006"
      }
    ],
    "ك": [
      {
        "q": "نجم الهلال الطويل (محور)؟ (يبدأ بحرف الكاف)",
        "a": "كنو (محمد)",
        "o": ["كنو", "كريري", "كادش", "كعبي"],
        "h": "سجل في الشباب ومونديال الأندية"
      }
    ],
    "ل": [
      {
        "q": "لقب نادي الشباب (الحيوان المفترس)؟ (يبدأ بحرف اللام)",
        "a": "ليث",
        "o": ["ليث", "لؤلؤ", "لاعب", "لون"],
        "h": "الليث الأبيض"
      }
    ],
    "م": [
      {
        "q": "أسطورة النصر والمنتخب (99 هدف دولي)؟ (يبدأ بحرف الميم)",
        "a": "ماجد عبدالله",
        "o": ["ماجد عبدالله", "محيسن الجمعان", "محمد نور", "محمد الدعيع"],
        "h": "بيليه العرب"
      },
      {
        "q": "الأسطورة رقم 18 في الاتحاد؟ (يبدأ بحرف الميم)",
        "a": "محمد نور",
        "o": ["محمد نور", "مناف", "مبروك", "مرزوق"],
        "h": "القوة العاشرة"
      }
    ]
  }
}