{
  "type": "geo",
  "sub": "countries_cities",
  "easy": [
    { "w": "مصر", "h": "أرض الكنانة والأهرامات" },
    { "w": "دبي", "h": "مدينة الأبراج ودانة الدنيا" },
    { "w": "لندن", "h": "عاصمة الضباب وساعة بيغ بن" },
    { "w": "باريس", "h": "عاصمة النور والموضة" },
    { "w": "الرياض", "h": "عاصمة المملكة العربية السعودية" },
    { "w": "جدة", "h": "عروس البحر الأحمر وبوابة الحرمين" },
    { "w": "عمان", "h": "عاصمة الأردن (مدينة الجبال السبعة)" },
    { "w": "قطر", "h": "الدولة المستضيفة لكأس العالم 2022" },
    { "w": "روما", "h": "عاصمة إيطاليا ومدينة الكولوسيوم" },
    { "w": "بكين", "h": "عاصمة الصين الشعبية" },
    { "w": "برلين", "h": "عاصمة ألمانيا (كان يقسمها جدار)" },
    { "w": "طوكيو", "h": "عاصمة اليابان وكوكب التكنولوجيا" },
    { "w": "الكويت", "h": "لؤلؤة الخليج وعاصمتها تحمل اسمها" },
    { "w": "بيروت", "h": "عاصمة لبنان (ست الدنيا)" },
    { "w": "مدريد", "h": "عاصمة إسبانيا والنادي الملكي" },
    { "w": "الهند", "h": "بلد التوابل والمليار نسمة" },
    { "w": "اليمن", "h": "اليمن السعيد وبلاد سبأ" },
    { "w": "مكة", "h": "قبلة المسلمين ومهبط الوحي" },
    { "w": "تونس", "h": "تونس الخضراء" },
    { "w": "المنامة", "h": "عاصمة مملكة البحرين" },
    { "w": "الدوحة", "h": "عاصمة دولة قطر" },
    { "w": "مسقط", "h": "عاصمة سلطنة عمان" },
    { "w": "بغداد", "h": "عاصمة العراق (دار السلام)" },
    { "w": "القدس", "h": "زهرة المدائن وعاصمة فلسطين" },
    { "w": "صنعاء", "h": "عاصمة اليمن التاريخية" },
    { "w": "السودان", "h": "سلة غذاء الوطن العربي" },
    { "w": "الصومال", "h": "دولة عربية في القرن الأفريقي" },
    { "w": "كندا", "h": "دولة ورقة القيقب في أمريكا الشمالية" },
    { "w": "البرازيل", "h": "أكبر دولة في أمريكا الجنوبية (السامبا)" },
    { "w": "فرنسا", "h": "بلد العطور وبرج إيفل" }
  ],
  "medium": [
    { "w": "الخرطوم", "h": "عاصمة السودان (ملتقى النيلين)" },
    { "w": "إسطنبول", "h": "مدينة المآذن وتقع في قارتين" },
    { "w": "الجزائر", "h": "بلد المليون ونصف المليون شهيد" },
    { "w": "المغرب", "h": "المملكة المغربية (بلد الأطلس)" },
    { "w": "نيويورك", "h": "المدينة التي لا تنام (التفاحة الكبيرة)" },
    { "w": "القاهرة", "h": "عاصمة مصر (مدينة الألف مئذنة)" },
    { "w": "أمستردام", "h": "عاصمة هولندا (مدينة الدراجات)" },
    { "w": "بروكسل", "h": "عاصمة بلجيكا والاتحاد الأوروبي" },
    { "w": "فيينا", "h": "عاصمة النمسا (مدينة الموسيقى)" },
    { "w": "جنيف", "h": "مدينة السلام في سويسرا" },
    { "w": "ماليزيا", "h": "جوهرة آسيا وعاصمتها كوالالمبور" },
    { "w": "إندونيسيا", "h": "أكبر أرخبيل ودولة إسلامية سكاناً" },
    { "w": "أستراليا", "h": "القارة الجزيرة وموطن الكنغر" },
    { "w": "الأرجنتين", "h": "بلد التانغو وميسي" },
    { "w": "فنزويلا", "h": "دولة غنية بالنفط في أمريكا الجنوبية" },
    { "w": "كولومبيا", "h": "تشتهر بالقهوة وعاصمتها بوغوتا" },
    { "w": "أوكرانيا", "h": "عاصمتها كييف وتقع شرق أوروبا" },
    { "w": "تايلاند", "h": "أرض الابتسامة وعاصمتها بانكوك" },
    { "w": "سنغافورة", "h": "المدينة الدولة (النمر الآسيوي)" },
    { "w": "البندقية", "h": "مدينة العشاق والقنوات المائية (فينيسيا)" },
    { "w": "برشلونة", "h": "مدينة إسبانية في إقليم كتالونيا" },
    { "w": "ميونخ", "h": "مدينة ألمانية في بافاريا" },
    { "w": "ميلانو", "h": "عاصمة الموضة الإيطالية" },
    { "w": "سيدني", "h": "أشهر مدن أستراليا (بها الأوبرا)" },
    { "w": "تورونتو", "h": "أكبر مدن كندا وأشهرها" },
    { "w": "شيكاغو", "h": "مدينة الرياح الأمريكية" },
    { "w": "أنقرة", "h": "عاصمة تركيا السياسية" },
    { "w": "طهران", "h": "عاصمة إيران" },
    { "w": "إسلام آباد", "h": "عاصمة باكستان" },
    { "w": "كابول", "h": "عاصمة أفغانستان" }
  ],
  "hard": [
    { "w": "أنتاناناريفو", "h": "عاصمة مدغشقر (اسم طويل)" },
    { "w": "تيغوسيغالبا", "h": "عاصمة هندوراس (اسم معقد)" },
    { "w": "سريلانكا", "h": "جزيرة دمعة الهند (سيلان سابقاً)" },
    { "w": "قيرغيزستان", "h": "دولة جبلية في آسيا الوسطى" },
    { "w": "نواكشوط", "h": "عاصمة موريتانيا (مدينة الرياح)" },
    { "w": "بندر سري بيغاوان", "h": "عاصمة سلطنة بروناي" },
    { "w": "أذربيجان", "h": "دولة تقع في القوقاز عاصمتها باكو" },
    { "w": "أوزبكستان", "h": "دولة حبيسة مزدوجة عاصمتها طشقند" },
    { "w": "تركمانستان", "h": "عاصمتها عشق آباد (مدينة الرخام)" },
    { "w": "طاجيكستان", "h": "عاصمتها دوشنبه" },
    { "w": "ليختنشتاين", "h": "إمارة صغيرة جداً في جبال الألب" },
    { "w": "لوكسمبورغ", "h": "دولة صغيرة وغنية جداً في أوروبا" },
    { "w": "زيمبابوي", "h": "دولة أفريقية عاصمتها هراري" },
    { "w": "موزمبيق", "h": "دولة أفريقية تتحدث البرتغالية" },
    { "w": "موريتانيا", "h": "بلد المليون شاعر" },
    { "w": "جيبوتي", "h": "دولة عربية تقع على باب المندب" },
    { "w": "إريتريا", "h": "جارة إثيوبيا وعاصمتها أسمرة" },
    { "w": "نيقوسيا", "h": "العاصمة المقسمة (قبرص)" },
    { "w": "ريكيافيك", "h": "عاصمة أيسلندا (خليج الدخان)" },
    { "w": "هلسنكي", "h": "عاصمة فنلندا" },
    { "w": "كوبنهاغن", "h": "عاصمة الدنمارك" },
    { "w": "ستوكهولم", "h": "عاصمة السويد" },
    { "w": "أوسلو", "h": "عاصمة النرويج" },
    { "w": "برازيليا", "h": "عاصمة البرازيل الحديثة" },
    { "w": "كانبرا", "h": "عاصمة أستراليا السياسية" },
    { "w": "ويلينغتون", "h": "عاصمة نيوزيلندا" },
    { "w": "أولان باتور", "h": "عاصمة منغوليا" },
    { "w": "بيونغ يانغ", "h": "عاصمة كوريا الشمالية" },
    { "w": "يانغون", "h": "عاصمة ميانمار القديمة" },
    { "w": "فالبارايسو", "h": "مدينة ساحلية شهيرة في تشيلي" }
  ]
}