{
  "type": "geo",
  "sub": "country_stats",
  "easy": [
    { "w": "دولار", "h": "العملة العالمية (أمريكا)" },
    { "w": "يورو", "h": "عملة الاتحاد الأوروبي الموحدة" },
    { "w": "ريال", "h": "عملة السعودية وقطر وعمان" },
    { "w": "مصر", "h": "أكبر دولة عربية من حيث السكان" },
    { "w": "روسيا", "h": "أكبر دولة في العالم من حيث المساحة" },
    { "w": "الصين", "h": "دولة المليار نسمة (التنين)" },
    { "w": "الهند", "h": "أكبر ديمقراطية وكثافة سكانية" },
    { "w": "عربي", "h": "اللغة الرسمية لـ 22 دولة" },
    { "w": "قارة", "h": "أفريقيا وآسيا أمثلة عليها" },
    { "w": "حدود", "h": "خطوط تفصل بين الدول" },
    { "w": "نسمة", "h": "كلمة تستخدم لعد السكان" },
    { "w": "ين", "h": "عملة اليابان" },
    { "w": "نيل", "h": "أطول نهر في العالم" },
    { "w": "ليرة", "h": "عملة تركيا ولبنان" },
    { "w": "درهم", "h": "عملة الإمارات والمغرب" }
  ],
  "medium": [
    { "w": "دينار", "h": "عملة الكويت والأردن والجزائر" },
    { "w": "جنيه", "h": "عملة بريطانيا ومصر" },
    { "w": "روبل", "h": "عملة روسيا الاتحادية" },
    { "w": "روبية", "h": "عملة الهند وباكستان" },
    { "w": "فرنك", "h": "عملة سويسرا القوية" },
    { "w": "بيزو", "h": "عملة المكسيك والفلبين" },
    { "w": "فاتيكان", "h": "أصغر دولة في العالم مساحة" },
    { "w": "موناكو", "h": "الدولة الأكثر كثافة سكانية" },
    { "w": "برازيل", "h": "أكبر دولة تتحدث البرتغالية" },
    { "w": "مساحة", "h": "تقاس بالكيلومتر المربع" },
    { "w": "إسبانية", "h": "لغة الأرجنتين والمكسيك" },
    { "w": "إنجليزية", "h": "اللغة الأكثر انتشاراً في العالم" },
    { "w": "كندا", "h": "الدولة صاحبة أطول ساحل" },
    { "w": "طوكيو", "h": "أكثر مدينة اكتظاظاً بالسكان" },
    { "w": "إفريقيا", "h": "القارة التي تضم أكبر عدد من الدول" }
  ],
  "hard": [
    { "w": "إندونيسيا", "h": "أكبر دولة إسلامية سكاناً" },
    { "w": "ماندارين", "h": "اللغة الصينية (الأكثر تحدثاً كأُم)" },
    { "w": "إسترليني", "h": "وصف للجنيه البريطاني" },
    { "w": "أمازون", "h": "أكبر غابة ونهر (رئة الأرض)" },
    { "w": "رينغيت", "h": "عملة ماليزيا الملونة" },
    { "w": "شيكل", "h": "العملة المتداولة في الأرض المحتلة" },
    { "w": "فورنت", "h": "عملة المجر (هنغاريا)" },
    { "w": "سواحلية", "h": "لغة مشتركة في شرق أفريقيا" },
    { "w": "زلوتي", "h": "عملة بولندا (تعني الذهبي)" },
    { "w": "أنغولا", "h": "دولة أفريقية تتحدث البرتغالية" },
    { "w": "أنتاركتيكا", "h": "القارة التي لا تملك سكان دائمين" },
    { "w": "هريفنيا", "h": "عملة أوكرانيا" },
    { "w": "أوردية", "h": "لغة باكستان الرسمية" },
    { "w": "خميرية", "h": "لغة كمبوديا الرسمية" },
    { "w": "أذربيجان", "h": "دولة تقع في القوقاز وعاصمتها باكو" }
  ]
}