{
  "type": "geo",
  "sub": "maps_landmarks",
  "easy": [
    { "w": "إيفل", "h": "برج حديدي شهير في باريس" },
    { "w": "النيل", "h": "أطول نهر في العالم" },
    { "w": "الكعبة", "h": "المبنى المقدس في المسجد الحرام" },
    { "w": "الأقصى", "h": "أولى القبلتين وثالث الحرمين" },
    { "w": "بيزا", "h": "برج مائل في إيطاليا" },
    { "w": "اللوفر", "h": "متحف عالمي يضم الموناليزا" },
    { "w": "البتراء", "h": "المدينة الوردية في الأردن" },
    { "w": "فوجي", "h": "جبل بركاني مقدس في اليابان" },
    { "w": "الهرم", "h": "معلم فرعوني من عجائب الدنيا" },
    { "w": "الأمازون", "h": "نهر وغابات في أمريكا الجنوبية" },
    { "w": "سيناء", "h": "شبه جزيرة (أرض الفيروز)" },
    { "w": "بابل", "h": "مدينة الحدائق المعلقة بالعراق" },
    { "w": "طويق", "h": "جبل شهير في نجد (همة السعوديين)" },
    { "w": "أحد", "h": "جبل يحبنا ونحبه في المدينة" },
    { "w": "الألب", "h": "سلسلة جبلية شهيرة في أوروبا" }
  ],
  "medium": [
    { "w": "إيفرست", "h": "أعلى قمة جبلية في العالم" },
    { "w": "نياجرا", "h": "شلالات بين أمريكا وكندا" },
    { "w": "البوسفور", "h": "مضيق يقسم إسطنبول" },
    { "w": "الحمراء", "h": "قصر أثري في غرناطة" },
    { "w": "قرطاج", "h": "مدينة تاريخية في تونس" },
    { "w": "بعلبك", "h": "مدينة الشمس وقلعتها الرومانية" },
    { "w": "المانش", "h": "بحر يفصل بريطانيا عن فرنسا" },
    { "w": "البندقية", "h": "مدينة القنوات المائية (فينيسيا)" },
    { "w": "الكرنك", "h": "مجمع معابد ضخم في الأقصر" },
    { "w": "تدمر", "h": "عروس الصحراء في سوريا" },
    { "w": "الأندلس", "h": "الفردوس المفقود (إسبانيا قديماً)" },
    { "w": "طليطلة", "h": "مدينة إسبانية تشتهر بالسيوف" },
    { "w": "فرساي", "h": "قصر ملكي فخم في فرنسا" },
    { "w": "هوليوود", "h": "حي السينما في لوس أنجلوس" },
    { "w": "الرافدين", "h": "لقب يطلق على العراق (دجلة والفرات)" }
  ],
  "hard": [
    { "w": "كليمنجارو", "h": "أعلى جبل في أفريقيا" },
    { "w": "الهيمالايا", "h": "سلسلة جبلية (سقف العالم)" },
    { "w": "الأكروبوليس", "h": "حصن ومعبد إغريقي في أثينا" },
    { "w": "كبادوكيا", "h": "مدينة المناطيد والكهوف بتركيا" },
    { "w": "ستونهنج", "h": "أحجار دائرية غامضة في بريطانيا" },
    { "w": "أنغكور", "h": "مجمع معابد ضخم في كمبوديا" },
    { "w": "طروادة", "h": "مدينة الحصان الخشبي (الأسطورة)" },
    { "w": "بومبي", "h": "مدينة إيطالية دفنها البركان" },
    { "w": "تمبكتو", "h": "مدينة علمية تاريخية في مالي" },
    { "w": "جبل طارق", "h": "مضيق وجبل (نسبة لطارق بن زياد)" },
    { "w": "فيكتوريا", "h": "شلالات ضخمة في أفريقيا" },
    { "w": "بايكال", "h": "أعمق بحيرة في العالم (روسيا)" },
    { "w": "خيبر", "h": "ممر جبلي استراتيجي بين باكستان وأفغانستان" },
    { "w": "جرش", "h": "مدينة الألف عمود في الأردن" },
    { "w": "أتاكاما", "h": "الصحراء الأكثر جفافاً في العالم" }
  ]
}