{
  "type": "geo",
  "sub": "nature_climate",
  "easy": [
    { "w": "شمس", "h": "النجم الذي يضيء كوكبنا" },
    { "w": "قمر", "h": "جرم سماوي يدور حول الأرض" },
    { "w": "مطر", "h": "قطرات ماء تسقط من السحب" },
    { "w": "بحر", "h": "مسطح مائي أصغر من المحيط" },
    { "w": "نهر", "h": "مجرى مائي عذب جارٍ" },
    { "w": "ثلج", "h": "هطول أبيض بارد جداً" },
    { "w": "هواء", "h": "غاز نتنفسه ولا نراه" },
    { "w": "غابة", "h": "مكان مليء بالأشجار الكثيفة" },
    { "w": "رعد", "h": "صوت يتبع البرق في العواصف" },
    { "w": "برق", "h": "ضوء ساطع يظهر في السماء" },
    { "w": "سحب", "h": "تجمعات بخار الماء في السماء" },
    { "w": "جبل", "h": "كتلة صخرية مرتفعة جداً" },
    { "w": "رمل", "h": "يغطي الصحاري والشواطئ" },
    { "w": "ليل", "h": "وقت الظلام وظهور النجوم" },
    { "w": "صيف", "h": "أشد فصول السنة حرارة" }
  ],
  "medium": [
    { "w": "بركان", "h": "جبل تخرج منه الحمم والنار" },
    { "w": "زلزال", "h": "اهتزاز مفاجئ لسطح الأرض" },
    { "w": "إعصار", "h": "عاصفة هوائية قوية ودوارة" },
    { "w": "فيضان", "h": "طغيان الماء على اليابسة" },
    { "w": "ضباب", "h": "سحابة تلامس سطح الأرض" },
    { "w": "غبار", "h": "أتربة عالقة في الجو" },
    { "w": "خريف", "h": "فصل تتساقط فيه أوراق الشجر" },
    { "w": "ربيع", "h": "فصل تفتح الأزهار واعتدال الجو" },
    { "w": "محيط", "h": "أكبر مسطح مائي على الأرض" },
    { "w": "كوكب", "h": "جرم سماوي يدور حول النجم" },
    { "w": "نيزك", "h": "صخرة فضائية تدخل الغلاف الجوي" },
    { "w": "تبخر", "h": "تحول السائل إلى غاز" },
    { "w": "تكثف", "h": "تحول الغاز إلى سائل" },
    { "w": "أوزون", "h": "طبقة تحمي الأرض من الأشعة" },
    { "w": "مناخ", "h": "حالة الطقس لفترة طويلة" }
  ],
  "hard": [
    { "w": "تسونامي", "h": "موجات بحرية عملاقة مدمرة" },
    { "w": "أورورا", "h": "أضواء الشفق القطبي الملونة" },
    { "w": "تندرا", "h": "صحاري جليدية في الشمال" },
    { "w": "تايغا", "h": "غابات صنوبرية باردة" },
    { "w": "سافانا", "h": "سهول عشبية استوائية" },
    { "w": "نياجرا", "h": "شلالات شهيرة في أمريكا الشمالية" },
    { "w": "جرانيت", "h": "صخر ناري صلب جداً" },
    { "w": "بازلت", "h": "صخر بركاني أسود اللون" },
    { "w": "مونسون", "h": "رياح موسمية ممطرة" },
    { "w": "أكسجين", "h": "الغاز المسؤول عن الحياة" },
    { "w": "نيتروجين", "h": "الغاز الأكثر وفرة في الجو" },
    { "w": "مجرة", "h": "تجمع هائل من النجوم والكواكب" },
    { "w": "سديم", "h": "سحابة كونية من الغبار والغاز" },
    { "w": "جليد", "h": "ماء متجمد صلب" },
    { "w": "كسوف", "h": "حجب القمر لضوء الشمس" }
  ]
}