[
  {
    "id": "general",
    "name": "معلومات عامة",
    "subs": [
      {
        "id": "history_society",
        "name": "تاريخ ومجتمع"
      },
      {
        "id": "science_health",
        "name": "علوم وصحة"
      },
      {
        "id": "tech_digital",
        "name": "تقنية ورقمي"
      },
      {
        "id": "language_lit",
        "name": "لغة وأدب"
      },
      {
        "id": "culture_arts",
        "name": "ثقافة وفنون"
      }
    ]
  },
  {
    "id": "riddles",
    "name": "الألغاز",
    "subs": [
      {
        "id": "logic",
        "name": "منطق"
      },
      {
        "id": "math",
        "name": "رياضيات"
      },
      {
        "id": "wordplay",
        "name": "ألغاز كلمات"
      },
      {
        "id": "lateral",
        "name": "ألغاز فِطنة"
      },
      {
        "id": "patterns",
        "name": "أنماط وتسلسل"
      }
    ]
  },
  {
    "id": "almajd",
    "name": "قناة المجد",
    "subs": [
      {
        "id": "series",
        "name": "مسلسلات"
      },
      {
        "id": "cartoons",
        "name": "كرتون"
      },
      {
        "id": "anasheed",
        "name": "أناشيد"
      },
      {
        "id": "programs",
        "name": "برامج"
      }
    ]
  },
  {
    "id": "exams",
    "name": "اختبارات",
    "subs": [
      {
        "id": "qudrat_secondary",
        "name": "قدرات ثانوي"
      },
      {
        "id": "qudrat_uni",
        "name": "قدرات جامعية"
      },
      {
        "id": "qudrat_cognitive",
        "name": "قدرات معرفية"
      },
      {
        "id": "tahsili_secondary",
        "name": "تحصيلي ثانوي"
      }
    ]
  },
  {
    "id": "majors",
    "name": "تخصصات",
    "subs": [
      {
        "id": "chemistry",
        "name": "كيمياء"
      },
      {
        "id": "physics",
        "name": "فيزياء"
      },
      {
        "id": "biology",
        "name": "أحياء"
      },
      {
        "id": "math",
        "name": "رياضيات"
      },
      {
        "id": "astronomy",
        "name": "فلك"
      },
      {
        "id": "cs",
        "name": "حاسب"
      }
    ]
  },
  {
    "id": "geo",
    "name": "جغرافيا",
    "subs": [
      {
        "id": "countries_cities",
        "name": "دول ومدن"
      },
      {
        "id": "nature_landmarks",
        "name": "طبيعة ومعالم"
      },
      {
        "id": "maps_borders",
        "name": "خرائط وحدود"
      },
      {
        "id": "country_stats",
        "name": "إحصاءات دول"
      }
    ]
  },
  {
    "id": "animals",
    "name": "حيوانات",
    "subs": [
      {
        "id": "classification_behavior",
        "name": "تصنيف وسلوك"
      },
      {
        "id": "habitats_adaptation",
        "name": "موائل وتكيّف"
      },
      {
        "id": "facts_records",
        "name": "حقائق وأرقام"
      },
      {
        "id": "diet_foodchain",
        "name": "غذاء وسلسلة غذائية"
      },
      {
        "id": "arabia_wildlife",
        "name": "حيوانات الجزيرة العربية"
      }
    ]
  },
  {
    "id": "sport",
    "name": "رياضة",
    "subs": [
      {
        "id": "saudi_league",
        "name": "الدوري السعودي"
      },
      {
        "id": "epl",
        "name": "الدوري الإنجليزي"
      },
      {
        "id": "laliga",
        "name": "الدوري الإسباني"
      },
      {
        "id": "seriea",
        "name": "الدوري الإيطالي"
      },
      {
        "id": "ucl",
        "name": "دوري أبطال أوروبا"
      },
      {
        "id": "acl",
        "name": "أبطال آسيا"
      },
      {
        "id": "worldcup",
        "name": "كأس العالم"
      },
      {
        "id": "players",
        "name": "لاعبين"
      },
      {
        "id": "coaches",
        "name": "مدربين"
      },
      {
        "id": "commentators",
        "name": "معلقين"
      }
    ]
  },
  {
    "id": "islamic",
    "name": "إسلاميات",
    "subs": [
      {
        "id": "prophets",
        "name": "الأنبياء"
      },
      {
        "id": "quran",
        "name": "القرآن"
      },
      {
        "id": "hadith",
        "name": "الحديث"
      },
      {
        "id": "sahaba",
        "name": "الصحابة"
      },
      {
        "id": "fiqh",
        "name": "الفقه/العبادات"
      },
      {
        "id": "seerah",
        "name": "السيرة"
      }
    ]
  }
]