{
  "type": "geo",
  "sub": "countries_cities",
  "easy": [
  {
    "q": "ما هي عاصمة المملكة العربية السعودية؟",
    "a": "الرياض",
    "o": ["الرياض", "جدة", "الدمام", "مكة"],
    "h": "تقع في نجد بوسط المملكة"
  },
  {
    "q": "ما هي الدولة التي تشتهر بوجود الأهرامات وأبو الهول؟",
    "a": "مصر",
    "o": ["مصر", "السودان", "المكسيك", "ليبيا"],
    "h": "دولة عربية يمر بها نهر النيل"
  },
  {
    "q": "ما هي عاصمة فرنسا؟",
    "a": "باريس",
    "o": ["باريس", "لندن", "روما", "مدريد"],
    "h": "تُلقب بمدينة الأنوار وبها برج إيفل"
  },
  {
    "q": "أين تقع مدينة دبي؟",
    "a": "الإمارات",
    "o": ["الإمارات", "السعودية", "الكويت", "قطر"],
    "h": "دولة تشتهر ببرج خليفة"
  },
  {
    "q": "ما هي عاصمة المملكة المتحدة (بريطانيا)؟",
    "a": "لندن",
    "o": ["لندن", "مانشستر", "ليفربول", "دبلن"],
    "h": "تشتهر بساعة بيغ بن"
  },
  {
    "q": "ما هي أكبر دولة في العالم من حيث المساحة؟",
    "a": "روسيا",
    "o": ["روسيا", "كندا", "الصين", "أمريكا"],
    "h": "تمتد بين قارتي آسيا وأوروبا"
  },
  {
    "q": "ما هي عاصمة الولايات المتحدة الأمريكية؟",
    "a": "واشنطن",
    "o": ["واشنطن", "نيويورك", "لوس أنجلوس", "شيكاغو"],
    "h": "تحمل اسم أول رئيس لأمريكا"
  },
  {
    "q": "في أي دولة تقع مدينة مكة المكرمة؟",
    "a": "السعودية",
    "o": ["السعودية", "اليمن", "الأردن", "العراق"],
    "h": "قبلة المسلمين"
  },
  {
    "q": "ما هي عاصمة إيطاليا؟",
    "a": "روما",
    "o": ["روما", "ميلانو", "نابولي", "البندقية"],
    "h": "مدينة الكولوسيوم والفاتيكان"
  },
  {
    "q": "ما هي الدولة التي تشتهر برياضة الساموراي والسوشي؟",
    "a": "اليابان",
    "o": ["اليابان", "الصين", "كوريا", "تايلاند"],
    "h": "تسمى بلاد الشمس المشرقة"
  },
  {
    "q": "ما هي عاصمة ألمانيا؟",
    "a": "برلين",
    "o": ["برلين", "ميونخ", "هامبورغ", "فرانكفورت"],
    "h": "كانت مقسمة بجدار شهير وسقط"
  },
  {
    "q": "أين يقع برج بيزا المائل؟",
    "a": "إيطاليا",
    "o": ["إيطاليا", "فرنسا", "إسبانيا", "اليونان"],
    "h": "دولة عاصمتها روما"
  },
  {
    "q": "ما هي عاصمة إسبانيا؟",
    "a": "مدريد",
    "o": ["مدريد", "برشلونة", "إشبيلية", "فالنسيا"],
    "h": "مقر النادي الملكي ريال مدريد"
  },
  {
    "q": "ما هي عاصمة دولة الكويت؟",
    "a": "الكويت",
    "o": ["الكويت", "الجهراء", "الأحمدي", "حولي"],
    "h": "تحمل نفس اسم الدولة"
  },
  {
    "q": "ما هي عاصمة الصين؟",
    "a": "بكين",
    "o": ["بكين", "شنغهاي", "هونغ كونغ", "ووهان"],
    "h": "استضافت أولمبياد 2008"
  },
  {
    "q": "دولة عربية تسمى 'بلاد الرافدين'؟",
    "a": "العراق",
    "o": ["العراق", "سوريا", "مصر", "لبنان"],
    "h": "يمر بها نهري دجلة والفرات"
  },
  {
    "q": "ما هي عاصمة السودان؟",
    "a": "الخرطوم",
    "o": ["الخرطوم", "أم درمان", "بورتسودان", "كسلا"],
    "h": "تلتقي عندها النيلين الأزرق والأبيض"
  },
  {
    "q": "في أي قارة تقع البرازيل؟",
    "a": "أمريكا الجنوبية",
    "o": ["أمريكا الجنوبية", "أفريقيا", "أوروبا", "آسيا"],
    "h": "تشتهر بغابات الأمازون"
  },
  {
    "q": "ما هي عاصمة الهند؟",
    "a": "نيودلهي",
    "o": ["نيودلهي", "مومباي", "كالكوتا", "تشيناي"],
    "h": "تقع في شمال الهند"
  },
  {
    "q": "ما هي الدولة التي تقع فيها مدينة القدس؟",
    "a": "فلسطين",
    "o": ["فلسطين", "الأردن", "لبنان", "سوريا"],
    "h": "أرض الزيتون والمسجد الأقصى"
  },
  {
    "q": "ما هي عاصمة تركيا؟",
    "a": "أنقرة",
    "o": ["أنقرة", "إسطنبول", "إزمير", "بورصة"],
    "h": "ليست إسطنبول، بل مدينة في الوسط"
  },
  {
    "q": "ما هي الدولة الوحيدة التي هي أيضاً قارة؟",
    "a": "أستراليا",
    "o": ["أستراليا", "نيوزيلندا", "اليابان", "مدغشقر"],
    "h": "موطن الكنغر والكوالا"
  },
  {
    "q": "ما هي عاصمة المغرب؟",
    "a": "الرباط",
    "o": ["الرباط", "الدار البيضاء", "مراكش", "فاس"],
    "h": "مدينة ساحلية تطل على المحيط الأطلسي"
  },
  {
    "q": "أي دولة تشتهر بصناعة الشوكولاتة والساعات؟",
    "a": "سويسرا",
    "o": ["سويسرا", "بلجيكا", "النمسا", "السويد"],
    "h": "دولة محايدة في أوروبا"
  },
  {
    "q": "ما هي عاصمة الأردن؟",
    "a": "عمان",
    "o": ["عمان", "إربد", "الزرقاء", "العقبة"],
    "h": "مدينة الجبال السبعة"
  },
  {
    "q": "ما هي عاصمة كوريا الجنوبية؟",
    "a": "سيول",
    "o": ["سيول", "بوسان", "إنتشون", "بيونغ يانغ"],
    "h": "مدينة تقنية متطورة جداً"
  },
  {
    "q": "أين يقع تمثال الحرية؟",
    "a": "أمريكا",
    "o": ["أمريكا", "فرنسا", "بريطانيا", "كندا"],
    "h": "في مدينة نيويورك"
  },
  {
    "q": "ما هي عاصمة سلطنة عمان؟",
    "a": "مسقط",
    "o": ["مسقط", "صلالة", "صحار", "نزوى"],
    "h": "تطل على بحر عمان"
  },
  {
    "q": "ما هي الدولة التي يمر بها نهر الأمازون؟",
    "a": "البرازيل",
    "o": ["البرازيل", "الأرجنتين", "تشيلي", "أوروغواي"],
    "h": "أكبر دولة في أمريكا اللاتينية"
  },
  {
    "q": "ما هي عاصمة اليونان؟",
    "a": "أثينا",
    "o": ["أثينا", "سالونيك", "باتراس", "هيراقليون"],
    "h": "مهد الحضارة الإغريقية القديمة"
  },
  {
    "q": "دولة عربية تقع في القرن الأفريقي؟",
    "a": "الصومال",
    "o": ["الصومال", "جيبوتي", "إريتريا", "اليمن"],
    "h": "عاصمتها مقديشو"
  },
  {
    "q": "ما هي عاصمة البحرين؟",
    "a": "المنامة",
    "o": ["المنامة", "المحرق", "الرفاع", "الحد"],
    "h": "مدينة تشتهر بمركز التجارة العالمي"
  },
  {
    "q": "ما هي أصغر دولة عربية مساحة؟",
    "a": "البحرين",
    "o": ["البحرين", "قطر", "لبنان", "جيبوتي"],
    "h": "مملكة تتكون من مجموعة جزر"
  },
  {
    "q": "ما هي عاصمة الأرجنتين؟",
    "a": "بوينس آيرس",
    "o": ["بوينس آيرس", "قرطبة", "روساريو", "ميندوزا"],
    "h": "اسمها يعني الهواء العليل"
  },
  {
    "q": "ما هي عاصمة كندا؟",
    "a": "أوتاوا",
    "o": ["أوتاوا", "تورونتو", "مونتريال", "كيبيك"],
    "h": "تقع في مقاطعة أونتاريو"
  },
  {
    "q": "دولة تسمى 'بلاد الأرز'؟",
    "a": "لبنان",
    "o": ["لبنان", "سوريا", "الأردن", "فلسطين"],
    "h": "علمها يحتوي على شجرة"
  },
  {
    "q": "ما هي عاصمة تونس؟",
    "a": "تونس",
    "o": ["تونس", "صفاقس", "سوسة", "القيروان"],
    "h": "تحمل نفس اسم الدولة"
  },
  {
    "q": "أين تقع مدينة هوليوود السينمائية؟",
    "a": "أمريكا",
    "o": ["أمريكا", "كندا", "بريطانيا", "أستراليا"],
    "h": "في ولاية كاليفورنيا"
  },
  {
    "q": "ما هي عاصمة هولندا؟",
    "a": "أمستردام",
    "o": ["أمستردام", "روتردام", "لاهاي", "أوتريخت"],
    "h": "تشتهر بالقنوات المائية والدراجات"
  },
  {
    "q": "ما هي عاصمة الجزائر؟",
    "a": "الجزائر",
    "o": ["الجزائر", "وهران", "قسنطينة", "عنابة"],
    "h": "تلقب بالبيضاء"
  },

  {
    "q": "ما هي عاصمة دولة قطر؟",
    "a": "الدوحة",
    "o": ["الدوحة", "الوكرة", "الريان", "الخور"],
    "h": "استضافت كأس العالم 2022"
  },
  {
    "q": "ما هي عاصمة اليمن؟",
    "a": "صنعاء",
    "o": ["صنعاء", "عدن", "تعز", "المكلا"],
    "h": "من أقدم المدن المأهولة في العالم"
  },
  {
    "q": "ما هي عاصمة سوريا؟",
    "a": "دمشق",
    "o": ["دمشق", "حلب", "حمص", "اللاذقية"],
    "h": "تُعرف بلقب الفيحاء"
  },
  {
    "q": "ما هي عاصمة ليبيا؟",
    "a": "طرابلس",
    "o": ["طرابلس", "بنغازي", "مصراتة", "البيضاء"],
    "h": "تُسمى عروس البحر المتوسط"
  },
  {
    "q": "في أي دولة تقع مدينة إسطنبول؟",
    "a": "تركيا",
    "o": ["تركيا", "اليونان", "إيران", "بلغاريا"],
    "h": "المدينة الوحيدة التي تقع في قارتين"
  },
  {
    "q": "ما هي عاصمة باكستان؟",
    "a": "إسلام آباد",
    "o": ["إسلام آباد", "كراتشي", "لاهور", "بيشاور"],
    "h": "اسمها يعني مدينة الإسلام"
  },
  {
    "q": "ما هي عاصمة إندونيسيا الحالية؟",
    "a": "جاكرتا",
    "o": ["جاكرتا", "بالي", "سورابايا", "باندونغ"],
    "h": "أكبر دولة إسلامية من حيث السكان"
  },
  {
    "q": "ما هي عاصمة ماليزيا؟",
    "a": "كوالالمبور",
    "o": ["كوالالمبور", "بوتراجايا", "بينانق", "جوهر"],
    "h": "تشتهر ببرجي بتروناس التوأم"
  },
  {
    "q": "أين تقع جزيرة بالي السياحية؟",
    "a": "إندونيسيا",
    "o": ["إندونيسيا", "تايلاند", "ماليزيا", "الفلبين"],
    "h": "وجهة سياحية شهيرة في جنوب شرق آسيا"
  },
  {
    "q": "ما هي عاصمة تايلاند؟",
    "a": "بانكوك",
    "o": ["بانكوك", "بوكيت", "شيانغ ماي", "باتايا"],
    "h": "تُعرف بمدينة الملائكة"
  },
  {
    "q": "ما هي عاصمة الفلبين؟",
    "a": "مانيلا",
    "o": ["مانيلا", "سيبو", "دوفاو", "كويزون"],
    "h": "تقع في جزيرة لوزون"
  },
  {
    "q": "ما هي عاصمة إيران؟",
    "a": "طهران",
    "o": ["طهران", "أصفهان", "شيراز", "مشهد"],
    "h": "مدينة تقع شمال البلاد"
  },
  {
    "q": "ما هي عاصمة أفغانستان؟",
    "a": "كابول",
    "o": ["كابول", "قندهار", "هراة", "مزار شريف"],
    "h": "مدينة جبلية مرتفعة"
  },
  {
    "q": "في أي دولة يقع سور الصين العظيم؟",
    "a": "الصين",
    "o": ["الصين", "منغوليا", "اليابان", "كوريا"],
    "h": "أحد عجائب الدنيا السبع"
  },
  {
    "q": "ما هي عاصمة البرتغال؟",
    "a": "لشبونة",
    "o": ["لشبونة", "بورتو", "كويمبرا", "براغا"],
    "h": "مسقط رأس الرحالة ماجلان"
  },
  {
    "q": "ما هي عاصمة بلجيكا؟",
    "a": "بروكسل",
    "o": ["بروكسل", "أنتويرب", "غنت", "بروج"],
    "h": "مقر الاتحاد الأوروبي"
  },
  {
    "q": "ما هي عاصمة النمسا؟",
    "a": "فيينا",
    "o": ["فيينا", "سالزبورغ", "غراتس", "إنسبروك"],
    "h": "مدينة الموسيقى الكلاسيكية"
  },
  {
    "q": "ما هي عاصمة السويد؟",
    "a": "ستوكهولم",
    "o": ["ستوكهولم", "غوتنبرغ", "مالمو", "أوبسالا"],
    "h": "تتوزع على 14 جزيرة"
  },
  {
    "q": "في أي دولة تقع مدينة البندقية (فينيسيا)؟",
    "a": "إيطاليا",
    "o": ["إيطاليا", "فرنسا", "اليونان", "كرواتيا"],
    "h": "مدينة الشوارع المائية"
  },
  {
    "q": "ما هي عاصمة المكسيك؟",
    "a": "مكسيكو سيتي",
    "o": ["مكسيكو سيتي", "كانكون", "غوادالاخارا", "مونتيري"],
    "h": "بُنيت فوق بحيرة قديمة"
  },
  {
    "q": "أين يقع تاج محل؟",
    "a": "الهند",
    "o": ["الهند", "باكستان", "بنغلاديش", "إيران"],
    "h": "ضريح أبيض شهير في أغرا"
  },
  {
    "q": "ما هي عاصمة روسيا؟",
    "a": "موسكو",
    "o": ["موسكو", "سانت بطرسبرغ", "قازان", "سوتشي"],
    "h": "يوجد بها الكرملين والساحة الحمراء"
  },
  {
    "q": "ما هي عاصمة جنوب أفريقيا الإدارية؟",
    "a": "بريتوريا",
    "o": ["بريتوريا", "كيب تاون", "جوهانسبرغ", "ديربان"],
    "h": "توجد بها السفارات الأجنبية"
  },
  {
    "q": "أين تقع مدينة سيدني؟",
    "a": "أستراليا",
    "o": ["أستراليا", "نيوزيلندا", "كندا", "إنجلترا"],
    "h": "تشتهر بدار الأوبرا"
  },
  {
    "q": "ما هي عاصمة أيرلندا؟",
    "a": "دبلن",
    "o": ["دبلن", "كورك", "غالواي", "ليمريك"],
    "h": "دولة جزيرة بجوار بريطانيا"
  },
  {
    "q": "ما هي عاصمة بولندا؟",
    "a": "وارسو",
    "o": ["وارسو", "كراكوف", "ودج", "بوزنان"],
    "h": "دُمرت وأعيد بناؤها بعد الحرب العالمية الثانية"
  },
  {
    "q": "ما هي عاصمة أوكرانيا؟",
    "a": "كييف",
    "o": ["كييف", "خاركيف", "أوديسا", "لفيف"],
    "h": "يمر بها نهر دنيبرو"
  },
  {
    "q": "ما هي عاصمة كولومبيا؟",
    "a": "بوغوتا",
    "o": ["بوغوتا", "ميديلين", "كالي", "قرطاجنة"],
    "h": "دولة في أمريكا الجنوبية تشتهر بالبن"
  },
  {
    "q": "في أي دولة تقع مدينة برشلونة؟",
    "a": "إسبانيا",
    "o": ["إسبانيا", "البرتغال", "إيطاليا", "الأرجنتين"],
    "h": "مدينة ساحلية في إقليم كتالونيا"
  },
  {
    "q": "ما هي عاصمة تشيلي؟",
    "a": "سانتياغو",
    "o": ["سانتياغو", "فالبارايسو", "كونسيبسيون", "أريكا"],
    "h": "دولة طويلة وضيقة في أمريكا الجنوبية"
  },
  {
    "q": "ما هي عاصمة كينيا؟",
    "a": "نيروبي",
    "o": ["نيروبي", "مومباسا", "kisumu", "ناكورو"],
    "h": "تشتهر برحلات السفاري"
  },
  {
    "q": "ما هي عاصمة إثيوبيا؟",
    "a": "أديس أبابا",
    "o": ["أديس أبابا", "ديرة داوا", "ميكيلي", "غوندار"],
    "h": "مقر الاتحاد الأفريقي"
  },
  {
    "q": "ما هي عاصمة نيوزيلندا؟",
    "a": "ويلينغتون",
    "o": ["ويلينغتون", "أوكلاند", "كرايستشيرش", "هاميلتون"],
    "h": "تقع في أقصى جنوب الكرة الأرضية"
  },
  {
    "q": "ما هي الدولة التي تقع بها مدينة الدار البيضاء؟",
    "a": "المغرب",
    "o": ["المغرب", "تونس", "الجزائر", "مصر"],
    "h": "تسمى أيضاً كازابلانكا"
  },
  {
    "q": "ما هي عاصمة الدنمارك؟",
    "a": "كوبنهاغن",
    "o": ["كوبنهاغن", "آرهوس", "أودنسه", "ألبورغ"],
    "h": "تشتهر بتمثال حورية البحر الصغيرة"
  },
  {
    "q": "ما هي عاصمة النرويج؟",
    "a": "أوسلو",
    "o": ["أوسلو", "بيرغن", "تروندهايم", "ستافنجر"],
    "h": "دولة تشتهر بالمضايق البحرية (الفيوردات)"
  },
  {
    "q": "أين تقع مدينة ريو دي جانيرو؟",
    "a": "البرازيل",
    "o": ["البرازيل", "الأرجنتين", "البرتغال", "إسبانيا"],
    "h": "تشتهر بتمثال المسيح الفادي والشواطئ"
  },
  {
    "q": "ما هي عاصمة بيرو؟",
    "a": "ليما",
    "o": ["ليما", "كوسكو", "أريكيبا", "تروخيو"],
    "h": "دولة تشتهر بآثار الإنكا (ماتشو بيتشو)"
  },
  {
    "q": "ما هي عاصمة موريتانيا؟",
    "a": "نواكشوط",
    "o": ["نواكشوط", "نواذيبو", "كيفه", "روصو"],
    "h": "دولة عربية تقع في غرب أفريقيا"
  },
  {
    "q": "في أي دولة تقع مدينة ميونخ؟",
    "a": "ألمانيا",
    "o": ["ألمانيا", "النمسا", "سويسرا", "هولندا"],
    "h": "عاصمة ولاية بافاريا"
  },
  {
    "q": "ما هي عاصمة فنزويلا؟",
    "a": "كاراكاس",
    "o": ["كاراكاس", "ماراكايبو", "فالنسيا", "ميريدا"],
    "h": "دولة في أمريكا الجنوبية غنية بالنفط"
  },
  {
    "q": "ما هي عاصمة بنغلاديش؟",
    "a": "دكا",
    "o": ["دكا", "شيتاغونغ", "سلهت", "خوُلنا"],
    "h": "دولة كثيفة السكان تقع شرق الهند"
  },
  {
    "q": "أين تقع مدينة جنيف؟",
    "a": "سويسرا",
    "o": ["سويسرا", "فرنسا", "بلجيكا", "النمسا"],
    "h": "مقر للعديد من المنظمات الدولية"
  },
  {
    "q": "ما هي عاصمة المجر (هنغاريا)؟",
    "a": "بودابست",
    "o": ["بودابست", "دبرتسن", "زيجيد", "بيتش"],
    "h": "مدينة يقسمها نهر الدانوب"
  },
  {
    "q": "ما هي عاصمة رومانيا؟",
    "a": "بوخارست",
    "o": ["بوخارست", "كلوج", "ياش", "تيميشوارا"],
    "h": "تقع في شرق أوروبا"
  },
  {
    "q": "أين تقع مدينة ميلانو؟",
    "a": "إيطاليا",
    "o": ["إيطاليا", "إسبانيا", "فرنسا", "البرتغال"],
    "h": "عاصمة الموضة والتصميم"
  },
  {
    "q": "ما هي عاصمة فيتنام؟",
    "a": "هانوي",
    "o": ["هانوي", "هو تشي منه", "دا نانغ", "هوي"],
    "h": "دولة في جنوب شرق آسيا شكلها كحرف S"
  },
  {
    "q": "ما هي عاصمة نيجيريا؟",
    "a": "أبوجا",
    "o": ["أبوجا", "لاغوس", "كانو", "إبادان"],
    "h": "أكبر دولة أفريقية من حيث السكان"
  },
  {
    "q": "ما هي عاصمة جمهورية التشيك؟",
    "a": "براغ",
    "o": ["براغ", "برنو", "أوسترافا", "بلزن"],
    "h": "تُعرف بمدينة المائة برج"
  },
  {
    "q": "ما هي عاصمة كوبا؟",
    "a": "هافانا",
    "o": ["هافانا", "سانتياغو", "كاماجوي", "هولغوين"],
    "h": "جزيرة مشهورة في البحر الكاريبي"
  },
  
  {
    "q": "ما هي عاصمة دولة الإمارات العربية المتحدة؟",
    "a": "أبو ظبي",
    "o": ["أبو ظبي", "دبي", "الشارقة", "عجمان"],
    "h": "أكبر إمارة من حيث المساحة"
  },
  {
    "q": "ما هي عاصمة قبرص؟",
    "a": "نيقوسيا",
    "o": ["نيقوسيا", "ليماسول", "لارنكا", "باغوس"],
    "h": "العاصمة الوحيدة المقسمة في العالم"
  },
  {
    "q": "ما هي عاصمة أيرلندا الشمالية؟",
    "a": "بلفاست",
    "o": ["بلفاست", "ديري", "ليسبورن", "نيوري"],
    "h": "جزء من المملكة المتحدة"
  },
  {
    "q": "ما هي عاصمة البرتغال؟",
    "a": "لشبونة",
    "o": ["لشبونة", "بورتو", "فارو", "براغا"],
    "h": "تقع في أقصى غرب أوروبا"
  },
  {
    "q": "ما هي عاصمة كرواتيا؟",
    "a": "زغرب",
    "o": ["زغرب", "سبليت", "دوبروفنيك", "رييكا"],
    "h": "دولة تشتهر بساحلها الدلماسي"
  },
  {
    "q": "في أي دولة تقع مدينة الدار البيضاء؟",
    "a": "المغرب",
    "o": ["المغرب", "الجزائر", "تونس", "ليبيا"],
    "h": "أكبر مدينة في المغرب"
  },
  {
    "q": "ما هي عاصمة تشيلي؟",
    "a": "سانتياغو",
    "o": ["سانتياغو", "فالبارايسو", "أنتوفاجاستا", "تيموكو"],
    "h": "تقع في وادٍ تحيط به جبال الأنديز"
  },
  {
    "q": "ما هي عاصمة كولومبيا؟",
    "a": "بوغوتا",
    "o": ["بوغوتا", "ميديلين", "كالي", "قرطاجنة"],
    "h": "تقع على ارتفاع شاهق في جبال الأنديز"
  },
  {
    "q": "ما هي عاصمة الأوروغواي؟",
    "a": "مونتيفيديو",
    "o": ["مونتيفيديو", "سالتو", "ريفيرا", "مرسيدس"],
    "h": "تقع على الضفة الشمالية لنهر ريو دي لا بلاتا"
  },
  {
    "q": "ما هي عاصمة بلغاريا؟",
    "a": "صوفيا",
    "o": ["صوفيا", "بلوفديف", "فارنا", "بورغاس"],
    "h": "اسمها يعني الحكمة باليونانية"
  },
  {
    "q": "ما هي عاصمة صربيا؟",
    "a": "بلغراد",
    "o": ["بلغراد", "نوفي ساد", "نيش", "كراغوييفاتس"],
    "h": "تقع عند التقاء نهري سافا والدانوب"
  },
  {
    "q": "ما هي عاصمة سلوفاكيا؟",
    "a": "براتيسلافا",
    "o": ["براتيسلافا", "كوشيتسه", "نيترا", "جيلينا"],
    "h": "تقع على الحدود مع النمسا والمجر"
  },
  {
    "q": "ما هي عاصمة سلوفينيا؟",
    "a": "ليوبليانا",
    "o": ["ليوبليانا", "ماريبور", "تسيلي", "كراني"],
    "h": "مدينة خضراء وصغيرة في وسط أوروبا"
  },
  {
    "q": "ما هي عاصمة أيسلندا؟",
    "a": "ريكيافيك",
    "o": ["ريكيافيك", "أكوريري", "كيفلافيك", "فيك"],
    "h": "أقصى عاصمة شمالية في العالم"
  },
  {
    "q": "ما هي عاصمة بنما؟",
    "a": "بنما سيتي",
    "o": ["بنما سيتي", "كولون", "ديفيد", "سانتياغو"],
    "h": "تشتهر بقناة تربط المحيطين"
  },
  {
    "q": "ما هي عاصمة جامايكا؟",
    "a": "كينغستون",
    "o": ["كينغستون", "مونتيغو باي", "أوتشو ريوس", "نيغريل"],
    "h": "موطن موسيقى الريغي وبوب مارلي"
  },
  {
    "q": "ما هي عاصمة السنغال؟",
    "a": "داكار",
    "o": ["داكار", "تييس", "سانت لويس", "طوبى"],
    "h": "تشتهر بسباق الراليات الشهير"
  },
  {
    "q": "ما هي عاصمة غانا؟",
    "a": "أكرا",
    "o": ["أكرا", "كوماسي", "تامالي", "تاكورادي"],
    "h": "تقع على ساحل خليج غينيا"
  },
  {
    "q": "ما هي عاصمة ساحل العاج (كوت ديفوار)؟",
    "a": "ياموسوكرو",
    "o": ["ياموسوكرو", "أبيدجان", "بواكي", "دالو"],
    "h": "ليست أبيدجان، بل العاصمة السياسية الجديدة"
  },
  {
    "q": "ما هي عاصمة الكاميرون؟",
    "a": "ياوندي",
    "o": ["ياوندي", "دوالا", "غاروا", "باميندا"],
    "h": "تعرف بمدينة التلال السبعة"
  },
  {
    "q": "ما هي عاصمة زيمبابوي؟",
    "a": "هراري",
    "o": ["هراري", "بولاوايو", "موتاري", "كويركو"],
    "h": "كانت تسمى سالزبوري سابقاً"
  },
  {
    "q": "ما هي عاصمة مدغشقر؟",
    "a": "أنتاناناريفو",
    "o": ["أنتاناناريفو", "تواماسينا", "أنتسيرابي", "فيانارانتسوا"],
    "h": "جزيرة كبيرة في المحيط الهندي"
  },
  {
    "q": "ما هي عاصمة أذربيجان؟",
    "a": "باكو",
    "o": ["باكو", "كنجة", "سومقايت", "ناخشيفان"],
    "h": "تقع على بحر قزوين وتعرف بمدينة الرياح"
  },
  {
    "q": "ما هي عاصمة جورجيا؟",
    "a": "تبليسي",
    "o": ["تبليسي", "باتومي", "كوتايسي", "روستافي"],
    "h": "دولة في منطقة القوقاز"
  },
  {
    "q": "ما هي عاصمة أرمينيا؟",
    "a": "يريفان",
    "o": ["يريفان", "غيومري", "فانادزور", "أرارات"],
    "h": "واحدة من أقدم المدن المأهولة باستمرار"
  },
  {
    "q": "ما هي عاصمة نيبال؟",
    "a": "كاتماندو",
    "o": ["كاتماندو", "بوخارا", "لاليتبور", "بهاراتبور"],
    "h": "بوابة لمتسلقي جبال الهيمالايا"
  },
  {
    "q": "ما هي عاصمة سريلانكا التجارية؟",
    "a": "كولومبو",
    "o": ["كولومبو", "كاندي", "جافنا", "غالي"],
    "h": "دولة جزيرة تشبه دمعة في المحيط الهندي"
  },
  {
    "q": "ما هي عاصمة المالديف؟",
    "a": "ماليه",
    "o": ["ماليه", "أدو", "فوفومولاه", "كولهودوفوشي"],
    "h": "واحدة من أصغر العواصم في العالم"
  },
  {
    "q": "ما هي عاصمة منغوليا؟",
    "a": "أولان باتور",
    "o": ["أولان باتور", "إردينيت", "دارخان", "خوفد"],
    "h": "أبرد عاصمة في العالم"
  },
  {
    "q": "ما هي عاصمة كمبوديا؟",
    "a": "بنوم بنه",
    "o": ["بنوم بنه", "سيام ريب", "باتامبانغ", "سيهانوكفيل"],
    "h": "تقع عند التقاء نهري ميكونغ وتونلي ساب"
  },
  {
    "q": "ما هي عاصمة لاوس؟",
    "a": "فيينتيان",
    "o": ["فيينتيان", "لوانغ برابانغ", "باكسي", "سافاناخيت"],
    "h": "دولة حبيسة في جنوب شرق آسيا"
  },
  {
    "q": "ما هي عاصمة ميانمار (بورما)؟",
    "a": "نايبيداو",
    "o": ["نايبيداو", "يانغون", "ماندالاي", "باغان"],
    "h": "تم نقل العاصمة إليها من يانغون حديثاً"
  },
  {
    "q": "ما هي عاصمة بروناي؟",
    "a": "بندر سري بيغاوان",
    "o": ["بندر سري بيغاوان", "كوالا بلايت", "سيريا", "توتونغ"],
    "h": "سلطنة غنية بالنفط في جزيرة بورنيو"
  },
  {
    "q": "ما هي عاصمة تايوان؟",
    "a": "تايبيه",
    "o": ["تايبيه", "كاوهسيونغ", "تايتشونغ", "تاينان"],
    "h": "تشتهر ببرج 101"
  },
  {
    "q": "ما هي عاصمة كوريا الشمالية؟",
    "a": "بيونغ يانغ",
    "o": ["بيونغ يانغ", "هامهونغ", "تشونغجين", "نامبو"],
    "h": "تقع شمال خط العرض 38"
  },
  {
    "q": "ما هي عاصمة أوزبكستان؟",
    "a": "طشقند",
    "o": ["طشقند", "سمرقند", "بخارى", "خوارزم"],
    "h": "أكبر مدينة في آسيا الوسطى"
  },
  {
    "q": "ما هي عاصمة تركمانستان؟",
    "a": "عشق آباد",
    "o": ["عشق آباد", "تركمان أباد", "داشوغوز", "ماري"],
    "h": "تعرف بمدينة الرخام الأبيض"
  },
  {
    "q": "ما هي عاصمة طاجيكستان؟",
    "a": "دوشنبه",
    "o": ["دوشنبه", "خجند", "كولوب", "بختار"],
    "h": "اسمها يعني يوم الاثنين بالفارسية"
  },
  {
    "q": "ما هي عاصمة قيرغيزستان؟",
    "a": "بيشكك",
    "o": ["بيشكك", "أوش", "جلال آباد", "كاراكول"],
    "h": "دولة جبلية في آسيا الوسطى"
  },
  {
    "q": "ما هي عاصمة جيبوتي؟",
    "a": "جيبوتي",
    "o": ["جيبوتي", "تجوررة", "علي صبيح", "دخيل"],
    "h": "تحمل نفس اسم الدولة وتقع على باب المندب"
  },
  {
    "q": "ما هي عاصمة جزر القمر؟",
    "a": "موروني",
    "o": ["موروني", "موتسامودو", "دوموني", "فومبوني"],
    "h": "دولة عربية في المحيط الهندي"
  },
  {
    "q": "ما هي عاصمة مالطا؟",
    "a": "فاليتا",
    "o": ["فاليتا", "بيركيركارا", "سليما", "مدينة"],
    "h": "جزيرة في البحر المتوسط جنوب صقلية"
  },
  {
    "q": "ما هي عاصمة أندورا؟",
    "a": "أندورا لا فيلا",
    "o": ["أندورا لا فيلا", "إسكالديس", "إنكامب", "سانت جوليا"],
    "h": "دولة صغيرة بين فرنسا وإسبانيا"
  },
  {
    "q": "ما هي عاصمة ليختنشتاين؟",
    "a": "فادوز",
    "o": ["فادوز", "شان", "تريسن", "بالزرس"],
    "h": "إمارة صغيرة بين سويسرا والنمسا"
  },
  {
    "q": "ما هي عاصمة لوكسمبورغ؟",
    "a": "لوكسمبورغ",
    "o": ["لوكسمبورغ", "إيش", "ديفردانج", "دوديلانج"],
    "h": "إحدى أصغر دول أوروبا وأغناها"
  },
  {
    "q": "ما هي عاصمة سان مارينو؟",
    "a": "سان مارينو",
    "o": ["سان مارينو", "سيرافاللي", "بورغو", "دوغانا"],
    "h": "دولة محاطة بإيطاليا من جميع الجهات"
  },
  {
    "q": "ما هي عاصمة موناكو؟",
    "a": "موناكو",
    "o": ["موناكو", "مونت كارلو", "لا كوندامين", "فونفيي"],
    "h": "إمارة ساحلية مشهورة بالسباقات واليخوت"
  },
  {
    "q": "في أي دولة تقع مدينة لوس أنجلوس؟",
    "a": "أمريكا",
    "o": ["أمريكا", "كندا", "المكسيك", "البرازيل"],
    "h": "مدينة الملائكة وصناعة السينما"
  },
  {
    "q": "ما هي عاصمة مقدونيا الشمالية؟",
    "a": "سكوبيه",
    "o": ["سكوبيه", "بيتولا", "كومانوفو", "أوخريد"],
    "h": "دولة في البلقان غيرت اسمها حديثاً"
  },
  {
    "q": "ما هي عاصمة ألبانيا؟",
    "a": "تيرانا",
    "o": ["تيرانا", "دوريس", "فلورا", "شكودر"],
    "h": "تشتهر بميدان إسكندر بك"
  }
],

"medium":[
  {
    "q": "ما هي العملة الرسمية في اليابان؟",
    "a": "الين",
    "o": ["الين", "اليوان", "الوون", "الدولار"],
    "h": "عملة معدنية وورقية مشهورة"
  },
  {
    "q": "أي مدينة أوروبية تلقب بـ 'مدينة الضباب'؟",
    "a": "لندن",
    "o": ["لندن", "باريس", "برلين", "أمستردام"],
    "h": "بسبب الدخان والضباب الصناعي قديماً"
  },
  {
    "q": "ما هي أكبر جزيرة في البحر الأبيض المتوسط؟",
    "a": "صقلية",
    "o": ["صقلية", "سردينيا", "قبرص", "كريت"],
    "h": "تابعة لإيطاليا وبها بركان إتنا"
  },
  {
    "q": "ما هي الدولة التي تمتلك أطول ساحل في العالم؟",
    "a": "كندا",
    "o": ["كندا", "أستراليا", "روسيا", "إندونيسيا"],
    "h": "تطل على ثلاثة محيطات"
  },
  {
    "q": "في أي دولة تقع مدينة 'كازابلانكا'؟",
    "a": "المغرب",
    "o": ["المغرب", "إسبانيا", "البرتغال", "تونس"],
    "h": "تعني الدار البيضاء"
  },
  {
    "q": "ما هي عاصمة أستراليا؟",
    "a": "كانبرا",
    "o": ["كانبرا", "سيدني", "ملبورن", "بيرث"],
    "h": "تم اختيارها كحل وسط بين سيدني وملبورن"
  },
  {
    "q": "ما هو المضيق الذي يفصل بين إسبانيا والمغرب؟",
    "a": "مضيق جبل طارق",
    "o": ["مضيق جبل طارق", "مضيق البوسفور", "مضيق هرمز", "باب المندب"],
    "h": "بوابة البحر المتوسط إلى المحيط الأطلسي"
  },
  {
    "q": "أي دولة تقع فيها مدينة 'تمبكتو' التاريخية؟",
    "a": "مالي",
    "o": ["مالي", "النيجر", "موريتانيا", "تشاد"],
    "h": "مركز إسلامي قديم في غرب أفريقيا"
  },
  {
    "q": "ما هي الدولة التي يطلق عليها 'أرض الابتسامة'؟",
    "a": "تايلاند",
    "o": ["تايلاند", "الفلبين", "إندونيسيا", "فيتنام"],
    "h": "تشتهر بالسياحة والمعابد الذهبية"
  },
  {
    "q": "ما هي عاصمة سويسرا؟",
    "a": "بيرن",
    "o": ["بيرن", "زيورخ", "جنيف", "بازل"],
    "h": "مدينتها القديمة مسجلة في اليونسكو"
  },
  {
    "q": "أي نهر يمر عبر العاصمة بغداد؟",
    "a": "نهر دجلة",
    "o": ["نهر دجلة", "نهر الفرات", "نهر النيل", "نهر الأردن"],
    "h": "النهر الشرقي في بلاد الرافدين"
  },
  {
    "q": "ما هي الدولة الأفريقية التي لم تتعرض للاستعمار الأوروبي (باستثناء فترة قصيرة)؟",
    "a": "إثيوبيا",
    "o": ["إثيوبيا", "مصر", "جنوب أفريقيا", "نيجيريا"],
    "h": "موطن النجاشي قديماً"
  },
  {
    "q": "أين يقع جبل كلمنجارو؟",
    "a": "تنزانيا",
    "o": ["تنزانيا", "كينيا", "أوغندا", "إثيوبيا"],
    "h": "أعلى قمة في أفريقيا"
  },
  {
    "q": "ما هي المدينة التي كانت تسمى قديماً 'القسطنطينية'؟",
    "a": "إسطنبول",
    "o": ["إسطنبول", "أثينا", "روما", "الإسكندرية"],
    "h": "فتحها السلطان محمد الفاتح"
  },
  {
    "q": "ما هي الدولة التي تشترك في الحدود مع الولايات المتحدة من الشمال؟",
    "a": "كندا",
    "o": ["كندا", "المكسيك", "روسيا", "كوستاريكا"],
    "h": "بينهما أطول حدود برية في العالم"
  },
  {
    "q": "أي دولة تشتهر بوجود حيوان 'اللمور' حصرياً؟",
    "a": "مدغشقر",
    "o": ["مدغشقر", "أستراليا", "البرازيل", "نيوزيلندا"],
    "h": "جزيرة ضخمة في المحيط الهندي"
  },
  {
    "q": "ما هي أصغر دولة في العالم العربي مساحة؟",
    "a": "البحرين",
    "o": ["البحرين", "قطر", "لبنان", "جزر القمر"],
    "h": "مملكة جزرية في الخليج"
  },
  {
    "q": "ما هي عاصمة البوسنة والهرسك؟",
    "a": "سراييفو",
    "o": ["سراييفو", "موستار", "توزلا", "بانيا لوكا"],
    "h": "شهدت حرباً في التسعينات"
  },
  {
    "q": "أي مدينة أمريكية تلقب بـ 'التفاحة الكبيرة'؟",
    "a": "نيويورك",
    "o": ["نيويورك", "شيكاغو", "ميامي", "سان فرانسيسكو"],
    "h": "أكبر مدينة في أمريكا"
  },
  {
    "q": "ما هي الدولة التي تتكون من أكثر من 17,000 جزيرة؟",
    "a": "إندونيسيا",
    "o": ["إندونيسيا", "الفلبين", "اليابان", "ماليزيا"],
    "h": "أكبر دولة أرخبيل في العالم"
  },
  {
    "q": "ما هي عاصمة فيتنام؟",
    "a": "هانوي",
    "o": ["هانوي", "هو تشي منه", "دا نانغ", "هوي"],
    "h": "تقع في شمال البلاد"
  },
  {
    "q": "في أي دولة يقع مقر محكمة العدل الدولية؟",
    "a": "هولندا",
    "o": ["هولندا", "بلجيكا", "سويسرا", "فرنسا"],
    "h": "في مدينة لاهاي"
  },
  {
    "q": "ما هي العملة المستخدمة في روسيا؟",
    "a": "الروبل",
    "o": ["الروبل", "اليورو", "البيزو", "الكرونة"],
    "h": "عملة قديمة جداً في المنطقة"
  },
  {
    "q": "ما هي عاصمة كرواتيا؟",
    "a": "زغرب",
    "o": ["زغرب", "دوبروفنيك", "سبليت", "زادار"],
    "h": "ليست مدينة ساحلية"
  },
  {
    "q": "أي دولة تقع بالكامل داخل إيطاليا وليست الفاتيكان؟",
    "a": "سان مارينو",
    "o": ["سان مارينو", "موناكو", "ليختنشتاين", "أندورا"],
    "h": "أقدم جمهورية في العالم"
  },
  {
    "q": "ما هي عاصمة أنغولا؟",
    "a": "لواندا",
    "o": ["لواندا", "بنجويلا", "هوامبو", "لوبيتو"],
    "h": "واحدة من أغلى المدن للمغتربين"
  },
  {
    "q": "في أي مدينة يقع مبنى الكولوسيوم؟",
    "a": "روما",
    "o": ["روما", "أثينا", "القاهرة", "قرطاج"],
    "h": "مدرج روماني عملاق"
  },
  {
    "q": "ما هي الدولة التي تسيطر على قناة السويس؟",
    "a": "مصر",
    "o": ["مصر", "بريطانيا", "فرنسا", "تركيا"],
    "h": "القناة تربط البحرين الأحمر والمتوسط"
  },
  {
    "q": "ما هي عاصمة نيوزيلندا؟",
    "a": "ويلينغتون",
    "o": ["ويلينغتون", "أوكلاند", "كوينزتاون", "كرايستشيرش"],
    "h": "العاصمة الأكثر عزلة جنوباً"
  },
  {
    "q": "أي دولة كانت تسمى سابقاً 'سيلان'؟",
    "a": "سريلانكا",
    "o": ["سريلانكا", "تايلاند", "ميانمار", "بنغلاديش"],
    "h": "تشتهر بتصدير الشاي"
  },
  {
    "q": "ما هي المدينة التي تعتبر العاصمة الاقتصادية لتركيا؟",
    "a": "إسطنبول",
    "o": ["إسطنبول", "أنقرة", "إزمير", "أنطاليا"],
    "h": "أكبر مدينة من حيث السكان"
  },
  {
    "q": "ما هي عاصمة غانا؟",
    "a": "أكرا",
    "o": ["أكرا", "لاغوس", "أبوجا", "دكار"],
    "h": "تقع على ساحل المحيط الأطلسي"
  },
  {
    "q": "أين تقع صحراء أتاكاما (الأكثر جفافاً في العالم)؟",
    "a": "تشيلي",
    "o": ["تشيلي", "مصر", "الجزائر", "أستراليا"],
    "h": "في أمريكا الجنوبية"
  },
  {
    "q": "ما هي الدولة الوحيدة في أفريقيا التي تتحدث الإسبانية كلغة رسمية؟",
    "a": "غينيا الاستوائية",
    "o": ["غينيا الاستوائية", "المغرب", "أنغولا", "موزمبيق"],
    "h": "دولة صغيرة في وسط أفريقيا"
  },
  {
    "q": "ما هي عاصمة ألبانيا؟",
    "a": "تيرانا",
    "o": ["تيرانا", "سكوبيه", "بريشتينا", "بودغوريتسا"],
    "h": "مدينة ملونة في البلقان"
  },
  {
    "q": "أي دولة تلقب بـ 'سلة غذاء العالم'؟",
    "a": "السودان",
    "o": ["السودان", "أمريكا", "أوكرانيا", "الصين"],
    "h": "بسبب مساحاتها الزراعية الشاسعة ومياهها"
  },
  {
    "q": "ما هي عاصمة أوزبكستان؟",
    "a": "طشقند",
    "o": ["طشقند", "سمرقند", "بشكيك", "ألماتي"],
    "h": "مدينة تاريخية في طريق الحرير"
  },
  {
    "q": "في أي دولة يقع جبل فوجي؟",
    "a": "اليابان",
    "o": ["اليابان", "الصين", "نيبال", "كوريا"],
    "h": "جبل بركاني مخروطي الشكل"
  },
  {
    "q": "ما هي عاصمة أيرلندا؟",
    "a": "دبلن",
    "o": ["دبلن", "بلفاست", "كورك", "غالواي"],
    "h": "مدينة الأدباء"
  },
  {
    "q": "ما هي الدولة التي علمها ليس مستطيل الشكل؟",
    "a": "نيبال",
    "o": ["نيبال", "سويسرا", "الفاتيكان", "بلجيكا"],
    "h": "علمها عبارة عن مثلثين"
  },
  {
    "q": "ما هي عاصمة البرازيل الحالية؟",
    "a": "برازيليا",
    "o": ["برازيليا", "ريو دي جانيرو", "ساو باولو", "سلفادور"],
    "h": "تم بناؤها لتكون عاصمة في الستينيات"
  },
  {
    "q": "ما هي الدولة التي تمتلك أكبر عدد من الأهرامات في العالم؟",
    "a": "السودان",
    "o": ["السودان", "مصر", "المكسيك", "بيرو"],
    "h": "أكثر من 200 هرم في منطقة مروي"
  },
  {
    "q": "ما هي عاصمة تركيا السياسية؟",
    "a": "أنقرة",
    "o": ["أنقرة", "إسطنبول", "إزمير", "أنطاليا"],
    "h": "تقع في وسط هضبة الأناضول"
  },
  {
    "q": "في أي دولة تقع مدينة البتراء الأثرية؟",
    "a": "الأردن",
    "o": ["الأردن", "فلسطين", "سوريا", "لبنان"],
    "h": "المدينة الوردية المنحوتة في الصخر"
  },
  {
    "q": "ما هي أكبر جزيرة في العالم (ليست قارة)؟",
    "a": "جرينلاند",
    "o": ["جرينلاند", "مدغشقر", "بورنيو", "غينيا الجديدة"],
    "h": "تتبع إدارياً للدنمارك"
  },
  {
    "q": "ما هي عاصمة كندا؟",
    "a": "أوتاوا",
    "o": ["أوتاوا", "تورونتو", "مونتريال", "فانكوفر"],
    "h": "ليست أكبر مدينة في البلاد"
  },
  {
    "q": "أين تقع شلالات آنجل (الأعلى في العالم)؟",
    "a": "فنزويلا",
    "o": ["فنزويلا", "البرازيل", "كندا", "الولايات المتحدة"],
    "h": "في قارة أمريكا الجنوبية"
  },
  {
    "q": "ما هي الدولة التي تسمى 'أرض الآلف بحيرة'؟",
    "a": "فنلندا",
    "o": ["فنلندا", "السويد", "النرويج", "كندا"],
    "h": "دولة اسكندنافية"
  },
  {
    "q": "في أي مدينة يقع متحف اللوفر؟",
    "a": "باريس",
    "o": ["باريس", "لندن", "روما", "مدريد"],
    "h": "يحتوي على لوحة الموناليزا"
  },
  {
    "q": "ما هي عاصمة المغرب؟",
    "a": "الرباط",
    "o": ["الرباط", "الدار البيضاء", "مراكش", "فاس"],
    "h": "ليست كازابلانكا"
  },
  {
    "q": "ما هي الدولة التي يوجد بها 'المدينة المحرمة'؟",
    "a": "الصين",
    "o": ["الصين", "اليابان", "كوريا", "فيتنام"],
    "h": "قصر إمبراطوري قديم في بكين"
  },
  {
    "q": "أين يقع قصر الحمراء؟",
    "a": "إسبانيا",
    "o": ["إسبانيا", "البرتغال", "المغرب", "فرنسا"],
    "h": "في مدينة غرناطة"
  },
  {
    "q": "ما هي عاصمة ماليزيا الإدارية الجديدة؟",
    "a": "بوتراجايا",
    "o": ["بوتراجايا", "كوالالمبور", "سايبرجايا", "جوهر"],
    "h": "مركز الحكومة بينما كوالالمبور العاصمة الرسمية"
  },
  {
    "q": "أي دولة يمر بها خط الاستواء وفيها نهر الأمازون؟",
    "a": "البرازيل",
    "o": ["البرازيل", "الأرجنتين", "تشيلي", "بيرو"],
    "h": "أكبر دولة في أمريكا اللاتينية"
  },
  {
    "q": "ما هي عاصمة البرتغال؟",
    "a": "لشبونة",
    "o": ["لشبونة", "بورتو", "مدريد", "برشلونة"],
    "h": "تقع على المحيط الأطلسي"
  },
  {
    "q": "ما هي الدولة التي تشتهر بزهرة التوليب والطواحين؟",
    "a": "هولندا",
    "o": ["هولندا", "بلجيكا", "ألمانيا", "الدنمارك"],
    "h": "تُعرف أيضاً بالأراضي المنخفضة"
  },
  {
    "q": "أين تقع مدينة 'ماتشو بيتشو' التاريخية؟",
    "a": "بيرو",
    "o": ["بيرو", "تتشيلي", "المكسيك", "البرازيل"],
    "h": "مدينة ضائعة لحضارة الإنكا"
  },
  {
    "q": "ما هي عاصمة التشيك؟",
    "a": "براغ",
    "o": ["براغ", "بودابست", "فيينا", "براتيسلافا"],
    "h": "مدينة الجسور والمباني القديمة"
  },
  {
    "q": "ما هي أعلى قمة جبلية في العالم؟",
    "a": "إيفرست",
    "o": ["إيفرست", "k2", "كانغشينجونغا", "لوتسي"],
    "h": "تقع بين نيبال والصين"
  },
  {
    "q": "ما هي عاصمة الفلبين؟",
    "a": "مانيلا",
    "o": ["مانيلا", "جاكرتا", "بانكوك", "هانوي"],
    "h": "واحدة من أكثر المدن كثافة سكانية"
  },
  {
    "q": "أي مدينة إيطالية تشتهر بقنواتها المائية بدلاً من الشوارع؟",
    "a": "البندقية",
    "o": ["البندقية", "روما", "ميلانو", "فلورنسا"],
    "h": "تسمى فينيسيا"
  },
  {
    "q": "ما هي الدولة التي قدمت تمثال الحرية هدية لأمريكا؟",
    "a": "فرنسا",
    "o": ["فرنسا", "بريطانيا", "إيطاليا", "ألمانيا"],
    "h": "بمناسبة مئوية الثورة الأمريكية"
  },
  {
    "q": "ما هي عاصمة النمسا؟",
    "a": "فيينا",
    "o": ["فيينا", "برلين", "زيورخ", "ميونخ"],
    "h": "كانت عاصمة الإمبراطورية النمساوية المجرية"
  },
  {
    "q": "أين يقع الحاجز المرجاني العظيم؟",
    "a": "أستراليا",
    "o": ["أستراليا", "المالديف", "البحر الأحمر", "الفلبين"],
    "h": "أكبر نظام شعاب مرجانية في العالم"
  },
  {
    "q": "ما هي عاصمة فنلندا؟",
    "a": "هلسنكي",
    "o": ["هلسنكي", "أوسلو", "ستوكهولم", "كوبنهاغن"],
    "h": "تطل على بحر البلطيق"
  },
  {
    "q": "ما هي الدولة التي تقع بها مدينة 'مكة' و 'المدينة'؟",
    "a": "السعودية",
    "o": ["السعودية", "اليمن", "الأردن", "العراق"],
    "h": "مهبط الوحي"
  },
  {
    "q": "ما هي عاصمة سوريا؟",
    "a": "دمشق",
    "o": ["دمشق", "حلب", "حمص", "بيروت"],
    "h": "أقدم عاصمة مأهولة في التاريخ"
  },
  {
    "q": "ما هو المضيق الذي يفصل بين بريطانيا وفرنسا؟",
    "a": "بحر المانش",
    "o": ["بحر المانش", "مضيق جبل طارق", "مضيق البوسفور", "بحر الشمال"],
    "h": "يمر تحته نفق اليوروستار"
  },
  {
    "q": "ما هي عاصمة كوريا الجنوبية؟",
    "a": "سيول",
    "o": ["سيول", "طوكيو", "بيونغ يانغ", "بكين"],
    "h": "مقر شركات سامسونج وهيونداي"
  },
  {
    "q": "أي دولة تلقب بـ 'بلاد الرافدين'؟",
    "a": "العراق",
    "o": ["العراق", "سوريا", "مصر", "إيران"],
    "h": "مهد الحضارات السومرية والبابلية"
  },
  {
    "q": "ما هي الدولة التي عاصمتها 'عمان'؟",
    "a": "الأردن",
    "o": ["الأردن", "عمان", "اليمن", "لبنان"],
    "h": "تسمى المملكة الهاشمية"
  },
  {
    "q": "أين تقع جزيرة صقلية؟",
    "a": "إيطاليا",
    "o": ["إيطاليا", "اليونان", "إسبانيا", "تركيا"],
    "h": "عند مقدمة 'الحذاء' الإيطالي"
  },
  {
    "q": "ما هي عاصمة كوبا؟",
    "a": "هافانا",
    "o": ["هافانا", "سان خوسيه", "كينغستون", "ناساو"],
    "h": "مشهورة بالسيارات الكلاسيكية والسيجار"
  },
  {
    "q": "ما هي الدولة التي تحدها دولة واحدة فقط (المملكة المتحدة)؟",
    "a": "أيرلندا",
    "o": ["أيرلندا", "اسكتلندا", "ويلز", "فرنسا"],
    "h": "تحد أيرلندا الشمالية"
  },
  {
    "q": "ما هي عاصمة بلجيكا؟",
    "a": "بروكسل",
    "o": ["بروكسل", "أمستردام", "لوكبمبورغ", "باريس"],
    "h": "عاصمة الشوكولاتة والاتحاد الأوروبي"
  },
  {
    "q": "ما هي أكبر دولة عربية من حيث المساحة؟",
    "a": "الجزائر",
    "o": ["الجزائر", "السعودية", "السودان", "ليبيا"],
    "h": "في شمال أفريقيا"
  },
  {
    "q": "ما هي عاصمة تايلاند؟",
    "a": "بانكوك",
    "o": ["بانكوك", "جاكرتا", "هانوي", "مانيلا"],
    "h": "وجهة سياحية عالمية"
  },
  {
    "q": "أي مدينة تعرف بـ 'المدينة الوردية'؟",
    "a": "البتراء",
    "o": ["البتراء", "تدمر", "جرش", "بعلبك"],
    "h": "في الأردن"
  },
  {
    "q": "ما هي عاصمة اليونان؟",
    "a": "أثينا",
    "o": ["أثينا", "روما", "إسطنبول", "نيقوسيا"],
    "h": "سميت نسبة للإلهة أثينا"
  },
  {
    "q": "ما هي الدولة التي يقع فيها مقر شركة نوكيا؟",
    "a": "فنلندا",
    "o": ["فنلندا", "السويد", "النرويج", "اليابان"],
    "h": "في مدينة إسبو"
  }
],
"hard":[
  {
    "q": "ما هي عاصمة كازاخستان الحالية؟",
    "a": "أستانا",
    "o": ["أستانا", "ألماتي", "نور سلطان", "طشقند"],
    "h": "عاد اسمها القديم بعد أن سميت نور سلطان لفترة قصيرة"
  },
  {
    "q": "ما هي عاصمة بوركينا فاسو؟",
    "a": "واغادوغو",
    "o": ["واغادوغو", "بوبو ديولاسو", "باماكو", "نيامي"],
    "h": "اسمها يعني 'مكان تكريم الناس'"
  },
  {
    "q": "أي دولة عاصمتها 'بلموبان'؟",
    "a": "بيليز",
    "o": ["بيليز", "غواتيمالا", "هندوراس", "السلفادور"],
    "h": "دولة في أمريكا الوسطى كانت تسمى هندوراس البريطانية"
  },
  {
    "q": "ما هي عاصمة ناورو (أصغر جمهورية في العالم)؟",
    "a": "يارين",
    "o": ["يارين", "أغانا", "ماجورو", "تاراوا"],
    "h": "فعلياً ليس لها عاصمة رسمية، لكن هذا هو الحي الحكومي"
  },
  {
    "q": "ما هي الدولة الوحيدة في العالم التي تقع أراضيها في القارات الأربع (نصف الكرة الشمالي، الجنوبي، الشرقي، الغربي)؟",
    "a": "كيريباتي",
    "o": ["كيريباتي", "إندونيسيا", "روسيا", "فيجي"],
    "h": "بسبب انتشار جزرها الواسع في المحيط الهادئ"
  },
  {
    "q": "ما هي عاصمة منغوليا؟",
    "a": "أولان باتور",
    "o": ["أولان باتور", "إردينيت", "بيشكك", "أستانا"],
    "h": "أبرد عاصمة وطنية في العالم في المتوسط"
  },
  {
    "q": "ما هي الدولة التي تمتلك أكبر عدد من المناطق الزمنية (بما في ذلك أقاليمها)؟",
    "a": "فرنسا",
    "o": ["فرنسا", "روسيا", "أمريكا", "أستراليا"],
    "h": "بسبب أقاليمها فيما وراء البحار (12 منطقة زمنية)"
  },
  {
    "q": "ما هي عاصمة سوازيلاند (إسواتيني)؟",
    "a": "مبابان",
    "o": ["مبابان", "لوبامبا", "ماسيرو", "جابورون"],
    "h": "العاصمة الإدارية"
  },
  {
    "q": "ما هي عاصمة ليختنشتاين؟",
    "a": "فادوز",
    "o": ["فادوز", "شان", "تريسن", "بالزرس"],
    "h": "إمارة صغيرة لا تملك مطاراً"
  },
  {
    "q": "أين تقع جزيرة 'سقطرى'؟",
    "a": "اليمن",
    "o": ["اليمن", "الصومال", "عمان", "السعودية"],
    "h": "تشتهر بشجرة دم الأخوين"
  },
  {
    "q": "ما هي عاصمة ترينيداد وتوباغو؟",
    "a": "بورت أوف سبين",
    "o": ["بورت أوف سبين", "سان فرناندو", "كاكاو", "أريما"],
    "h": "تعني 'ميناء إسبانيا'"
  },
  {
    "q": "ما هي الدولة التي عاصمتها 'أسمرة'؟",
    "a": "إريتريا",
    "o": ["إريتريا", "إثيوبيا", "جيبوتي", "الصومال"],
    "h": "تطل على البحر الأحمر"
  },
  {
    "q": "ما هي عاصمة كوسوفو؟",
    "a": "بريشتينا",
    "o": ["بريشتينا", "بريزرن", "تيرانا", "سكوبيه"],
    "h": "أعلنت استقلالها عن صربيا عام 2008"
  },
  {
    "q": "ما هي الدولة الحبيسة المزدوجة (تحيط بها دول حبيسة فقط)؟",
    "a": "أوزبكستان",
    "o": ["أوزبكستان", "النمسا", "سويسرا", "منغوليا"],
    "h": "الثانية هي ليختنشتاين"
  },
  {
    "q": "ما هي عاصمة الرأس الأخضر (كابو فيردي)؟",
    "a": "برايا",
    "o": ["برايا", "منديلو", "سال", "فوجو"],
    "h": "تقع في جزيرة سانتياغو"
  },
  {
    "q": "ما هي عاصمة بابوا غينيا الجديدة؟",
    "a": "بورت مورسبي",
    "o": ["بورت مورسبي", "لاي", "مادانغ", "غوروكات"],
    "h": "تقع في النصف الشرقي من الجزيرة"
  },
  {
    "q": "ما هي عاصمة الجبل الأسود (مونتينيغرو)؟",
    "a": "بودغوريتسا",
    "o": ["بودغوريتسا", "كوتور", "تيفات", "بار"],
    "h": "كانت تسمى تيتوغراد سابقاً"
  },
  {
    "q": "ما هي عاصمة فيجي؟",
    "a": "سوفا",
    "o": ["سوفا", "نادي", "لاوتوكا", "لاباسا"],
    "h": "تقع في جزيرة فيتي ليفو"
  },
  {
    "q": "ما هي الدولة التي كانت تسمى سابقاً 'روديسيا الجنوبية'؟",
    "a": "زيمبابوي",
    "o": ["زيمبابوي", "زامبيا", "ملاوي", "بوتسوانا"],
    "h": "عاصمتها هراري"
  },
  {
    "q": "ما هي عاصمة طاجيكستان؟",
    "a": "دوشنبه",
    "o": ["دوشنبه", "خجند", "كولوب", "بشكيك"],
    "h": "الاسم يعني 'يوم الاثنين'"
  },
  {
    "q": "ما هي عاصمة غينيا بيساو؟",
    "a": "بيساو",
    "o": ["بيساو", "كوناكري", "دكار", "بانجول"],
    "h": "تطل على المحيط الأطلسي"
  },
  {
    "q": "ما هي عاصمة بوتان؟",
    "a": "تيمفو",
    "o": ["تيمفو", "بارو", "بونخا", "داغا"],
    "h": "الدولة الوحيدة التي تقيس 'السعادة الوطنية الإجمالية'"
  },
  {
    "q": "ما هي عاصمة جمهورية أفريقيا الوسطى؟",
    "a": "بانغي",
    "o": ["بانغي", "دوالا", "نجامينا", "برازافيل"],
    "h": "تقع على نهر أوبانغي"
  },
  {
    "q": "ما هي عاصمة سورينام؟",
    "a": "باراماريبو",
    "o": ["باراماريبو", "كايين", "جورج تاون", "لندن"],
    "h": "الدولة الوحيدة الناطقة بالهولندية في أمريكا الجنوبية"
  },
  {
    "q": "ما هي عاصمة جزر مارشال؟",
    "a": "ماجورو",
    "o": ["ماجورو", "أبيا", "فونافوتي", "باليكير"],
    "h": "عبارة عن أطول مرجاني"
  },
  {
    "q": "أين تقع صحراء 'ناميب'؟",
    "a": "ناميبيا",
    "o": ["ناميبيا", "أنغولا", "بوتسوانا", "جنوب أفريقيا"],
    "h": "تعتبر أقدم صحراء في العالم"
  },
  {
    "q": "ما هي عاصمة دومينيكا؟",
    "a": "روسو",
    "o": ["روسو", "سانتو دومينغو", "كاستريس", "سانت جونز"],
    "h": "ليست جمهورية الدومينيكان"
  },
  {
    "q": "ما هي الدولة التي تمتلك أعمق بحيرة في العالم (بايكال)؟",
    "a": "روسيا",
    "o": ["روسيا", "كندا", "أمريكا", "تنزانيا"],
    "h": "في منطقة سيبيريا"
  },
  {
    "q": "ما هي عاصمة تيمور الشرقية؟",
    "a": "ديلي",
    "o": ["ديلي", "كوبانغ", "داروين", "ماكاسار"],
    "h": "استقلت عن إندونيسيا عام 2002"
  },
  {
    "q": "ما هي عاصمة مولدوفا؟",
    "a": "كيشيناو",
    "o": ["كيشيناو", "تيراسبول", "بالتي", "أوديسا"],
    "h": "أفقر دولة في أوروبا"
  },
  {
    "q": "ما هي الدولة التي عملتها 'التنغي'؟",
    "a": "كازاخستان",
    "o": ["كازاخستان", "أوزبكستان", "قيرغيزستان", "منغوليا"],
    "h": "أكبر دولة حبيسة في العالم"
  },
  {
    "q": "ما هي عاصمة الغابون؟",
    "a": "ليبرفيل",
    "o": ["ليبرفيل", "بورت جنتيل", "مالابو", "دوالا"],
    "h": "تعني 'المدينة الحرة'"
  },
  {
    "q": "أي دولة عاصمتها 'بورت فيلا'؟",
    "a": "فانواتو",
    "o": ["فانواتو", "فيجي", "ساموا", "تونغا"],
    "h": "أرخبيل في المحيط الهادئ"
  },
  {
    "q": "ما هي عاصمة غيانا؟",
    "a": "جورج تاون",
    "o": ["جورج تاون", "باراماريبو", "كايين", "كينغستون"],
    "h": "الدولة الوحيدة الناطقة بالإنجليزية في أمريكا الجنوبية"
  },
  {
    "q": "ما هي عاصمة ساو تومي وبرينسيب؟",
    "a": "ساو تومي",
    "o": ["ساو تومي", "سانت أنطونيو", "برايا", "لوبيتو"],
    "h": "جزيرة في خليج غينيا"
  },
  {
    "q": "ما هي عاصمة مالاوي؟",
    "a": "ليلونغوي",
    "o": ["ليلونغوي", "بلانتير", "زومبا", "لوساكا"],
    "h": "تسمى 'القلب الدافئ لأفريقيا'"
  },
  {
    "q": "ما هي عاصمة جزر سليمان؟",
    "a": "هونيارا",
    "o": ["هونيارا", "بورت مورسبي", "نوميا", "سوفا"],
    "h": "تقع في جزيرة جوادالكانال"
  },
  {
    "q": "ما هي الدولة التي تسمى عاصمتها 'سانت جونز'؟",
    "a": "أنتيغوا وبربودا",
    "o": ["أنتيغوا وبربودا", "بربادوس", "غرينادا", "سانت لوسيا"],
    "h": "في البحر الكاريبي"
  },
  {
    "q": "ما هي عاصمة بوروندي السياسية (الجديدة)؟",
    "a": "جيتيغا",
    "o": ["جيتيغا", "بوجمبورا", "كيغالي", "كمبالا"],
    "h": "تم نقل العاصمة من بوجمبورا"
  },
  {
    "q": "ما هي عاصمة غامبيا؟",
    "a": "بانجول",
    "o": ["بانجول", "سيريكوندا", "داكار", "بيساو"],
    "h": "مدينة تقع على جزيرة عند مصب النهر"
  },
  {
    "q": "ما هي عاصمة سانت لوسيا؟",
    "a": "كاستريس",
    "o": ["كاستريس", "بريدج تاون", "كينغستون", "سانت جونز"],
    "h": "جزيرة في البحر الكاريبي تشتهر بجبال بيتون"
  },
  {
    "q": "ما هي عاصمة جزر البهاما؟",
    "a": "ناساو",
    "o": ["ناساو", "فريبورت", "ويست إند", "كوبر تاون"],
    "h": "تقع في جزيرة نيو بروفيدنس"
  },
  {
    "q": "ما هي عاصمة باربادوس؟",
    "a": "بريدج تاون",
    "o": ["بريدج تاون", "هولي تاون", "سبايتستاون", "أويستينز"],
    "h": "أحدث جمهورية في العالم (تخلت عن التاج البريطاني مؤخراً)"
  },
  {
    "q": "ما هي عاصمة غرينادا؟",
    "a": "سانت جورجز",
    "o": ["سانت جورجز", "غويف", "غرينفيل", "فيكتوريا"],
    "h": "تعرف بـ 'جزيرة التوابل'"
  },
  {
    "q": "ما هي عاصمة سانت كيتس ونيفيس؟",
    "a": "باستير",
    "o": ["باستير", "شارلستون", "نيوكاسل", "ساندي بوينت"],
    "h": "أصغر دولة ذات سيادة في الأمريكتين"
  },
  {
    "q": "ما هي عاصمة سانت فينسنت والغرينادين؟",
    "a": "كينغستاون",
    "o": ["كينغستاون", "جورج تاون", "باروالي", "شاتوبلير"],
    "h": "لا تخلط بينها وبين كينغستون (جامايكا)"
  },
  {
    "q": "ما هي عاصمة ساموا؟",
    "a": "أبيا",
    "o": ["أبيا", "بيجين", "سافاي", "أوبولو"],
    "h": "تقع في جنوب المحيط الهادئ"
  },
  {
    "q": "ما هي عاصمة تونغا؟",
    "a": "نوكو ألوفا",
    "o": ["نوكو ألوفا", "نييافو", "هافيلولوتو", "فايس"],
    "h": "المملكة الوحيدة المتبقية في المحيط الهادئ"
  },
  {
    "q": "ما هي عاصمة توفالو؟",
    "a": "فونافوتي",
    "o": ["فونافوتي", "نانوميا", "نوي", "فيتوبو"],
    "h": "رابع أصغر دولة في العالم"
  },
  {
    "q": "ما هي عاصمة بالاو؟",
    "a": "نغيرولمود",
    "o": ["نغيرولمود", "كورور", "ميلكييوك", "أيراي"],
    "h": "أقل العواصم الوطنية سكاناً في العالم"
  },
  {
    "q": "ما هي عاصمة ولايات ميكرونيسيا المتحدة؟",
    "a": "باليكير",
    "o": ["باليكير", "كولونيا", "وينو", "توفول"],
    "h": "تقع في جزيرة بوهنباي"
  },
  {
    "q": "ما هي عاصمة هايتي؟",
    "a": "بورت أو برنس",
    "o": ["بورت أو برنس", "كاب هايتيان", "غوناييف", "لي كاي"],
    "h": "تتقاسم جزيرة هيسبانيولا مع الدومينيكان"
  },
  {
    "q": "ما هي عاصمة بنين؟",
    "a": "بورتو نوفو",
    "o": ["بورتو نوفو", "كوتونو", "باراكو", "ناتيتينغو"],
    "h": "كوتونو هي المدينة الأكبر ومقر الحكومة، لكن هذه هي العاصمة الرسمية"
  },
  {
    "q": "ما هي عاصمة توغو؟",
    "a": "لومي",
    "o": ["لومي", "سوكودي", "كباليمي", "أتاكبامي"],
    "h": "تقع على خليج غينيا"
  },
  {
    "q": "ما هي عاصمة سيراليون؟",
    "a": "فريتاون",
    "o": ["فريتاون", "بو", "كينيما", "ماكيني"],
    "h": "أسسها العبيد المحررون"
  },
  {
    "q": "ما هي عاصمة ليبيريا؟",
    "a": "مونروفيا",
    "o": ["مونروفيا", "غبارنغا", "كاكاتا", "بينسونفيل"],
    "h": "سميت تيمناً برئيس أمريكي"
  },
  {
    "q": "ما هي عاصمة غينيا؟",
    "a": "كوناكري",
    "o": ["كوناكري", "كانكان", "نزيريكوري", "كينديا"],
    "h": "مدينة ساحلية وميناء رئيسي"
  },
  {
    "q": "ما هي عاصمة النيجر؟",
    "a": "نيامي",
    "o": ["نيامي", "زيندر", "مارادي", "أغاديز"],
    "h": "تقع على ضفاف نهر النيجر"
  },
  {
    "q": "ما هي عاصمة تشاد؟",
    "a": "نجامينا",
    "o": ["نجامينا", "موندو", "ساره", "أبيشي"],
    "h": "كانت تسمى سابقاً فورت لامي"
  },
  {
    "q": "ما هي العاصمة القضائية لبوليفيا؟",
    "a": "سوكري",
    "o": ["سوكري", "لا باز", "كوتشابامبا", "سانتا كروز"],
    "h": "لا باز هي العاصمة الإدارية، وهذه هي الدستورية"
  },
  {
    "q": "ما هي عاصمة باراغواي؟",
    "a": "أسونسيون",
    "o": ["أسونسيون", "سيوداد ديل إستي", "سان لورينزو", "لوكي"],
    "h": "واحدة من أقدم المدن في أمريكا الجنوبية"
  },
  {
    "q": "ما هي عاصمة هندوراس؟",
    "a": "تيغوسيغالبا",
    "o": ["تيغوسيغالبا", "سان بيدرو سولا", "تشولوما", "لا سيبا"],
    "h": "مدينة جبلية"
  },
  {
    "q": "ما هي عاصمة السلفادور؟",
    "a": "سان سلفادور",
    "o": ["سان سلفادور", "سانتا آنا", "سان ميغيل", "سويابانغو"],
    "h": "تعني 'المخلص المقدس'"
  },
  {
    "q": "ما هي عاصمة نيكاراغوا؟",
    "a": "ماناغوا",
    "o": ["ماناغوا", "ليون", "غرناطة", "ماسايا"],
    "h": "تقع على ضفاف بحيرة تحمل نفس الاسم"
  },
  {
    "q": "ما هي عاصمة كوستاريكا؟",
    "a": "سان خوسيه",
    "o": ["سان خوسيه", "ليمون", "ألاخويلا", "هيريديا"],
    "h": "دولة ليس لديها جيش"
  },
  {
    "q": "ما هي عاصمة سيشل؟",
    "a": "فيكتوريا",
    "o": ["فيكتوريا", "آنس بوالو", "بيو فالون", "تاكاماكا"],
    "h": "أرخبيل في المحيط الهندي"
  },
  {
    "q": "ما هي عاصمة موريشيوس؟",
    "a": "بورت لويس",
    "o": ["بورت لويس", "كوريبيب", "فاسواس", "كواتر بورنيس"],
    "h": "جزيرة بركانية تشتهر بطائر الدودو المنقرض"
  },
  {
    "q": "ما هي عاصمة جزر القمر؟",
    "a": "موروني",
    "o": ["موروني", "موتسامودو", "دوموني", "فومبوني"],
    "h": "عضو في جامعة الدول العربية"
  },
  {
    "q": "ما هي عاصمة ليسوتو؟",
    "a": "ماسيرو",
    "o": ["ماسيرو", "تياتيانينغ", "مافتينغ", "هلوتس"],
    "h": "دولة تقع بالكامل فوق 1000 متر عن سطح البحر"
  },
  {
    "q": "ما هي عاصمة بوتسوانا؟",
    "a": "غابورون",
    "o": ["غابورون", "فرانسيس تاون", "موليبولول", "ماون"],
    "h": "دولة تشتهر بصحراء كالاهاري والألماس"
  },
  {
    "q": "ما هي عاصمة ناميبيا؟",
    "a": "ويندهوك",
    "o": ["ويندهوك", "والفيس باي", "سواكوبموند", "ريشوبوت"],
    "h": "تتميز بالعمارة الألمانية الاستعمارية"
  },
  {
    "q": "ما هي عاصمة موزمبيق؟",
    "a": "مابوتو",
    "o": ["مابوتو", "بيرا", "نامبولا", "كيليماني"],
    "h": "كانت تسمى لورينسو ماركيز"
  },
  {
    "q": "ما هي عاصمة زامبيا؟",
    "a": "لوساكا",
    "o": ["لوساكا", "ندولا", "كيتوي", "كابوي"],
    "h": "تقع في الجزء الجنوبي الأوسط من البلاد"
  },
  {
    "q": "ما هي عاصمة رواندا؟",
    "a": "كيغالي",
    "o": ["كيغالي", "بوتاري", "غيتاراما", "روهينغيري"],
    "h": "تعتبر من أنظف المدن في أفريقيا"
  },
  {
    "q": "ما هي عاصمة أوغندا؟",
    "a": "كمبالا",
    "o": ["كمبالا", "غولو", "ليرا", "جينجا"],
    "h": "تقع بالقرب من بحيرة فيكتوريا"
  },
  {
    "q": "ما هي عاصمة تنزانيا الرسمية؟",
    "a": "دودوما",
    "o": ["دودوما", "دار السلام", "أروشا", "موانزا"],
    "h": "دار السلام هي العاصمة السابقة والمركز الاقتصادي"
  },
  {
    "q": "ما هي عاصمة الكونغو الديمقراطية (زائير سابقاً)؟",
    "a": "كينشاسا",
    "o": ["كينشاسا", "لوبومباشي", "مبوجي مايي", "كيسنغاني"],
    "h": "تقابل برازافيل عبر النهر"
  },
  {
    "q": "ما هي عاصمة الكونغو (جمهورية الكونغو)؟",
    "a": "برازافيل",
    "o": ["برازافيل", "بوانت نوار", "دوليسي", "أويو"],
    "h": "تقابل كينشاسا عبر النهر"
  },
  {
    "q": "ما هي عاصمة إقليم غرينلاند؟",
    "a": "نووك",
    "o": ["نووك", "سيسيميوت", "إيلوليسات", "قاقورتوق"],
    "h": "أكبر جزيرة في العالم (تابعة للدنمارك)"
  },
  {
    "q": "ما هي عاصمة جزر فارو؟",
    "a": "تورشافن",
    "o": ["تورشافن", "كلاكسفيك", "رونافيك", "تفوروي"],
    "h": "أرخبيل يتبع للدنمارك"
  }
]
}




