{
  "type": "geo",
  "sub": "country_stats",
  "easy": [
    {
      "q": "ما هي أكبر دولة في العالم من حيث المساحة؟",
      "a": "روسيا",
      "o": ["روسيا", "كندا", "الصين", "الولايات المتحدة"],
      "h": "تغطي مساحة شاسعة بين آسيا وأوروبا"
    },
    {
      "q": "ما هي أصغر دولة في العالم من حيث المساحة؟",
      "a": "الفاتيكان",
      "o": ["الفاتيكان", "موناكو", "ناورو", "سان مارينو"],
      "h": "مقر البابا في روما"
    },
    {
      "q": "ما هي أكثر دولة سكاناً في العالم (حالياً)؟",
      "a": "الهند",
      "o": ["الهند", "الولايات المتحدة", "إندونيسيا", "الرازيل"],
      "h": "تجاوزت الصين مؤخراً"
    },
    {
      "q": "ما هي العملة الرسمية في المملكة العربية السعودية؟",
      "a": "الريال",
      "o": ["الريال", "الدينار", "الدرهم", "الجنيه"],
      "h": "مربوط بالدولار"
    },
    {
      "q": "ما هي اللغة الرسمية في البرازيل؟",
      "a": "البرتغالية",
      "o": ["البرتغالية", "الإسبانية", "الإنجليزية", "الفرنسية"],
      "h": "الدولة الوحيدة في أمريكا اللاتينية التي تتحدثها"
    },
    {
      "q": "ما هي القارة التي تضم أكبر عدد من الدول؟",
      "a": "أفريقيا",
      "o": ["أفريقيا", "آسيا", "أوروبا", "أمريكا الجنوبية"],
      "h": "تضم 54 دولة"
    },
    {
      "q": "ما هي العملة المستخدمة في معظم دول الاتحاد الأوروبي؟",
      "a": "اليورو",
      "o": ["اليورو", "الفرنك", "المارك", "الجنيه"],
      "h": "عملة موحدة"
    },
    {
      "q": "ما هي العملة الرسمية في الولايات المتحدة؟",
      "a": "الدولار",
      "o": ["الدولار", "اليورو", "الين", "الجنيه"],
      "h": "العملة الاحتياطية العالمية"
    },
    {
      "q": "ما هي اللغة الرسمية في مصر؟",
      "a": "العربية",
      "o": ["العربية", "الإنجليزية", "القبطية", "الفرنسية"],
      "h": "لغة الضاد"
    },
    {
      "q": "ما هي أكبر دولة عربية من حيث عدد السكان؟",
      "a": "مصر",
      "o": ["مصر", "الجزائر", "السعودية", "العراق"],
      "h": "تجاوزت الـ 100 مليون نسمة"
    },
    {
      "q": "ما هي العملة الرسمية في المملكة المتحدة (بريطانيا)؟",
      "a": "الجنيه الإسترليني",
      "o": ["الجنيه الإسترليني", "اليورو", "الدولار", "الفرنك"],
      "h": "من أقدم العملات المستمرة"
    },
    {
      "q": "ما هي اللغة الرسمية في أستراليا؟",
      "a": "الإنجليزية",
      "o": ["الإنجليزية", "الإسبانية", "الفرنسية", "الألمانية"],
      "h": "لغة المستعمر البريطاني السابق"
    },
    {
      "q": "ما هي العملة الرسمية في الكويت؟",
      "a": "الدينار",
      "o": ["الدينار", "الريال", "الدرهم", "الجنيه"],
      "h": "أغلى عملة في العالم"
    },
    {
      "q": "ما هي اللغة الرسمية في المكسيك؟",
      "a": "الإسبانية",
      "o": ["الإسبانية", "البرتغالية", "الإنجليزية", "الفرنسية"],
      "h": "أكبر دولة ناطقة بهذه اللغة"
    },
    {
      "q": "ما هي العملة الرسمية في اليابان؟",
      "a": "الين",
      "o": ["الين", "اليوان", "الوون", "البات"],
      "h": "رمزها ¥"
    }
  ],
  "medium": [
    {
      "q": "ما هي الدولة التي تمتلك أطول خط ساحلي في العالم؟",
      "a": "كندا",
      "o": ["كندا", "روسيا", "أستراليا", "إندونيسيا"],
      "h": "تطل على ثلاثة محيطات"
    },
    {
      "q": "ما هي أكبر دولة إسلامية من حيث عدد السكان؟",
      "a": "إندونيسيا",
      "o": ["إندونيسيا", "باكستان", "مصر", "بنغلاديش"],
      "h": "تقع في جنوب شرق آسيا"
    },
    {
      "q": "ما هي العملة الرسمية في تركيا؟",
      "a": "الليرة",
      "o": ["الليرة", "الدينار", "الريال", "اليورو"],
      "h": "تعرضت لتذبذب كبير"
    },
    {
      "q": "ما هي اللغة الرسمية في إيران؟",
      "a": "الفارسية",
      "o": ["الفارسية", "العربية", "التركية", "الأردية"],
      "h": "تكتب بحروف عربية"
    },
    {
      "q": "ما هي العملة الرسمية في روسيا؟",
      "a": "الروبل",
      "o": ["الروبل", "اليورو", "الدينار", "الكرونة"],
      "h": "عملة قديمة"
    },
    {
      "q": "ما هي اللغة التي يتحدث بها سكان النمسا؟",
      "a": "الألمانية",
      "o": ["الألمانية", "الفرنسية", "الإيطالية", "الهولندية"],
      "h": "نفس لغة جارتها الشمالية"
    },
    {
      "q": "ما هي العملة الرسمية في الهند؟",
      "a": "الروبية",
      "o": ["الروبية", "التاكا", "الروبل", "الرينغيت"],
      "h": "تحمل صورة غاندي"
    },
    {
      "q": "أي دولة لديها أكبر عدد من المناطق الزمنية (بما في ذلك أقاليمها)؟",
      "a": "فرنسا",
      "o": ["فرنسا", "روسيا", "أمريكا", "الصين"],
      "h": "بسبب جزرها المنتشرة حول العالم"
    },
    {
      "q": "ما هي العملة الرسمية في الصين؟",
      "a": "اليوان",
      "o": ["اليوان", "الين", "الوون", "الدولار"],
      "h": "يسمى أيضاً الرنمينبي"
    },
    {
      "q": "ما هي اللغة الرسمية في الأرجنتين؟",
      "a": "الإسبانية",
      "o": ["الإسبانية", "البرتغالية", "الإيطالية", "الإنجليزية"],
      "h": "لغة ميسي"
    },
    {
      "q": "ما هي العملة الرسمية في الإمارات؟",
      "a": "الدرهم",
      "o": ["الدرهم", "الدينار", "الريال", "الجنيه"],
      "h": "فئاته تشمل الفلس"
    },
    {
      "q": "ما هي أكثر دولة كثافة سكانية في العالم (دولة ذات سيادة)؟",
      "a": "موناكو",
      "o": ["موناكو", "سنغافورة", "البحرين", "بنغلاديش"],
      "h": "إمارة صغيرة جداً في أوروبا"
    },
    {
      "q": "ما هي اللغة الرسمية في باكستان؟",
      "a": "الأردية",
      "o": ["الأردية", "الهندية", "الفارسية", "البشتو"],
      "h": "تشبه الهندية في الكلام وتكتب بالعربية"
    },
    {
      "q": "ما هي العملة الرسمية في الأردن؟",
      "a": "الدينار",
      "o": ["الدينار", "الجنيه", "الدرهم", "الليرة"],
      "h": "ينقسم إلى قروش وفلسات"
    },
    {
      "q": "ما هي ثاني أكبر دولة في العالم مساحة؟",
      "a": "كندا",
      "o": ["كندا", "الصين", "أمريكا", "البرازيل"],
      "h": "تقع شمال أمريكا"
    }
  ],
  "hard": [
    {
      "q": "ما هي العملة الرسمية في تايلاند؟",
      "a": "البات",
      "o": ["البات", "الرينغيت", "البيزو", "الدونغ"],
      "h": "عملة جنوب شرق آسيوية"
    },
    {
      "q": "ما هي العملة الرسمية في جنوب أفريقيا؟",
      "a": "الراند",
      "o": ["الراند", "الشلن", "الدولار", "البولا"],
      "h": "سميت نسبة لمنطقة ويتواترسراند"
    },
    {
      "q": "ما هي اللغة الرسمية الوحيدة في سورينام؟",
      "a": "الهولندية",
      "o": ["الهولندية", "الفرنسية", "الإسبانية", "الإنجليزية"],
      "h": "في أمريكا الجنوبية"
    },
    {
      "q": "ما هي العملة الرسمية في بولندا؟",
      "a": "الزلوتي",
      "o": ["الزلوتي", "اليورو", "الكرونة", "الفورنت"],
      "h": "تعني 'الذهبي' بالبولندية"
    },
    {
      "q": "ما هي العملة الرسمية في ماليزيا؟",
      "a": "الرينغيت",
      "o": ["الرينغيت", "البات", "الروبية", "الدولار"],
      "h": "تعني 'المسنن' بالماليزية"
    },
    {
      "q": "ما هي العملة الرسمية في فيتنام؟",
      "a": "الدونغ",
      "o": ["الدونغ", "الكيب", "الريال", "الوون"],
      "h": "واحدة من أقل العملات قيمة"
    },
    {
      "q": "ما هي الدولة التي لديها أكبر عدد من اللغات الرسمية (11 لغة)؟",
      "a": "جنوب أفريقيا",
      "o": ["جنوب أفريقيا", "الهند", "سويسرا", "كندا"],
      "h": "تسمى أمة قوس قزح"
    },
    {
      "q": "ما هي العملة الرسمية في كوريا الجنوبية؟",
      "a": "الوون",
      "o": ["الوون", "الين", "اليوان", "التنغي"],
      "h": "نفس اسم عملة جارتها الشمالية"
    },
    {
      "q": "ما هي العملة الرسمية في إسرائيل؟",
      "a": "الشيكل",
      "o": ["الشيكل", "الدينار", "الليرة", "الجنيه"],
      "h": "عملة حديثة"
    },
    {
      "q": "ما هي اللغة الرسمية في نيجيريا؟",
      "a": "الإنجليزية",
      "o": ["الإنجليزية", "الفرنسية", "الهوسا", "اليوروبا"],
      "h": "لغة موحدة بين القبائل"
    },
    {
      "q": "ما هي العملة الرسمية في الفلبين؟",
      "a": "البيزو",
      "o": ["البيزو", "الرينغيت", "الروبية", "الدولار"],
      "h": "تأثراً بالاستعمار الإسباني"
    },
    {
      "q": "ما هي العملة الرسمية في المجر (هنغاريا)؟",
      "a": "الفورنت",
      "o": ["الفورنت", "الزلوتي", "اليورو", "الكرونة"],
      "h": "لم تعتمد اليورو بعد"
    },
    {
      "q": "ما هي العملة الرسمية في سويسرا؟",
      "a": "الفرنك",
      "o": ["الفرنك", "اليورو", "المارك", "الشلن"],
      "h": "عملة قوية ومستقرة"
    },
    {
      "q": "ما هي اللغة الرسمية في كمبوديا؟",
      "a": "الخميرية",
      "o": ["الخميرية", "التايلاندية", "الفيتنامية", "اللاوية"],
      "h": "لغة قديمة في جنوب شرق آسيا"
    },
    {
      "q": "ما هي العملة الرسمية في النرويج؟",
      "a": "الكرونة",
      "o": ["الكرونة", "اليورو", "الفرنك", "المارك"],
      "h": "عملة اسكندنافية"
    }
  ]
}