{
  "type": "geo",
  "sub": "maps_landmarks",
  "easy": [
    {
      "q": "أين يقع برج إيفل؟",
      "a": "باريس",
      "o": ["باريس", "لندن", "روما", "برلين"],
      "h": "رمز فرنسا الأول"
    },
    {
      "q": "في أي دولة تقع أهرامات الجيزة؟",
      "a": "مصر",
      "o": ["مصر", "السودان", "المكسيك", "بيرو"],
      "h": "بناها الفراعنة"
    },
    {
      "q": "أين يقع المسجد الحرام؟",
      "a": "مكة المكرمة",
      "o": ["مكة المكرمة", "المدينة المنورة", "القدس", "القاهرة"],
      "h": "فيه الكعبة المشرفة"
    },
    {
      "q": "ما هو أطول نهر في العالم؟",
      "a": "نهر النيل",
      "o": ["نهر النيل", "نهر الأمازون", "نهر المسيسيبي", "نهر الفرات"],
      "h": "يمر عبر مصر ودول أخرى"
    },
    {
      "q": "أين يقع تمثال الحرية؟",
      "a": "نيويورك",
      "o": ["نيويورك", "واشنطن", "لوس أنجلوس", "شيكاغو"],
      "h": "هدية من فرنسا لأمريكا"
    },
    {
      "q": "أين يقع سور الصين العظيم؟",
      "a": "الصين",
      "o": ["الصين", "اليابان", "منغوليا", "كوريا"],
      "h": "بناء دفاعي قديم وضخم"
    },
    {
      "q": "أين يقع برج خليفة (أطول برج في العالم)؟",
      "a": "دبي",
      "o": ["دبي", "الرياض", "الدوحة", "الكويت"],
      "h": "في الإمارات العربية المتحدة"
    },
    {
      "q": "في أي مدينة تقع ساعة بيغ بن؟",
      "a": "لندن",
      "o": ["لندن", "مانشستر", "ليفربول", "إدنبرة"],
      "h": "عاصمة المملكة المتحدة"
    },
    {
      "q": "أين يقع تاج محل؟",
      "a": "الهند",
      "o": ["الهند", "باكستان", "إيران", "تركيا"],
      "h": "ضريح أبيض بناه شاه جهان"
    },
    {
      "q": "ما هو أعلى جبل في العالم؟",
      "a": "إيفرست",
      "o": ["إيفرست", "كليمنجارو", "فوجي", "الألب"],
      "h": "يقع في سلسلة جبال الهيمالايا"
    },
    {
      "q": "أين يقع برج بيزا المائل؟",
      "a": "إيطاليا",
      "o": ["إيطاليا", "فرنسا", "إسبانيا", "اليونان"],
      "h": "اشتهر بميلانه غير المقصود"
    },
    {
      "q": "أين تقع الكعبة المشرفة؟",
      "a": "السعودية",
      "o": ["السعودية", "الأردن", "العراق", "اليمن"],
      "h": "في مكة المكرمة"
    },
    {
      "q": "ما هي القارة التي يقع فيها نهر الأمازون؟",
      "a": "أمريكا الجنوبية",
      "o": ["أمريكا الجنوبية", "أفريقيا", "آسيا", "أستراليا"],
      "h": "يمر بالبرازيل"
    },
    {
      "q": "أين يقع الكولوسيوم؟",
      "a": "روما",
      "o": ["روما", "أثينا", "القاهرة", "قرطاج"],
      "h": "مدرج روماني عملاق"
    },
    {
      "q": "في أي دولة يقع جبل فوجي؟",
      "a": "اليابان",
      "o": ["اليابان", "الصين", "نيبال", "إندونيسيا"],
      "h": "جبل بركاني مقدس"
    }
  ],
  "medium": [
    {
      "q": "أين يقع جسر البوابة الذهبية (Golden Gate)؟",
      "a": "سان فرانسيسكو",
      "o": ["سان فرانسيسكو", "نيويورك", "لندن", "سيدني"],
      "h": "جسر معلق لونه برتقالي"
    },
    {
      "q": "ما هي المدينة الوردية المنحوتة في الصخر؟",
      "a": "البتراء",
      "o": ["البتراء", "تدمر", "مدائن صالح", "الأقصر"],
      "h": "تقع في الأردن"
    },
    {
      "q": "أين يقع تمثال المسيح الفادي؟",
      "a": "ريو دي جانيرو",
      "o": ["ريو دي جانيرو", "ساو باولو", "بوينس آيرس", "ليما"],
      "h": "على قمة جبل كوركوفادو في البرازيل"
    },
    {
      "q": "ما هو البحر الذي يفصل بين قارتي أفريقيا وأوروبا؟",
      "a": "البحر المتوسط",
      "o": ["البحر المتوسط", "البحر الأحمر", "بحر الشمال", "البحر الأسود"],
      "h": "تطل عليه مصر وإيطاليا"
    },
    {
      "q": "أين يقع متحف اللوفر؟",
      "a": "باريس",
      "o": ["باريس", "لندن", "روما", "مدريد"],
      "h": "يضم لوحة الموناليزا"
    },
    {
      "q": "ما هي القناة التي تربط البحر الأحمر بالبحر المتوسط؟",
      "a": "قناة السويس",
      "o": ["قناة السويس", "قناة بنما", "قناة السويس الجديدة", "مضيق هرمز"],
      "h": "تقع في مصر"
    },
    {
      "q": "أين تقع شلالات نياجرا؟",
      "a": "بين أمريكا وكندا",
      "o": ["بين أمريكا وكندا", "البرازيل والأرجنتين", "زيمبابوي وزامبيا", "الصين وفيتنام"],
      "h": "شلالات ضخمة في أمريكا الشمالية"
    },
    {
      "q": "في أي دولة يقع قصر الحمراء؟",
      "a": "إسبانيا",
      "o": ["إسبانيا", "المغرب", "البرتغال", "تركيا"],
      "h": "أثر إسلامي في غرناطة"
    },
    {
      "q": "أين تقع مدائن صالح؟",
      "a": "العلا",
      "o": ["العلا", "تبوك", "نجران", "الجوف"],
      "h": "موقع أثري في السعودية"
    },
    {
      "q": "ما هو الاسم القديم لمدينة إسطنبول؟",
      "a": "القسطنطينية",
      "o": ["القسطنطينية", "بيزنطة", "الأستانة", "نيقوميديا"],
      "h": "قبل الفتح الإسلامي"
    },
    {
      "q": "أين يقع المسجد الأقصى؟",
      "a": "القدس",
      "o": ["القدس", "الخليل", "نابلس", "بيت لحم"],
      "h": "أولى القبلتين"
    },
    {
      "q": "في أي دولة يقع معبد أبو سمبل؟",
      "a": "مصر",
      "o": ["مصر", "السودان", "ليبيا", "الأردن"],
      "h": "نحته الملك رمسيس الثاني"
    },
    {
      "q": "أين يقع مبنى دار الأوبرا الشهير بتصميمه؟",
      "a": "سيدني",
      "o": ["سيدني", "فيينا", "باريس", "ميلانو"],
      "h": "يشبه الأشرعة البيضاء في أستراليا"
    },
    {
      "q": "ما هو الجبل الذي رست عليه سفينة نوح حسب الروايات؟",
      "a": "جبل الجودي",
      "o": ["جبل الجودي", "جبل أحد", "جبل طور سيناء", "جبل عرفات"],
      "h": "ذكر في القرآن الكريم"
    },
    {
      "q": "أين تقع حدائق بابل المعلقة (تاريخياً)؟",
      "a": "العراق",
      "o": ["العراق", "سوريا", "مصر", "إيران"],
      "h": "إحدى عجائب الدنيا السبع القديمة"
    }
  ],
  "hard": [
    {
      "q": "أين تقع مدينة 'ماتشو بيتشو' الضائعة؟",
      "a": "بيرو",
      "o": ["بيرو", "تشيلي", "المكسيك", "كولومبيا"],
      "h": "بنتها حضارة الإنكا في الجبال"
    },
    {
      "q": "ما هي الدولة التي يوجد بها 'أنغكور وات'؟",
      "a": "كمبوديا",
      "o": ["كمبوديا", "تايلاند", "فيتنام", "لاوس"],
      "h": "أكبر مجمع ديني في العالم"
    },
    {
      "q": "أين تقع جزيرة القيامة (التي بها تماثيل المواي العملاقة)؟",
      "a": "تشيلي",
      "o": ["تشيلي", "الأرجنتين", "أستراليا", "نيوزيلندا"],
      "h": "جزيرة معزولة في المحيط الهادئ"
    },
    {
      "q": "ما هو أعلى شلال في العالم (شلالات آنجل)؟",
      "a": "فنزويلا",
      "o": ["فنزويلا", "كندا", "جنوب أفريقيا", "النرويج"],
      "h": "يسقط من قمة جبل أيويان تيبوي"
    },
    {
      "q": "في أي دولة تقع مدينة 'تمبكتو' التاريخية؟",
      "a": "مالي",
      "o": ["مالي", "النيجر", "موريتانيا", "تشاد"],
      "h": "مركز إشعاع علمي إسلامي قديم في أفريقيا"
    },
    {
      "q": "أين يقع البحر الميت (أخفض نقطة على اليابسة)؟",
      "a": "بين الأردن وفلسطين",
      "o": ["بين الأردن وفلسطين", "بين مصر والسعودية", "بين تركيا وروسيا", "في جيبوتي"],
      "h": "شديد الملوحة لا تعيش فيه الأسماك"
    },
    {
      "q": "في أي مدينة يقع الجامع الأزرق (مسجد السلطان أحمد)؟",
      "a": "إسطنبول",
      "o": ["إسطنبول", "القاهرة", "دمشق", "أصفهان"],
      "h": "يقابل آيا صوفيا"
    },
    {
      "q": "أين تقع مدينة 'تدمر' الأثرية؟",
      "a": "سوريا",
      "o": ["سوريا", "الأردن", "العراق", "لبنان"],
      "h": "كانت تحكمها الملكة زنوبيا"
    },
    {
      "q": "ما هو اسم المضيق الذي يفصل بين بريطانيا وفرنسا؟",
      "a": "بحر المانش",
      "o": ["بحر المانش", "مضيق جبل طارق", "مضيق دوفر", "مضيق البوسفور"],
      "h": "يسمى أيضاً القناة الإنجليزية"
    },
    {
      "q": "في أي دولة تقع منطقة 'كبادوكيا' الشهيرة بالمناطيد؟",
      "a": "تركيا",
      "o": ["تركيا", "اليونان", "إيطاليا", "جورجيا"],
      "h": "تتميز بصخور المداخن الخيالية"
    },
    {
      "q": "أين يقع 'جبل الطاولة' (Table Mountain)؟",
      "a": "كيب تاون",
      "o": ["كيب تاون", "سيدني", "ريو دي جانيرو", "فانكوفر"],
      "h": "في جنوب أفريقيا"
    },
    {
      "q": "ما هي المدينة التي يوجد بها قصر فرساي؟",
      "a": "فرنسا",
      "o": ["فرنسا", "النمسا", "ألمانيا", "روسيا"],
      "h": "بالقرب من باريس"
    },
    {
      "q": "أين تقع قلعة بعلبك الرومانية؟",
      "a": "لبنان",
      "o": ["لبنان", "سوريا", "الأردن", "فلسطين"],
      "h": "في وادي البقاع"
    },
    {
      "q": "في أي دولة تقع بحيرة بايكال (أعمق بحيرة في العالم)؟",
      "a": "روسيا",
      "o": ["روسيا", "كندا", "تنزانيا", "أمريكا"],
      "h": "تحتوي على 20% من مياه العالم العذبة"
    },
    {
      "q": "أين يقع سد مأرب التاريخي؟",
      "a": "اليمن",
      "o": ["اليمن", "العراق", "مصر", "السودان"],
      "h": "انهياره ذكر في القرآن (سيل العرم)"
    }
  ]
}