{
  "type": "geo",
  "sub": "nature_climate",
  "easy": [
    {
      "q": "ما هو أكبر محيط في العالم؟",
      "a": "المحيط الهادئ",
      "o": ["المحيط الهادئ", "المحيط الأطلسي", "المحيط الهندي", "المحيط المتجمد"],
      "h": "يغطي مساحة شاسعة جداً"
    },
    {
      "q": "ما هي الغابة التي تسمى 'رئة الأرض'؟",
      "a": "غابات الأمازون",
      "o": ["غابات الأمازون", "الغابة السوداء", "غابات الكونغو", "غابات التايغا"],
      "h": "تقع في أمريكا الجنوبية"
    },
    {
      "q": "ما هي الظاهرة التي تحدث بعد هطول المطر وظهور الشمس؟",
      "a": "قوس قزح",
      "o": ["قوس قزح", "البرق", "الرعد", "الضباب"],
      "h": "ألوان الطيف السبعة"
    },
    {
      "q": "أي منطقة تتميز بقلة الأمطار والحرارة الشديدة؟",
      "a": "الصحراء",
      "o": ["الصحراء", "التندرا", "السافانا", "الغابة"],
      "h": "مثل الربع الخالي"
    },
    {
      "q": "ما هو الفصل الذي تتساقط فيه أوراق الشجر؟",
      "a": "الخريف",
      "o": ["الخريف", "الربيع", "الشتاء", "الصيف"],
      "h": "يأتي قبل الشتاء"
    },
    {
      "q": "ما هو الاسم الذي يطلق على العاصفة الرملية القوية؟",
      "a": "عجاج",
      "o": ["عجاج", "إعصار", "تسونامي", "فيضان"],
      "h": "تنتشر في المناطق الصحراوية"
    },
    {
      "q": "ما هي القارة المتجمدة الجنوبية؟",
      "a": "أنتاركتيكا",
      "o": ["أنتاركتيكا", "أوروبا", "أستراليا", "آسيا"],
      "h": "أبرد قارة في العالم"
    },
    {
      "q": "ما هو الكوكب الذي نعيش عليه؟",
      "a": "الأرض",
      "o": ["الأرض", "المريخ", "المشتري", "زحل"],
      "h": "الكوكب الأزرق"
    },
    {
      "q": "ماذا يسمى الارتفاع الشديد في درجات حرارة الأرض؟",
      "a": "الاحتباس الحراري",
      "o": ["الاحتباس الحراري", "العصر الجليدي", "التصحر", "الجفاف"],
      "h": "مشكلة بيئية عالمية"
    },
    {
      "q": "ما هو الغاز الذي نتنفسه لنعيش؟",
      "a": "الأكسجين",
      "o": ["الأكسجين", "الهيدروجين", "النيتروجين", "ثاني أكسيد الكربون"],
      "h": "ضروري للحياة"
    },
    {
      "q": "ما هي أكبر صحراء حارة في العالم؟",
      "a": "الصحراء الكبرى",
      "o": ["الصحراء الكبرى", "صحراء الربع الخالي", "صحراء غوبي", "صحراء كالاهاري"],
      "h": "تقع في شمال أفريقيا"
    },
    {
      "q": "ما هي الكوارث الناتجة عن تحرك قشرة الأرض؟",
      "a": "الزلازل",
      "o": ["الزلازل", "الأعاصير", "الفيضانات", "الجفاف"],
      "h": "تقاس بمقياس ريختر"
    },
    {
      "q": "ماذا يسمى الماء المتجمد الذي يسقط من السماء؟",
      "a": "برد",
      "o": ["برد", "ندى", "ضباب", "بخار"],
      "h": "كرات ثلجية صغيرة"
    },
    {
      "q": "أين يعيش الدب القطبي؟",
      "a": "القطب الشمالي",
      "o": ["القطب الشمالي", "القطب الجنوبي", "غابات الأمازون", "الصحراء"],
      "h": "في الجليد الشمالي"
    },
    {
      "q": "ما هو المصدر الرئيسي للحرارة والضوء للأرض؟",
      "a": "الشمس",
      "o": ["الشمس", "القمر", "النجوم", "البراكين"],
      "h": "نجم مجموعتنا"
    }
  ],
  "medium": [
    {
      "q": "ما هي طبقة الغلاف الجوي التي تحمينا من الأشعة فوق البنفسجية؟",
      "a": "الأوزون",
      "o": ["الأوزون", "التروبوسفير", "الإكسوسفير", "الستراتوسفير"],
      "h": "يوجد فيها ثقب شهير"
    },
    {
      "q": "ماذا تسمى الأمواج العملاقة الناتجة عن زلازل المحيطات؟",
      "a": "تسونامي",
      "o": ["تسونامي", "إعصار", "تايفون", "مد وجزر"],
      "h": "كلمة يابانية الأصل"
    },
    {
      "q": "ما هو الاسم العلمي للغيوم المنخفضة الملامسة للأرض؟",
      "a": "الضباب",
      "o": ["الضباب", "السديم", "الندى", "الصقيع"],
      "h": "يحجب الرؤية"
    },
    {
      "q": "ما هي القارة التي لا توجد بها صحاري؟",
      "a": "أوروبا",
      "o": ["أوروبا", "آسيا", "أستراليا", "أمريكا الشمالية"],
      "h": "مناخها معتدل وبارد"
    },
    {
      "q": "أي بحر يعتبر الأكثر ملوحة في العالم (بحر مغلق)؟",
      "a": "البحر الميت",
      "o": ["البحر الميت", "البحر الأحمر", "بحر قزوين", "البحر المتوسط"],
      "h": "تطفو الأجسام فيه بسهولة"
    },
    {
      "q": "ما هو أبرد مكان مأهول على وجه الأرض؟",
      "a": "أويمياكون",
      "o": ["أويمياكون", "موسكو", "ألاسكا", "جرينلاند"],
      "h": "قرية في روسيا"
    },
    {
      "q": "ماذا يسمى الخط الوهمي الذي يقسم الأرض إلى نصفين شمالي وجنوبي؟",
      "a": "خط الاستواء",
      "o": ["خط الاستواء", "خط غرينتش", "مدار السرطان", "مدار الجدي"],
      "h": "درجة عرضه صفر"
    },
    {
      "q": "ما هي الغازات المسؤولة عن ظاهرة الاحتباس الحراري؟",
      "a": "الغازات الدفيئة",
      "o": ["الغازات الدفيئة", "الغازات النبيلة", "الغازات السامة", "الغازات الخاملة"],
      "h": "أهمها ثاني أكسيد الكربون"
    },
    {
      "q": "ما هي المنطقة التي تكثر فيها البراكين والزلازل حول المحيط الهادئ؟",
      "a": "حزام النار",
      "o": ["حزام النار", "مثلث برمودا", "خندق ماريانا", "الصدع الكبير"],
      "h": "شكلها يشبه حدوة الحصان"
    },
    {
      "q": "ما هو أعمق خندق في المحيطات؟",
      "a": "خندق ماريانا",
      "o": ["خندق ماريانا", "خندق بورتوريكو", "خندق جاوة", "خندق اليابان"],
      "h": "يقع في المحيط الهادئ"
    },
    {
      "q": "ما هي الرياح التي تهب بانتظام في اتجاه واحد؟",
      "a": "الرياح التجارية",
      "o": ["الرياح التجارية", "الرياح الموسمية", "الرياح الخماسينية", "الرياح القطبية"],
      "h": "استخدمها البحارة قديماً"
    },
    {
      "q": "ماذا يسمى تحول الماء من الحالة السائلة إلى الغازية؟",
      "a": "تبخر",
      "o": ["تبخر", "تكثف", "تجمد", "تسامي"],
      "h": "يحدث عند الغليان أو التعرض للشمس"
    },
    {
      "q": "أي ظاهرة طبيعية تسمى 'الشفق القطبي'؟",
      "a": "أورورا",
      "o": ["أورورا", "الكسوف", "الخسوف", "السراب"],
      "h": "أضواء ملونة في السماء ليلاً"
    },
    {
      "q": "ما هو أكبر حيوان بحري على وجه الأرض؟",
      "a": "الحوت الأزرق",
      "o": ["الحوت الأزرق", "قرش الحوت", "الحبار العملاق", "الأوركا"],
      "h": "وزنه يعادل وزن 30 فيلاً"
    },
    {
      "q": "ما هي الدولة التي تتعرض لأكبر عدد من الأعاصير سنوياً؟",
      "a": "أمريكا",
      "o": ["أمريكا", "اليابان", "الفلبين", "الصين"],
      "h": "خاصة ولايات الجنوب والوسط"
    }
  ],
  "hard": [
    {
      "q": "ما هو الاسم العلمي لظاهرة 'النينو' المناخية؟",
      "a": "التذبذب الجنوبي",
      "o": ["التذبذب الجنوبي", "الاحترار القطبي", "التيار النفاث", "الإعصار المداري"],
      "h": "يؤثر على طقس العالم ويسبب فيضانات وجفاف"
    },
    {
      "q": "ما هي الغيوم التي تكون على شكل سحب ركامية ضخمة تسبب العواصف الرعدية؟",
      "a": "المزن الركامية",
      "o": ["المزن الركامية", "السمحاق", "الرهج", "الركام الطبقي"],
      "h": "تسمى غيوم Cumulonimbus"
    },
    {
      "q": "ما هي الطبقة الجوية التي تحدث فيها معظم تقلبات الطقس؟",
      "a": "التروبوسفير",
      "o": ["التروبوسفير", "الستراتوسفير", "الميزوسفير", "الثيرموسفير"],
      "h": "أقرب طبقة لسطح الأرض"
    },
    {
      "q": "ما هو أسرع تيار محيطي في العالم؟",
      "a": "تيار الخليج",
      "o": ["تيار الخليج", "تيار همبولت", "تيار الكناري", "تيار كوروشيو"],
      "h": "تيار دافئ في الأطلسي"
    },
    {
      "q": "ما هو المقياس المستخدم لقياس سرعة الرياح في الأعاصير؟",
      "a": "مقياس سفير-سمبسون",
      "o": ["مقياس سفير-سمبسون", "مقياس ريختر", "مقياس ميركالي", "مقياس كلفن"],
      "h": "يقيس شدة الأعاصير من 1 إلى 5"
    },
    {
      "q": "ما هي المنطقة الجغرافية التي تسجل أقل كمية أمطار في العالم (بالمتوسط السنوي)؟",
      "a": "الوديان الجافة",
      "o": ["الوديان الجافة", "صحراء أتاكاما", "الربع الخالي", "صحراء موهافي"],
      "h": "في أنتاركتيكا (ليست أتاكاما كما يشاع)"
    },
    {
      "q": "ما هو اسم الرياح الجافة والحارة التي تهب على مصر في الربيع؟",
      "a": "الخماسين",
      "o": ["الخماسين", "السموم", "السيروكو", "الميسترال"],
      "h": "تثير الغبار والأتربة"
    },
    {
      "q": "ما هي الظاهرة التي تحدث عندما يقع القمر بين الأرض والشمس؟",
      "a": "كسوف الشمس",
      "o": ["كسوف الشمس", "خسوف القمر", "تعامد الشمس", "الاعتدال الربيعي"],
      "h": "يحجب ضوء الشمس"
    },
    {
      "q": "أي غاز يشكل النسبة الأكبر في الغلاف الجوي للأرض؟",
      "a": "النيتروجين",
      "o": ["النيتروجين", "الأكسجين", "الأرجون", "ثاني أكسيد الكربون"],
      "h": "نسبته حوالي 78%"
    },
    {
      "q": "ما هو الاسم الآخر لـ 'الغابات الشمالية'؟",
      "a": "التايغا",
      "o": ["التايغا", "التندرا", "السافانا", "الإستبس"],
      "h": "توجد في روسيا وكندا"
    },
    {
      "q": "ما هي أشد درجة حرارة مسجلة رسمياً على سطح الأرض (تقريباً)؟",
      "a": "56.7 درجة مئوية",
      "o": ["56.7 درجة مئوية", "65 درجة مئوية", "50 درجة مئوية", "70 درجة مئوية"],
      "h": "في وادي الموت بكاليفورنيا"
    },
    {
      "q": "ماذا تسمى الصخور المنصهرة عندما تخرج إلى سطح الأرض؟",
      "a": "لافا",
      "o": ["لافا", "ماجما", "بازلت", "جرانيت"],
      "h": "قبل خروجها تسمى ماجما"
    },
    {
      "q": "أي محيط يحتوي على 'مثلث برمودا'؟",
      "a": "المحيط الأطلسي",
      "o": ["المحيط الأطلسي", "المحيط الهادئ", "المحيط الهندي", "المحيط المتجمد"],
      "h": "في الجزء الغربي منه"
    },
    {
      "q": "ما هو الاسم الذي يطلق على الغيوم التي تشبه العدسات؟",
      "a": "الغيوم العدسية",
      "o": ["الغيوم العدسية", "الغيوم الريشية", "الغيوم الركامية", "الغيوم الطبقية"],
      "h": "غالباً ما تتكون فوق الجبال ويظنها البعض صحوناً طائرة"
    },
    {
      "q": "ما هي الظاهرة التي تسبب ابيضاض الشعاب المرجانية؟",
      "a": "ارتفاع حرارة المحيط",
      "o": ["ارتفاع حرارة المحيط", "الصيد الجائر", "التلوث البلاستيكي", "المد الأحمر"],
      "h": "بسبب الإجهاد الحراري"
    }
  ]
}