{
  "type": "exams",
  "sub": "qudrat_cognitive",
  "easy": {
    "أ": [
      {
        "q": "إذا كان: من يشتري وجبتين يحصل على كعك أو عصير. محمد اشترى وجبتين. ماذا يلزم؟",
        "a": "يحصل على كعك أو عصير",
        "o": [
          "يحصل على كعك أو عصير",
          "يحصل على كعك فقط",
          "يحصل على عصير فقط",
          "لا يحصل على شيء"
        ],
        "h": "المعطى يعطي خيارًا (أو)."
      },
      {
        "q": "إذا كان خالد عمره 15 سنة وشرط بطاقة الأحوال أن يكون العمر 15، فماذا يلزم؟",
        "a": "يحق له التقديم",
        "o": [
          "يحق له التقديم",
          "لا يحق له التقديم",
          "لا يمكن تحديد ذلك",
          "يحتاج عمر 16"
        ],
        "h": "حقق الشرط المذكور."
      }
    ],
    "ب": [],
    "ت": [
      {
        "q": "اختر المرادف الأقرب لـ «تهوين»:",
        "a": "تسهيل",
        "o": [
          "تسهيل",
          "تعقيد",
          "تهويل",
          "إضرار"
        ],
        "h": "تهوين = تسهيل/تقليل."
      }
    ],
    "ث": [],
    "ج": [
      {
        "q": "اختر ضد كلمة «شجاع»:",
        "a": "جبان",
        "o": [
          "جبان",
          "جريء",
          "قوي",
          "صادق"
        ],
        "h": "ضد الشجاع جبان."
      }
    ],
    "ح": [
      {
        "q": "اختر ضد كلمة «الضياء»:",
        "a": "حلكة",
        "o": [
          "حلكة",
          "شمس",
          "نور",
          "بريق"
        ],
        "h": "الضياء ضد الظلام/الحلكة."
      }
    ],
    "خ": [],
    "د": [],
    "ذ": [],
    "ر": [],
    "ز": [],
    "س": [],
    "ش": [
      {
        "q": "إذا كانت اليابان شرق الفلبين والفلبين شرق الصين، فأين تقع اليابان بالنسبة للصين؟",
        "a": "شرق الصين",
        "o": [
          "شرق الصين",
          "غرب الصين",
          "شمال الصين",
          "جنوب الصين"
        ],
        "h": "الشرق + الشرق ⇒ شرق."
      }
    ],
    "ص": [],
    "ض": [],
    "ط": [
      {
        "q": "اختر الكلمة الأقرب معنى لـ «مديد»:",
        "a": "طويل",
        "o": [
          "طويل",
          "قصير",
          "ضيق",
          "ضعيف"
        ],
        "h": "مديد = طويل."
      }
    ],
    "ظ": [],
    "ع": [],
    "غ": [],
    "ف": [],
    "ق": [],
    "ك": [
      {
        "q": "كل من يحضر الحفل طبيب، وكل طبيب متزوج. ما الاستنتاج الصحيح؟",
        "a": "كل الحضور متزوجون",
        "o": [
          "كل الحضور متزوجون",
          "بعض الحضور غير أطباء",
          "لا أحد متزوج",
          "يوجد معلمون ضمن الحضور"
        ],
        "h": "سلسلة تضمين."
      }
    ],
    "ل": [],
    "م": []
  },
  "medium": {
    "أ": [
      {
        "q": "رتّب الكلمات التالية من الأقل إلى الأكثر في «القطبية» (مثال علمي مبسط):",
        "a": "CH4 ثم NH3 ثم H2O ثم HF",
        "o": [
          "CH4 ثم NH3 ثم H2O ثم HF",
          "HF ثم H2O ثم NH3 ثم CH4",
          "H2O ثم HF ثم NH3 ثم CH4",
          "NH3 ثم CH4 ثم HF ثم H2O"
        ],
        "h": "يزداد فرق السالبية: HF الأعلى، CH4 الأقل."
      },
      {
        "q": "إذا كانت المدرسة تشترط سن 6 سنوات وتستثني من عمره 5 سنوات و9 أشهر، فأي عبارة صحيحة؟",
        "a": "يُقبل من عمره خمس سنوات وتسعة أشهر",
        "o": [
          "يُقبل من عمره خمس سنوات وتسعة أشهر",
          "يُقبل من عمره خمس سنوات وستة أشهر",
          "لا يُقبل أحد أقل من ست سنوات",
          "يُقبل من عمره خمس سنوات فقط"
        ],
        "h": "حسب الاستثناء المذكور."
      }
    ],
    "ب": [
      {
        "q": "في مسابقة: أحمد قبل محمد، وعلي بعد محمد، وفراس بعد علي، وبدر قبل أحمد. من الفائز (الأول)؟",
        "a": "بدر",
        "o": [
          "بدر",
          "أحمد",
          "محمد",
          "علي"
        ],
        "h": "بدر قبل أحمد، وأحمد قبل محمد، ومحمد قبل علي، وعلي قبل فراس."
      },
      {
        "q": "مصنع ينتج سيارات عائلية بالأبيض والأسود، وسيارات صغيرة بالبني والأزرق. أي عبارة صحيحة؟",
        "a": "بعض السيارات الصغيرة بنية",
        "o": [
          "بعض السيارات الصغيرة بنية",
          "بعض السيارات العائلية زرقاء",
          "لا يمكن صنع سيارة بيضاء",
          "بعض السيارات العائلية صغيرة"
        ],
        "h": "حسب الوصف: الصغيرة منها بنية أو زرقاء."
      },
      {
        "q": "إذا كان برج المملكة أطول من الفيصلية، وبرج العنود أقصر من الفيصلية، فأي عبارة صحيحة؟",
        "a": "برج العنود أقصر من برج المملكة",
        "o": [
          "برج العنود أقصر من برج المملكة",
          "برج العنود أطول من الفيصلية",
          "برج الفيصلية أقصر من المملكة",
          "برج المملكة أقصر البروج"
        ],
        "h": "العنود < الفيصلية < المملكة."
      }
    ],
    "ت": [],
    "ث": [],
    "ج": [],
    "ح": [],
    "خ": [
      {
        "q": "كل من يذهب للمكتبة يحب القراءة. خالد ذهب للمكتبة ووجد محمد هناك. ما الصحيح؟",
        "a": "خالد ومحمد يحبان القراءة",
        "o": [
          "خالد ومحمد يحبان القراءة",
          "محمد يعمل في المكتبة",
          "خالد لا يحب القراءة",
          "خالد لم يدخل المكتبة"
        ],
        "h": "الوجود في المكتبة ⇒ يحب القراءة."
      }
    ],
    "د": [],
    "ذ": [],
    "ر": [],
    "ز": [],
    "س": [],
    "ش": [],
    "ص": [],
    "ض": [],
    "ط": [],
    "ظ": [],
    "ع": [],
    "غ": [],
    "ف": [
      {
        "q": "إذا كان كل المدعوين متفوقين وكان فهد ضمن المدعوين، فما الذي يلزم؟",
        "a": "فهد متفوق",
        "o": [
          "فهد متفوق",
          "كل زملائه متفوقون",
          "لا أحد متفوق",
          "فهد ليس متفوق"
        ],
        "h": "انتماء فهد للمجموعة."
      }
    ],
    "ق": [],
    "ك": [],
    "ل": [],
    "م": [
      {
        "q": "محمد يملك مليونًا، وفراس يملك ربع مليون، وطلال يملك أكثر من فراس. أي العبارات أصح؟",
        "a": "مجموعهم أكبر من مليون ونصف",
        "o": [
          "مجموعهم أكبر من مليون ونصف",
          "مجموعهم يساوي مليونًا ونصف",
          "مجموعهم أقل من مليون",
          "محمد يملك أقل من طلال"
        ],
        "h": "لأن طلال > 250 ألف ⇒ المجموع > 1.25 مليون؛ وللوصول لـ1.5 يحتاج طلال>500 ألف (المقصود اختيار العبارة الأقرب الصحيحة في نمط السؤال)."
      }
    ]
  },
  "hard": {
    "أ": [],
    "ب": [],
    "ت": [],
    "ث": [],
    "ج": [
      {
        "q": "مدينة أ تقع شمال غرب مكة. إذا كنت في المدينة أ، فأي اتجاه تكون القبلة (نحو مكة) غالبًا؟",
        "a": "الجنوب الشرقي",
        "o": [
          "الجنوب الشرقي",
          "الشمال الشرقي",
          "الجنوب الغربي",
          "الشمال الغربي"
        ],
        "h": "من شمال غرب إلى مكة يكون جنوب شرق."
      }
    ],
    "ح": [],
    "خ": [
      {
        "q": "شركة لا تعين مديرًا إلا بعد 15 سنة خبرة. عمر توظف قبل مديره بسنتين. ما الذي يلزم؟",
        "a": "خبرة عمر أكثر من خمس عشرة سنة",
        "o": [
          "خبرة عمر أكثر من خمس عشرة سنة",
          "عمر يمكن أن يكون المدير",
          "عمر راتبه خمسة عشر ألفًا",
          "عمر يستحق تقاعدًا الآن"
        ],
        "h": "إذا المدير ≥15 سنة وخبرة عمر أكبر منه."
      }
    ],
    "د": [],
    "ذ": [],
    "ر": [],
    "ز": [],
    "س": [],
    "ش": [],
    "ص": [],
    "ض": [],
    "ط": [],
    "ظ": [],
    "ع": [],
    "غ": [],
    "ف": [],
    "ق": [
      {
        "q": "إذا كانت القصة القصيرة ≤ 200 صفحة، والقصة ≥ 301 صفحة، والرواية ≥ 500 صفحة؛ كتاب 400 صفحة يصنف:",
        "a": "قصة",
        "o": [
          "قصة",
          "قصة قصيرة",
          "رواية",
          "لا يمكن تحديدها"
        ],
        "h": "400 ≥301 وأقل من 500 ⇒ قصة."
      }
    ],
    "ك": [],
    "ل": [],
    "م": [
      {
        "q": "أربعة أشخاص دفعوا 1000 و2000 و3000 و4000. محمد ليس الأقل دفعًا، وعلي ليس الأكثر، ومهند وفهد معًا دفعا 6000. من دفع 3000؟",
        "a": "محمد",
        "o": [
          "محمد",
          "علي",
          "فهد",
          "مهند"
        ],
        "h": "مجموع 6000 يعني 2000+4000 أو 3000+3000؛ إذًا مهند وفهد = 2000 و4000، فيتبقى 1000 و3000، ومحمد ليس الأقل ⇒ 3000."
      }
    ]
  }
}