{
  "type": "exams",
  "sub": "qudrat_secondary",
  "easy": {
    "أ": [
      {
        "q": "ما مرادف كلمة «احتفى»؟",
        "a": "استقبل",
        "o": [
          "استقبل",
          "ودّع",
          "رفض",
          "تجاهل"
        ],
        "h": "احتفى = استقبل/أكرم."
      },
      {
        "q": "ضد كلمة «قنوط» هو:",
        "a": "أمل",
        "o": [
          "أمل",
          "يأس",
          "حزن",
          "خوف"
        ],
        "h": "قنوط = يأس."
      },
      {
        "q": "إذا كانت نسبة النجاح 80% من 50 طالبًا، فكم طالبًا نجح؟",
        "a": "أربعون",
        "o": [
          "أربعون",
          "ثلاثون",
          "خمسة وثلاثون",
          "خمسة وأربعون"
        ],
        "h": "0.8×50=40."
      }
    ],
    "ب": [],
    "ت": [],
    "ث": [
      {
        "q": "أي الأعداد التالية عدد أولي؟",
        "a": "ثلاثة عشر",
        "o": [
          "ثلاثة عشر",
          "خمسة عشر",
          "واحد وعشرون",
          "خمسة وعشرون"
        ],
        "h": "الأولي لا يقبل القسمة إلا على 1 ونفسه."
      },
      {
        "q": "إذا كانت المسافة 60 كم والزمن 2 ساعة، فما السرعة؟",
        "a": "ثلاثون كيلومترًا في الساعة",
        "o": [
          "ثلاثون كيلومترًا في الساعة",
          "عشرون كيلومترًا في الساعة",
          "ستون كيلومترًا في الساعة",
          "مئة وعشرون كيلومترًا في الساعة"
        ],
        "h": "السرعة = المسافة ÷ الزمن."
      },
      {
        "q": "أي الخيارات التالية أكبر؟",
        "a": "ثلاثة أرباع",
        "o": [
          "ثلاثة أرباع",
          "ثلثان",
          "نصف",
          "ربع"
        ],
        "h": "0.75 أكبر."
      }
    ],
    "ج": [],
    "ح": [],
    "خ": [
      {
        "q": "كم يساوي 25% من 200؟",
        "a": "خمسون",
        "o": [
          "خمسون",
          "خمسة وعشرون",
          "مئة",
          "سبعون"
        ],
        "h": "ربع 200 = 50."
      }
    ],
    "د": [],
    "ذ": [],
    "ر": [],
    "ز": [],
    "س": [],
    "ش": [],
    "ص": [],
    "ض": [
      {
        "q": "أكمل: «الصديق وقت ....»",
        "a": "الضيق",
        "o": [
          "الضيق",
          "الفرح",
          "اللعب",
          "الراحة"
        ],
        "h": "مثل مشهور."
      }
    ],
    "ط": [],
    "ظ": [],
    "ع": [
      {
        "q": "إذا كان ثمن قلم 4 ريالات وثمن دفتر 8 ريالات، فكم ثمن 3 أقلام ودفتر؟",
        "a": "عشرون ريالًا",
        "o": [
          "عشرون ريالًا",
          "ستة عشر ريالًا",
          "اثنا عشر ريالًا",
          "أربعة وعشرون ريالًا"
        ],
        "h": "3×4 + 8 = 20."
      }
    ],
    "غ": [],
    "ف": [],
    "ق": [],
    "ك": [
      {
        "q": "أي مما يلي يُعد جمع تكسير؟",
        "a": "كتب",
        "o": [
          "كتب",
          "كاتب",
          "كتابة",
          "مكتوب"
        ],
        "h": "جمع تكسير: كتب."
      }
    ],
    "ل": [],
    "م": []
  },
  "medium": {
    "أ": [
      {
        "q": "في متتابعة حسابية: 5، 9، 13، ... ما الحد الخامس؟",
        "a": "واحد وعشرون",
        "o": [
          "واحد وعشرون",
          "تسعة عشر",
          "ثلاثة وعشرون",
          "سبعة عشر"
        ],
        "h": "الفرق 4 ⇒ الحد الخامس 5+4×4=21."
      },
      {
        "q": "اختر الكلمة التي تُكمل: «الحقُ يعلو ولا ....»",
        "a": "يُعلى عليه",
        "o": [
          "يُعلى عليه",
          "يُخفى عنه",
          "يُنال منه",
          "يُقاس به"
        ],
        "h": "مثل عربي مشهور."
      },
      {
        "q": "أي عبارة تُكافئ «إذا درستُ نجحتُ»؟",
        "a": "إذا لم أنجح فإني لم أدرس",
        "o": [
          "إذا لم أنجح فإني لم أدرس",
          "إذا نجحتُ فإني درستُ",
          "إذا لم أدرس فسأنجح",
          "النجاح لا علاقة له بالدراسة"
        ],
        "h": "المقابل المنطقي (الشرط العكسي)."
      },
      {
        "q": "إذا كان (x/3)=4، فما x؟",
        "a": "اثنا عشر",
        "o": [
          "اثنا عشر",
          "تسعة",
          "ستة",
          "خمسة عشر"
        ],
        "h": "اضرب في 3."
      }
    ],
    "ب": [],
    "ت": [
      {
        "q": "إذا كان محيط مربع 36 سم، فما طول ضلعه؟",
        "a": "تسعة سنتيمترات",
        "o": [
          "تسعة سنتيمترات",
          "ستة سنتيمترات",
          "اثنا عشر سنتيمترًا",
          "ثمانية سنتيمترات"
        ],
        "h": "المحيط=4ض ⇒ الضلع=9."
      }
    ],
    "ث": [
      {
        "q": "إذا كان احتمال حدث ما = 1/4، فما احتمال عدم حدوثه؟",
        "a": "ثلاثة أرباع",
        "o": [
          "ثلاثة أرباع",
          "ربع",
          "نصف",
          "ثلث"
        ],
        "h": "1 - 1/4 = 3/4."
      },
      {
        "q": "في تناسب: 4/5 = x/10، فما x؟",
        "a": "ثمانية",
        "o": [
          "ثمانية",
          "ستة",
          "عشرة",
          "خمسة"
        ],
        "h": "x=10×4/5=8."
      }
    ],
    "ج": [],
    "ح": [],
    "خ": [
      {
        "q": "زاويتان متتامتان، إحداهما 35°. كم الأخرى؟",
        "a": "خمس وخمسون درجة",
        "o": [
          "خمس وخمسون درجة",
          "خمس وأربعون درجة",
          "ستون درجة",
          "خمسون درجة"
        ],
        "h": "المتتامتان مجموعهما 90°."
      }
    ],
    "د": [],
    "ذ": [],
    "ر": [],
    "ز": [],
    "س": [
      {
        "q": "إذا كان مجموع زاويتين في مثلث يساوي 110°، فكم الزاوية الثالثة؟",
        "a": "سبعون درجة",
        "o": [
          "سبعون درجة",
          "ثمانون درجة",
          "ستون درجة",
          "خمسون درجة"
        ],
        "h": "مجموع زوايا المثلث 180°."
      }
    ],
    "ش": [],
    "ص": [],
    "ض": [],
    "ط": [
      {
        "q": "أي الجمل التالية صحيحة نحويًا؟",
        "a": "الطلابُ مجتهدون",
        "o": [
          "الطلابُ مجتهدون",
          "الطلابَ مجتهدون",
          "الطلابِ مجتهدون",
          "الطلابُ مجتهدين"
        ],
        "h": "مبتدأ مرفوع وخبر مرفوع."
      }
    ],
    "ظ": [],
    "ع": [],
    "غ": [],
    "ف": [],
    "ق": [],
    "ك": [],
    "ل": [],
    "م": []
  },
  "hard": {
    "أ": [
      {
        "q": "حل: (x+1)(x-1)=0",
        "a": "واحد أو سالب واحد",
        "o": [
          "واحد أو سالب واحد",
          "صفر فقط",
          "اثنان",
          "سالب اثنان"
        ],
        "h": "حلول العوامل."
      }
    ],
    "ب": [],
    "ت": [
      {
        "q": "إذا كان x + 2 = 7، فما قيمة 2x - 3؟",
        "a": "تسعة",
        "o": [
          "تسعة",
          "سبعة",
          "خمسة",
          "أحد عشر"
        ],
        "h": "x=5 ⇒ 2x-3=7."
      }
    ],
    "ث": [
      {
        "q": "نسبة 3:5 تساوي أي كسر؟",
        "a": "ثلاثة أخماس",
        "o": [
          "ثلاثة أخماس",
          "خمسان",
          "ثلاثة أرباع",
          "خمسة أثلاث"
        ],
        "h": "3/5."
      },
      {
        "q": "حل: 2(x-3)=10",
        "a": "ثمانية",
        "o": [
          "ثمانية",
          "سبعة",
          "خمسة",
          "عشرة"
        ],
        "h": "x-3=5 ⇒ x=8."
      }
    ],
    "ج": [],
    "ح": [],
    "خ": [],
    "د": [],
    "ذ": [],
    "ر": [],
    "ز": [],
    "س": [
      {
        "q": "في دائرة: زاوية مركزية تقابل قوسًا قياسه 120°، فما قياس الزاوية المحيطية المقابلة لنفس القوس؟",
        "a": "ستون درجة",
        "o": [
          "ستون درجة",
          "مئة وعشرون درجة",
          "أربعون درجة",
          "تسعون درجة"
        ],
        "h": "المحيطية نصف المركزية."
      },
      {
        "q": "إذا كان متوسط ثلاثة أعداد 12 ومجموع عددين منها 20، فما العدد الثالث؟",
        "a": "ستة عشر",
        "o": [
          "ستة عشر",
          "أربعة عشر",
          "اثنا عشر",
          "ثمانية عشر"
        ],
        "h": "مجموع الثلاثة = 36 ⇒ الثالث = 16."
      },
      {
        "q": "إذا كان 2x + 3 = 17، فما x؟",
        "a": "سبعة",
        "o": [
          "سبعة",
          "ثمانية",
          "ستة",
          "خمسة"
        ],
        "h": "2x=14 ⇒ x=7."
      },
      {
        "q": "إذا كان مجموع قياسين زاويتين متجاورتين على خط مستقيم 180° وكانت إحداهما 120°، فالأخرى:",
        "a": "ستون درجة",
        "o": [
          "ستون درجة",
          "خمسون درجة",
          "سبعون درجة",
          "ثمانون درجة"
        ],
        "h": "زاويتان متكاملتان."
      }
    ],
    "ش": [],
    "ص": [],
    "ض": [],
    "ط": [],
    "ظ": [],
    "ع": [
      {
        "q": "إذا كان احتمال نجاح طالب في سؤال = 0.8، فما احتمال فشله؟",
        "a": "عشرون بالمئة",
        "o": [
          "عشرون بالمئة",
          "ثمانون بالمئة",
          "ستون بالمئة",
          "عشرة بالمئة"
        ],
        "h": "1-0.8=0.2."
      },
      {
        "q": "إذا كان متوسط 4 أعداد هو 15 ومجموع ثلاثة منها 40، فما الرابع؟",
        "a": "عشرون",
        "o": [
          "عشرون",
          "خمسة عشر",
          "عشرة",
          "خمسة وعشرون"
        ],
        "h": "مجموع الأربعة=60 ⇒ الرابع=20."
      }
    ],
    "غ": [],
    "ف": [],
    "ق": [],
    "ك": [],
    "ل": [],
    "م": []
  }
}