{
  "type": "exams",
  "sub": "qudrat_uni",
  "easy": {
    "أ": [
      {
        "q": "اختر المرادف الأقرب لـ «سائغ»:",
        "a": "نافع",
        "o": [
          "نافع",
          "ضار",
          "نادر",
          "غامض"
        ],
        "h": "سائغ = مقبول/نافع في السياق."
      },
      {
        "q": "أي مما يلي يصف الكمية المتجهة؟",
        "a": "الإزاحة",
        "o": [
          "الإزاحة",
          "الزمن",
          "الكتلة",
          "الطاقة"
        ],
        "h": "لها مقدار واتجاه."
      }
    ],
    "ب": [],
    "ت": [
      {
        "q": "ما اسم عملية فصل مخاليط السوائل اعتمادًا على اختلاف درجات الغليان؟",
        "a": "التقطير",
        "o": [
          "التقطير",
          "الترشيح",
          "التبلور",
          "التسامي"
        ],
        "h": "فصل بالحرارة والتكثيف."
      }
    ],
    "ث": [],
    "ج": [],
    "ح": [
      {
        "q": "أي الكلمات التالية أقرب معنى لـ «الموضوعية»؟",
        "a": "الحياد",
        "o": [
          "الحياد",
          "التعصب",
          "التهور",
          "الانفعال"
        ],
        "h": "الموضوعية تعني الحياد."
      },
      {
        "q": "اختر ضد كلمة «محاباة»:",
        "a": "حياد",
        "o": [
          "حياد",
          "ميل",
          "تفضيل",
          "مجاملة"
        ],
        "h": "محاباة = ميل لطرف."
      }
    ],
    "خ": [
      {
        "q": "إذا كان لديك 2.5 مول من CaCl2، فكم مول من أيونات الكلوريد (Cl-) ينتج؟",
        "a": "خمسة مولات",
        "o": [
          "خمسة مولات",
          "مولان",
          "أربعة مولات",
          "مول واحد"
        ],
        "h": "كل مول CaCl2 يعطي 2 مول Cl-."
      }
    ],
    "د": [],
    "ذ": [],
    "ر": [],
    "ز": [],
    "س": [],
    "ش": [],
    "ص": [],
    "ض": [],
    "ط": [],
    "ظ": [],
    "ع": [
      {
        "q": "ضد كلمة «امتناع»:",
        "a": "عطاء",
        "o": [
          "عطاء",
          "منع",
          "ترك",
          "حيرة"
        ],
        "h": "امتناع = منع، ضده عطاء/إعطاء."
      }
    ],
    "غ": [],
    "ف": [],
    "ق": [],
    "ك": [],
    "ل": [
      {
        "q": "أي من التالي يصف الفيروسات بدقة؟",
        "a": "لها خصائص حية وغير حية",
        "o": [
          "لها خصائص حية وغير حية",
          "كائنات متعددة الخلايا",
          "تصنع غذاءها بنفسها",
          "تتكون من جدار خلوي"
        ],
        "h": "الفيروسات تتكاثر فقط داخل خلايا حية."
      }
    ],
    "م": []
  },
  "medium": {
    "أ": [
      {
        "q": "عند زيادة درجة الحرارة لتفاعل ماص للحرارة في حالة اتزان، ماذا يحدث لتركيز النواتج؟",
        "a": "يزداد",
        "o": [
          "يزداد",
          "ينقص",
          "يبقى ثابتًا",
          "يتحول كله إلى متفاعلات"
        ],
        "h": "المتفاعل الماص يميل لتكوين نواتج عند التسخين."
      },
      {
        "q": "في إحصاء بسيط: إذا كان الوسيط لمجموعة من 5 قيم هو 10، فأي عبارة صحيحة؟",
        "a": "هناك قيمتان على الأقل ≤ 10",
        "o": [
          "هناك قيمتان على الأقل ≤ 10",
          "كل القيم = 10",
          "لا توجد قيم أقل من 10",
          "المتوسط بالضرورة = 10"
        ],
        "h": "الوسيط هو القيمة الثالثة بعد الترتيب."
      },
      {
        "q": "أي عبارة أدق: عندما تتغير السرعة المتجهة لجسم؟",
        "a": "يكون الجسم في حالة تسارع",
        "o": [
          "يكون الجسم في حالة تسارع",
          "لا توجد علاقة",
          "التسارع يعني ثبات السرعة",
          "التسارع فقط إذا زادت السرعة"
        ],
        "h": "تغير المقدار أو الاتجاه يعني تسارع."
      },
      {
        "q": "في المتتابعة الحسابية إذا كان الحد الأول a والفرق d، فما الحد الثاني؟",
        "a": "a + d",
        "o": [
          "a + d",
          "a - d",
          "a × d",
          "a ÷ d"
        ],
        "h": "تعريف المتتابعة الحسابية."
      }
    ],
    "ب": [],
    "ت": [
      {
        "q": "إذا كانت الدالة لها ثلاثة أصفار حقيقية، فماذا يعني ذلك؟",
        "a": "تقطع محور السينات ثلاث مرات",
        "o": [
          "تقطع محور السينات ثلاث مرات",
          "تقطع محور الصادات ثلاث مرات",
          "ليس لها جذور",
          "لها قمة واحدة فقط"
        ],
        "h": "الأصفار الحقيقية حلول f(x)=0."
      }
    ],
    "ث": [],
    "ج": [],
    "ح": [],
    "خ": [
      {
        "q": "إذا كان 3x - 15 = 0، فما قيمة x؟",
        "a": "خمسة",
        "o": [
          "خمسة",
          "ثلاثة",
          "عشرة",
          "صفر"
        ],
        "h": "3x=15 ⇒ x=5."
      }
    ],
    "د": [],
    "ذ": [],
    "ر": [],
    "ز": [],
    "س": [],
    "ش": [],
    "ص": [],
    "ض": [],
    "ط": [],
    "ظ": [],
    "ع": [],
    "غ": [],
    "ف": [],
    "ق": [
      {
        "q": "إذا كانت 6n تعني ستة أضعاف العدد n من الكروموسومات، فأي مثال شائع على 6n؟",
        "a": "قصب السكر",
        "o": [
          "قصب السكر",
          "الفراولة",
          "القهوة",
          "القمح"
        ],
        "h": "أمثلة متعددة الصيغ الصبغية (تبسيط)."
      }
    ],
    "ك": [],
    "ل": [],
    "م": [
      {
        "q": "إذا كان مجموع قراءتي ميزانين يساوي 20 نيوتن، فماذا يمثل ذلك في النظام؟",
        "a": "مجموع الأوزان المعلقة",
        "o": [
          "مجموع الأوزان المعلقة",
          "وزن ميزان واحد فقط",
          "قوة الاحتكاك",
          "كتلة الجسم الأكبر"
        ],
        "h": "الميزان يقيس القوة (الوزن)."
      }
    ]
  },
  "hard": {
    "أ": [
      {
        "q": "إذا كانت مجموعة شروط: x ≤ 5، y ≥ 0، y - x ≥ 0. أي نقطة تحققها؟",
        "a": "نقطة (صفر، صفر)",
        "o": [
          "نقطة (صفر، صفر)",
          "نقطة (خمسة، سالب واحد)",
          "نقطة (ستة، واحد)",
          "نقطة (واحد، سالب واحد)"
        ],
        "h": "تحقق: 0≤5 و0≥0 و0-0≥0."
      }
    ],
    "ب": [],
    "ت": [],
    "ث": [],
    "ج": [
      {
        "q": "في معادلة تربيعية: إذا كان المميز سالبًا، فما طبيعة الجذور؟",
        "a": "جذور مركبة",
        "o": [
          "جذور مركبة",
          "جذر حقيقي واحد",
          "جذران حقيقيان",
          "جذران حقيقيان نسبيان"
        ],
        "h": "المميز < 0 ⇒ لا جذور حقيقية."
      }
    ],
    "ح": [],
    "خ": [],
    "د": [],
    "ذ": [],
    "ر": [
      {
        "q": "إذا كان tan(θ) = sin(θ)/cos(θ) وكانت sin(θ) سالبة وcos(θ) موجبة، فأين تقع الزاوية غالبًا؟",
        "a": "الربع الرابع",
        "o": [
          "الربع الرابع",
          "الربع الأول",
          "الربع الثاني",
          "الربع الثالث"
        ],
        "h": "جيب سالب وجيب تمام موجب."
      }
    ],
    "ز": [],
    "س": [
      {
        "q": "إذا كانت قيمة (i²) تساوي:",
        "a": "سالب واحد",
        "o": [
          "سالب واحد",
          "واحد",
          "صفر",
          "تخيلي"
        ],
        "h": "i² = -1."
      }
    ],
    "ش": [],
    "ص": [],
    "ض": [],
    "ط": [],
    "ظ": [],
    "ع": [],
    "غ": [],
    "ف": [],
    "ق": [],
    "ك": [],
    "ل": [],
    "م": []
  }
}