{
  "type": "exams",
  "sub": "tahsili_secondary",
  "easy": {
    "أ": [
      {
        "q": "عند قذف جسم رأسياً لأعلى وإهمال مقاومة الهواء، ماذا يحدث لتسارع الجسم أثناء الصعود؟",
        "a": "يبقى ثابتًا نحو الأسفل",
        "o": [
          "يبقى ثابتًا نحو الأسفل",
          "يزداد نحو الأعلى",
          "يصبح صفرًا طوال الصعود",
          "يتغير اتجاهه مع السرعة"
        ],
        "h": "تسارع الجاذبية ثابت واتجاهه لأسفل."
      },
      {
        "q": "ما نوع السلوك عندما يتعلم الحيوان ربط فعلٍ ما بمكافأة أو عقاب؟",
        "a": "الإشراط الإجرائي",
        "o": [
          "الإشراط الإجرائي",
          "الإشراط الكلاسيكي",
          "التعود",
          "نمط أداء ثابت"
        ],
        "h": "يرتبط السلوك بنتيجته."
      },
      {
        "q": "ما وحدة قياس القدرة في النظام الدولي؟",
        "a": "واط",
        "o": [
          "واط",
          "جول",
          "نيوتن",
          "باسكال"
        ],
        "h": "القدرة = الشغل/الزمن."
      }
    ],
    "ب": [
      {
        "q": "أي مما يلي هرمون ينتج في المبيض؟",
        "a": "البروجسترون",
        "o": [
          "البروجسترون",
          "التيستوستيرون",
          "الثيروكسين",
          "الكورتيزون"
        ],
        "h": "هرمونات المبيض."
      }
    ],
    "ت": [
      {
        "q": "قوة الترابط بين جسيمات مادتين مختلفتين تُسمى:",
        "a": "التلاصق",
        "o": [
          "التلاصق",
          "التماسك",
          "قوة الطفو",
          "قوة كوريوليس"
        ],
        "h": "التلاصق بين مواد مختلفة."
      }
    ],
    "ث": [
      {
        "q": "في تفاعل احتراق كامل للهيدروكربونات، ما النواتج الأساسية؟",
        "a": "ثاني أكسيد الكربون والماء",
        "o": [
          "ثاني أكسيد الكربون والماء",
          "أول أكسيد الكربون فقط",
          "الأكسجين فقط",
          "الهيدروجين فقط"
        ],
        "h": "احتراق كامل يعطي CO2 و H2O."
      }
    ],
    "ج": [
      {
        "q": "أي مما يلي لا يوجد في اليوجلينا؟",
        "a": "جدار خلوي",
        "o": [
          "جدار خلوي",
          "ميتوكندريا",
          "سيتوبلازم",
          "قشيرة"
        ],
        "h": "اليوجلينا لها قشيرة بدل الجدار الخلوي."
      }
    ],
    "ح": [
      {
        "q": "أي من التالي يصف نوع الخلية التي لا تملك جدارًا خلويًا؟",
        "a": "حيوانية",
        "o": [
          "حيوانية",
          "نباتية",
          "فطرية",
          "بكتيرية"
        ],
        "h": "الخلايا الحيوانية بلا جدار خلوي."
      }
    ],
    "خ": [],
    "د": [],
    "ذ": [],
    "ر": [],
    "ز": [
      {
        "q": "أي مما يلي يُعد كمية قياسية؟",
        "a": "الزمن",
        "o": [
          "الزمن",
          "الإزاحة",
          "التسارع",
          "القوة"
        ],
        "h": "الكمية القياسية لها مقدار فقط دون اتجاه."
      }
    ],
    "س": [],
    "ش": [],
    "ص": [],
    "ض": [],
    "ط": [],
    "ظ": [],
    "ع": [],
    "غ": [],
    "ف": [],
    "ق": [],
    "ك": [
      {
        "q": "في الكيمياء: ما المجموعة الوظيفية للألدهيدات والكيتونات؟",
        "a": "الكربونيل",
        "o": [
          "الكربونيل",
          "الإستر",
          "الأميد",
          "الكربوكسيل"
        ],
        "h": "C=O هي مجموعة الكربونيل."
      }
    ],
    "ل": [],
    "م": [
      {
        "q": "أي العضيات مسؤولة أساسًا عن إنتاج الطاقة (ATP) في الخلية؟",
        "a": "الميتوكندريا",
        "o": [
          "الميتوكندريا",
          "جهاز جولجي",
          "الريبوسومات",
          "النواة"
        ],
        "h": "الميتوكندريا هي مصنع الطاقة."
      }
    ]
  },
  "medium": {
    "أ": [
      {
        "q": "تفاعل A + BX → AX + B هو مثال على:",
        "a": "إحلال بسيط",
        "o": [
          "إحلال بسيط",
          "إحلال مزدوج",
          "تفكك",
          "تكوين"
        ],
        "h": "عنصر يحل محل آخر."
      }
    ],
    "ب": [],
    "ت": [
      {
        "q": "أي مما يلي يسبب عدم امتصاص أيونات الكلوريد في بعض الحالات الوراثية؟",
        "a": "التليف الكيسي",
        "o": [
          "التليف الكيسي",
          "المهاق",
          "متلازمة داون",
          "جلاكتسيميا"
        ],
        "h": "خلل قنوات الكلوريد CFTR."
      },
      {
        "q": "أي مما يلي يُعد مثالًا على إحلال بسيط؟",
        "a": "تفاعل فلز مع حمض",
        "o": [
          "تفاعل فلز مع حمض",
          "احتراق الميثان",
          "تحلل كربونات",
          "تعادل حمض وقاعدة"
        ],
        "h": "الإحلال البسيط: عنصر يحل محل آخر في مركب."
      }
    ],
    "ث": [],
    "ج": [
      {
        "q": "إذا كان ضغط الدم يُقاس عند الطبيب، فهو يقيس ضغط الدم على:",
        "a": "جدران الأوعية الدموية",
        "o": [
          "جدران الأوعية الدموية",
          "داخل القلب فقط",
          "عضلات الشرايين",
          "سرعة تدفق الدم"
        ],
        "h": "قياس الضغط الشرياني."
      }
    ],
    "ح": [],
    "خ": [
      {
        "q": "عند قطع إزاحة زاوية مقدارها 3π راديان، كم تعادل بالدرجات؟",
        "a": "خمس مئة وأربعون درجة",
        "o": [
          "خمس مئة وأربعون درجة",
          "مئة وثمانون درجة",
          "ستون درجة",
          "ثلاث مئة وستون درجة"
        ],
        "h": "3π راديان = 3×180=540°."
      }
    ],
    "د": [],
    "ذ": [],
    "ر": [],
    "ز": [],
    "س": [
      {
        "q": "إذا كانت cos(θ)=2/7 في الربع الرابع، فأي إشارة لـ tan(θ)؟",
        "a": "سالبة",
        "o": [
          "سالبة",
          "موجبة",
          "صفر",
          "لا يمكن تحديدها"
        ],
        "h": "في الربع الرابع: جيب سالب وجيب تمام موجب ⇒ تان سالب."
      },
      {
        "q": "إذا كان مقدار الطاقة 24.5 جول والزمن 3.5 ثوانٍ، فما القدرة؟",
        "a": "سبعة واط",
        "o": [
          "سبعة واط",
          "أربعة وعشرون واط",
          "واحد وعشرون واط",
          "سبعون واط"
        ],
        "h": "القدرة = 24.5/3.5 = 7."
      }
    ],
    "ش": [],
    "ص": [],
    "ض": [],
    "ط": [],
    "ظ": [],
    "ع": [],
    "غ": [],
    "ف": [],
    "ق": [],
    "ك": [],
    "ل": [],
    "م": [
      {
        "q": "إذا كان العزم 60 نيوتن·متر وذراع القوة 0.6 م، فما مقدار القوة؟",
        "a": "مئة نيوتن",
        "o": [
          "مئة نيوتن",
          "عشرة نيوتن",
          "عشرون نيوتن",
          "ستون نيوتن"
        ],
        "h": "القوة = العزم ÷ ذراع القوة = 60÷0.6=100."
      },
      {
        "q": "أي من الحالات التالية أكثر استقرارًا للكربون عند ضغط وحرارة مرتفعين؟",
        "a": "الماس",
        "o": [
          "الماس",
          "الجرافيت",
          "الزمرد",
          "الرخام"
        ],
        "h": "الماس أكثر استقرارًا تحت ضغط عالٍ."
      }
    ]
  },
  "hard": {
    "أ": [
      {
        "q": "إذا كان الجسم يتحرك بسرعة ثابتة في دائرة، فما الذي يتغير دائمًا؟",
        "a": "اتجاه السرعة",
        "o": [
          "اتجاه السرعة",
          "مقدار السرعة",
          "كتلة الجسم",
          "الزمن"
        ],
        "h": "الحركة الدائرية تعني تغير الاتجاه."
      }
    ],
    "ب": [],
    "ت": [],
    "ث": [],
    "ج": [],
    "ح": [
      {
        "q": "ما قيمة تبخير 1 كجم من مادة من الحالة السائلة إلى الغاز تُسمى:",
        "a": "الحرارة الكامنة للتبخر",
        "o": [
          "الحرارة الكامنة للتبخر",
          "السعة الحرارية",
          "الحرارة الكامنة للانصهار",
          "الحرارة النوعية"
        ],
        "h": "تغير طور سائل→غاز."
      }
    ],
    "خ": [],
    "د": [],
    "ذ": [],
    "ر": [],
    "ز": [],
    "س": [
      {
        "q": "إذا كان للجذرين في المعادلة x² + bx + 9 = 0 جذر حقيقي مكرر، فما قيمة b؟",
        "a": "ستة",
        "o": [
          "ستة",
          "خمسة",
          "سبعة",
          "أربعة"
        ],
        "h": "لجذر مكرر: المميز = b²-36=0 ⇒ b=±6 (نأخذ 6 هنا)."
      },
      {
        "q": "إذا كانت قيمة الزاوية بالراديان تساوي π/3، فهي بالدرجات:",
        "a": "ستون درجة",
        "o": [
          "ستون درجة",
          "ثلاثون درجة",
          "تسعون درجة",
          "مئة وعشرون درجة"
        ],
        "h": "π راديان = 180°."
      }
    ],
    "ش": [],
    "ص": [],
    "ض": [],
    "ط": [],
    "ظ": [],
    "ع": [],
    "غ": [],
    "ف": [],
    "ق": [],
    "ك": [],
    "ل": [],
    "م": []
  }
}