{
  "type": "general",
  "sub": "culture_arts",
  "easy": [
    { "w": "رسم", "h": "فن تشكيلي بالألوان" },
    { "w": "نحت", "h": "تشكيل التماثيل من الصخر" },
    { "w": "لحن", "h": "نغم موسيقي" },
    { "w": "عود", "h": "آلة موسيقية شرقية وترية" },
    { "w": "ناي", "h": "آلة موسيقية هوائية (نفخ)" },
    { "w": "فلم", "h": "عمل سينمائي يعرض على الشاشة" },
    { "w": "طبخ", "h": "فن إعداد الطعام" },
    { "w": "لون", "h": "مثل الأحمر والأزرق" },
    { "w": "شعر", "h": "كلام موزون ومقفى" },
    { "w": "رقص", "h": "حركات جسدية متناغمة مع الموسيقى" },
    { "w": "مسرح", "h": "أبو الفنون (خشبة وجمهور)" },
    { "w": "صورة", "h": "لقطة فوتوغرافية أو مرسومة" },
    { "w": "متحف", "h": "مكان حفظ الآثار والتحف" },
    { "w": "تمثيل", "h": "تقمص الشخصيات في الدراما" },
    { "w": "طبل", "h": "آلة إيقاعية" }
  ],
  "medium": [
    { "w": "سينما", "h": "الفن السابع (عرض الأفلام)" },
    { "w": "موسيقى", "h": "لغة العالم الموحدة (أنغام)" },
    { "w": "لوحة", "h": "عمل فني داخل إطار" },
    { "w": "رواية", "h": "قصة طويلة مكتوبة" },
    { "w": "بيانو", "h": "آلة لها مفاتيح بيضاء وسوداء" },
    { "w": "جيتار", "h": "آلة وترية غربية (قيثارة)" },
    { "w": "كمان", "h": "آلة وترية تعزف بالقوس" },
    { "w": "أوبرا", "h": "مسرح غنائي يعتمد على الصوت القوي" },
    { "w": "دراما", "h": "نوع من التمثيل يركز على القصص الجادة" },
    { "w": "كوميديا", "h": "فن الإضحاك والفكاهة" },
    { "w": "أوسكار", "h": "أشهر جائزة سينمائية" },
    { "w": "مخرج", "h": "قائد العمل الفني والمسؤول عنه" },
    { "w": "ممثل", "h": "من يؤدي الدور أمام الكاميرا" },
    { "w": "بيتزا", "h": "أشهر أكلة إيطالية دائرية" },
    { "w": "سوشي", "h": "أكلة يابانية من السمك والأرز" }
  ],
  "hard": [
    { "w": "سيمفونية", "h": "مقطوعة موسيقية طويلة للأوركسترا" },
    { "w": "أوركسترا", "h": "فرقة موسيقية كبيرة جداً" },
    { "w": "موناليزا", "h": "أشهر لوحة لدافنشي" },
    { "w": "سريالية", "h": "مدرسة فنية فوق الواقع (دالي)" },
    { "w": "تجريدية", "h": "مدرسة فنية لا تمثل الواقع الملموس" },
    { "w": "تكعيبية", "h": "مدرسة فنية تعتمد الأشكال الهندسية (بيكاسو)" },
    { "w": "فولكلور", "h": "التراث الشعبي من فنون وعادات" },
    { "w": "سيناريو", "h": "النص المكتوب للفيلم أو المسلسل" },
    { "w": "مهرجان", "h": "احتفال فني كبير (مثل كان)" },
    { "w": "فلامنكو", "h": "رقصة وموسيقى إسبانية شهيرة" },
    { "w": "كرواسون", "h": "مخبوزات فرنسية على شكل هلال" },
    { "w": "جرافيتي", "h": "فن الرسم على الجدران في الشوارع" },
    { "w": "فسيفساء", "h": "فن تشكيل الصور بقطع صغيرة ملونة" },
    { "w": "إتيكيت", "h": "فن الآداب والسلوك الراقي" },
    { "w": "كولاج", "h": "فن تجميع الخامات المختلفة في لوحة" }
  ]
}