{
  "type": "general",
  "sub": "history_society",
  "easy": [
    { "w": "آدم", "h": "أبو البشر وأول الأنبياء" },
    { "w": "حرب", "h": "نزاع مسلح بين دولتين" },
    { "w": "سيف", "h": "سلاح قديم يستخدم للقتال" },
    { "w": "ملك", "h": "حاكم يلبس التاج" },
    { "w": "هرم", "h": "مقبرة الفراعنة المثلثة" },
    { "w": "نيل", "h": "نهر قامت حوله حضارة مصر" },
    { "w": "قدس", "h": "مدينة الصلاة وأولى القبلتين" },
    { "w": "مكة", "h": "مهبط الوحي وقبلة المسلمين" },
    { "w": "بدر", "h": "أول غزوة كبرى في الإسلام" },
    { "w": "أحد", "h": "غزوة عند جبل يحبنا ونحبه" },
    { "w": "صلح", "h": "عكس الحرب (اتفاق سلام)" },
    { "w": "جيش", "h": "القوة العسكرية للدولة" },
    { "w": "علم", "h": "رمز الدولة (راية)" },
    { "w": "وطن", "h": "الأرض التي تنتمي إليها" },
    { "w": "ذهب", "h": "معدن ثمين سكت منه الدنانير" }
  ],
  "medium": [
    { "w": "فرعون", "h": "لقب حاكم مصر القديمة" },
    { "w": "خليفة", "h": "لقب حاكم المسلمين بعد النبي" },
    { "w": "سلطان", "h": "لقب حكام الدولة العثمانية" },
    { "w": "قيصر", "h": "لقب إمبراطور الروم" },
    { "w": "كسرى", "h": "لقب ملك الفرس" },
    { "w": "نجاشي", "h": "ملك الحبشة العادل" },
    { "w": "خندق", "h": "حفره المسلمون في غزوة الأحزاب" },
    { "w": "يرموك", "h": "معركة خالدة ضد الروم" },
    { "w": "قادسية", "h": "معركة خالدة ضد الفرس" },
    { "w": "أندلس", "h": "الفردوس المفقود في إسبانيا" },
    { "w": "مماليك", "h": "حكموا مصر وهزموا المغول" },
    { "w": "مغول", "h": "قبائل دمرت بغداد بقيادة هولاكو" },
    { "w": "دستور", "h": "القانون الأعلى للدولة" },
    { "w": "وزير", "h": "مساعد الحاكم ومستشاره" },
    { "w": "حصن", "h": "مبنى عسكري قوي للدفاع" }
  ],
  "hard": [
    { "w": "إمبراطور", "h": "حاكم لمجموعة دول وشعوب" },
    { "w": "ديمقراطية", "h": "حكم الشعب لنفسه" },
    { "w": "ديكتاتور", "h": "حاكم مستبد ينفرد بالسلطة" },
    { "w": "فينيقيين", "h": "تجار البحر ومخترعو الأبجدية" },
    { "w": "سومريين", "h": "أصحاب الكتابة المسمارية" },
    { "w": "حمورابي", "h": "ملك وضع أول قوانين مكتوبة" },
    { "w": "جالديران", "h": "معركة بين العثمانيين والصفويين" },
    { "w": "قرطاج", "h": "حضارة تونسية نافست روما" },
    { "w": "بيزنطة", "h": "الدولة الرومانية الشرقية" },
    { "w": "قسطنطينية", "h": "الاسم القديم لمدينة اسطنبول" },
    { "w": "فرساي", "h": "معاهدة أنهت الحرب العالمية الأولى" },
    { "w": "استعمار", "h": "سيطرة دولة قوية على ضعيفة" },
    { "w": "نهضة", "h": "عصر التطور الأوروبي بعد الظلام" },
    { "w": "هيروغليفية", "h": "كتابة مصرية قديمة بالصور" },
    { "w": "جلجامش", "h": "بطل أقدم ملحمة تاريخية" }
  ]
}