{
  "type": "general",
  "sub": "language_lit",
  "easy": [
    { "w": "شعر", "h": "كلام موزون مقفى" },
    { "w": "نثر", "h": "كلام مرسل غير موزون (مثل المقالات)" },
    { "w": "أدب", "h": "نتاج العقل من شعر ونثر" },
    { "w": "نحو", "h": "علم ضبط أواخر الكلمات (الإعراب)" },
    { "w": "صرف", "h": "علم بنية الكلمة وتصريفها" },
    { "w": "فعل", "h": "كلمة تدل على حدث وزمن" },
    { "w": "اسم", "h": "كلمة تدل على معنى غير مقترن بزمن" },
    { "w": "حرف", "h": "كلمة لا يظهر معناها إلا مع غيرها" },
    { "w": "قلم", "h": "أداة الكتابة" },
    { "w": "لغة", "h": "وسيلة التفاهم بين البشر" },
    { "w": "قصة", "h": "حكاية أحداث واقعية أو خيالية" },
    { "w": "مدح", "h": "غرض شعري لذكر المحاسن" },
    { "w": "ذم", "h": "غرض شعري لذكر المساوئ" },
    { "w": "وصف", "h": "تصوير الأشياء بالكلمات" },
    { "w": "رفع", "h": "حالة إعرابية علامتها الضمة" }
  ],
  "medium": [
    { "w": "قصيدة", "h": "مجموعة أبيات شعرية" },
    { "w": "رواية", "h": "قصة طويلة ومتشعبة الأحداث" },
    { "w": "خطابة", "h": "فن إلقاء الكلام للتأثير في الجمهور" },
    { "w": "بلاغة", "h": "مطابقة الكلام لمقتضى الحال" },
    { "w": "قافية", "h": "الحروف الأخيرة في بيت الشعر" },
    { "w": "إعراب", "h": "تغيير أواخر الكلمات لاختلاف العوامل" },
    { "w": "فاعل", "h": "من قام بالفعل (مرفوع دائماً)" },
    { "w": "مفعول", "h": "من وقع عليه الفعل (منصوب دائماً)" },
    { "w": "مبتدأ", "h": "الاسم الذي تبدأ به الجملة الاسمية" },
    { "w": "خبر", "h": "ما يكمل معنى المبتدأ" },
    { "w": "مسرح", "h": "فن تمثيل القصص على الخشبة" },
    { "w": "مقامة", "h": "قصة قصيرة مسجعة (فن عباسي)" },
    { "w": "خنساء", "h": "شاعرة اشتهرت بالرثاء" },
    { "w": "جاحظ", "h": "أديب عباسي مؤلف البخلاء" },
    { "w": "عروض", "h": "علم موازين الشعر (البحور)" }
  ],
  "hard": [
    { "w": "معلقات", "h": "أشهر قصائد الجاهلية (السبع الطوال)" },
    { "w": "سيبويه", "h": "إمام النحاة وصاحب 'الكتاب'" },
    { "w": "متنبي", "h": "مالئ الدنيا وشاغل الناس (شاعر)" },
    { "w": "فرزدق", "h": "شاعر أموي اشتهر بالنقائض" },
    { "w": "أخطل", "h": "شاعر أموي نصراني (ثالث النقائض)" },
    { "w": "أصمعي", "h": "راوية العرب وصاحب القصص" },
    { "w": "همذاني", "h": "مبتكر فن المقامات (بديع الزمان)" },
    { "w": "استعارة", "h": "تشبيه حذف أحد طرفيه" },
    { "w": "كناية", "h": "لفظ أطلق وأريد لازم معناه" },
    { "w": "تورية", "h": "كلمة لها معنيان (قريب وبعيد)" },
    { "w": "موشح", "h": "فن شعري غنائي نشأ في الأندلس" },
    { "w": "جاهلية", "h": "العصر الذي سبق الإسلام" },
    { "w": "عباسي", "h": "العصر الذهبي للأدب والعلوم" },
    { "w": "فراهيدي", "h": "مؤسس علم العروض (الخليل)" },
    { "w": "زمخشري", "h": "صاحب الكشاف (تفسير ولغة)" }
  ]
}