{
  "type": "general",
  "sub": "science_health",
  "easy": [
    { "w": "شمس", "h": "نجم يمد الأرض بالضوء والحرارة" },
    { "w": "قمر", "h": "جسم سماوي يدور حول الأرض" },
    { "w": "أرض", "h": "الكوكب الذي نعيش عليه" },
    { "w": "قلب", "h": "عضو يضخ الدم للجسم" },
    { "w": "دم", "h": "سائل أحمر ينقل الغذاء والأكسجين" },
    { "w": "عين", "h": "عضو الإبصار" },
    { "w": "أذن", "h": "عضو السمع والتوازن" },
    { "w": "أنف", "h": "عضو الشم" },
    { "w": "سن", "h": "يستخدم لمضغ الطعام" },
    { "w": "ماء", "h": "سائل ضروري للحياة (H2O)" },
    { "w": "غاز", "h": "حالة المادة مثل الهواء" },
    { "w": "نجم", "h": "جسم سماوي مضيء بذاته" },
    { "w": "مخ", "h": "مركز التفكير والتحكم" },
    { "w": "عظم", "h": "الهيكل الصلب للجسم" },
    { "w": "رئة", "h": "عضو التنفس" }
  ],
  "medium": [
    { "w": "معدة", "h": "تهضم الطعام" },
    { "w": "كبد", "h": "ينقي الدم من السموم" },
    { "w": "كلية", "h": "تصفي الدم وتخرج البول" },
    { "w": "مريخ", "h": "الكوكب الأحمر" },
    { "w": "زحل", "h": "الكوكب ذو الحلقات" },
    { "w": "عطارد", "h": "أقرب كوكب للشمس" },
    { "w": "ذرة", "h": "أصغر وحدة في العنصر" },
    { "w": "خلية", "h": "وحدة بناء الكائن الحي" },
    { "w": "ضوء", "h": "أسرع شيء في الكون" },
    { "w": "صوت", "h": "ينتج عن الاهتزاز ويحتاج وسطاً" },
    { "w": "طاقة", "h": "القدرة على بذل شغل" },
    { "w": "فضاء", "h": "الفراغ بين الكواكب والنجوم" },
    { "w": "عدسة", "h": "زجاجة منحنية تكسر الضوء" },
    { "w": "نبض", "h": "دقات القلب" },
    { "w": "عصب", "h": "ينقل الإشارات للمخ" }
  ],
  "hard": [
    { "w": "أكسجين", "h": "غاز التنفس والحياة" },
    { "w": "هيدروجين", "h": "أخف غاز في الكون" },
    { "w": "جاذبية", "h": "قوة تشدنا نحو الأرض" },
    { "w": "مجهر", "h": "جهاز لرؤية الكائنات الدقيقة" },
    { "w": "تلسكوب", "h": "جهاز لرؤية النجوم البعيدة" },
    { "w": "فيروس", "h": "كائن دقيق يسبب الأمراض" },
    { "w": "بكتيريا", "h": "كائنات دقيقة منها النافع والضار" },
    { "w": "لقاح", "h": "تطعيم للوقاية من الأمراض" },
    { "w": "مجرة", "h": "تجمعات هائلة من النجوم (درب التبانة)" },
    { "w": "بركان", "h": "فتحة في الأرض تخرج حمماً" },
    { "w": "زلزال", "h": "اهتزاز في قشرة الأرض" },
    { "w": "وراثة", "h": "انتقال الصفات من الآباء للأبناء" },
    { "w": "أوزون", "h": "طبقة تحمي الأرض من الأشعة الضارة" },
    { "w": "عنصر", "h": "مادة كيميائية نقية" },
    { "w": "أعصاب", "h": "شبكة الاتصالات في الجسم" }
  ]
}