{
  "type": "general",
  "sub": "tech_digital",
  "easy": [
    { "w": "حاسوب", "h": "جهاز إلكتروني يعالج البيانات" },
    { "w": "شاشة", "h": "جهاز العرض في الكمبيوتر" },
    { "w": "فأرة", "h": "أداة للتحكم بالمؤشر" },
    { "w": "ملف", "h": "يستخدم لحفظ البيانات والمستندات" },
    { "w": "زر", "h": "عنصر يتم الضغط عليه لتنفيذ أمر" },
    { "w": "نت", "h": "اسم مختصر للشبكة العالمية" },
    { "w": "نسخ", "h": "أمر لتكرار النص أو الملف" },
    { "w": "لصق", "h": "أمر لوضع ما تم نسخه" },
    { "w": "كود", "h": "تعليمات برمجية مكتوبة" },
    { "w": "بحث", "h": "محاولة إيجاد معلومة في جوجل" },
    { "w": "جوال", "h": "هاتف ذكي محمول" },
    { "w": "شاحن", "h": "يمد الأجهزة بالطاقة الكهربائية" },
    { "w": "صوت", "h": "ما يخرج من السماعات" },
    { "w": "صور", "h": "ملفات مرئية (مثل JPG)" },
    { "w": "لعبة", "h": "برنامج للترفيه والتسلية" }
  ],
  "medium": [
    { "w": "معالج", "h": "عقل الحاسب (CPU)" },
    { "w": "ذاكرة", "h": "تخزن البيانات مؤقتاً (RAM)" },
    { "w": "خادم", "h": "حاسوب قوي يقدم خدمات للشبكة" },
    { "w": "شبكة", "h": "مجموعة أجهزة متصلة ببعضها" },
    { "w": "فيروس", "h": "برنامج خبيث يضر الجهاز" },
    { "w": "موقع", "h": "صفحة أو أكثر على الإنترنت" },
    { "w": "بريد", "h": "رسائل إلكترونية (Email)" },
    { "w": "رابط", "h": "ينقلك من صفحة لأخرى" },
    { "w": "مودم", "h": "جهاز الاتصال بمزود الإنترنت" },
    { "w": "نظام", "h": "برمجية تشغل الجهاز (مثل ويندوز)" },
    { "w": "تطبيق", "h": "برنامج يعمل على الهواتف" },
    { "w": "سحابة", "h": "تخزين الملفات عبر الإنترنت" },
    { "w": "قرص", "h": "وحدة تخزين دائرية الشكل قديماً" },
    { "w": "رقمي", "h": "عكس التناظري (يعتمد على 0 و 1)" },
    { "w": "تقنية", "h": "التكنولوجيا الحديثة" }
  ],
  "hard": [
    { "w": "خوارزمية", "h": "خطوات منطقية لحل مشكلة" },
    { "w": "تشفير", "h": "حماية البيانات بتحويلها لرموز" },
    { "w": "برمجة", "h": "عملية كتابة الأكواد والتطبيقات" },
    { "w": "قرصنة", "h": "اختراق الأنظمة وسرقة البيانات" },
    { "w": "استضافة", "h": "مكان حفظ ملفات الموقع ليعمل" },
    { "w": "نطاق", "h": "اسم الموقع (Domain)" },
    { "w": "بيانات", "h": "المعلومات الخام قبل المعالجة" },
    { "w": "ذكاء", "h": "قدرة الآلة على المحاكاة (اصطناعي)" },
    { "w": "روبوت", "h": "آلة ميكانيكية مبرمجة" },
    { "w": "منصة", "h": "بيئة عمل برمجية أو موقع تفاعلي" },
    { "w": "ثنائي", "h": "نظام العد في الحاسوب (0-1)" },
    { "w": "متصفح", "h": "برنامج لعرض صفحات الويب" },
    { "w": "افتراضي", "h": "بيئة غير حقيقية (Virtual)" },
    { "w": "سيبراني", "h": "متعلق بأمن المعلومات والفضاء الرقمي" },
    { "w": "بلوتوث", "h": "تقنية اتصال لاسلكي للمسافات القصيرة" }
  ]
}