{
  "type": "geo",
  "sub": "country_stats",
  "easy": {
    "أ": [
      {
        "q": "لغة رسمية في بريطانيا وأمريكا تبدأ بحرف الألف (الـ)؟",
        "a": "إنجليزية",
        "o": ["إنجليزية", "إسبانية", "ألمانية", "إيطالية"],
        "h": "لغة العالم الأولى"
      },
      {
        "q": "لغة رسمية في ألمانيا والنمسا تبدأ بحرف الألف (الـ)؟",
        "a": "ألمانية",
        "o": ["ألمانية", "ألبانية", "أرمنية", "أمهرية"],
        "h": "لغة صعبة القواعد"
      }
    ],
    "د": [
      {
        "q": "عملة الولايات المتحدة الأمريكية تبدأ بحرف الدال؟",
        "a": "دولار",
        "o": ["دولار", "دينار", "درهم", "دونغ"],
        "h": "العملة الخضراء"
      },
      {
        "q": "عملة الكويت (الأغلى في العالم) تبدأ بحرف الدال؟",
        "a": "دينار",
        "o": ["دينار", "درهم", "دولار", "دونغ"],
        "h": "تساوي أكثر من 3 دولارات"
      },
      {
        "q": "عملة الإمارات العربية المتحدة تبدأ بحرف الدال؟",
        "a": "درهم",
        "o": ["درهم", "دينار", "دولار", "درام"],
        "h": "فئاته تشمل الفلس"
      }
    ],
    "ر": [
      {
        "q": "أكبر دولة في العالم من حيث المساحة تبدأ بحرف الراء؟",
        "a": "روسيا",
        "o": ["روسيا", "رومانيا", "رواندا", "رادس"],
        "h": "عاصمتها موسكو"
      },
      {
        "q": "عملة المملكة العربية السعودية تبدأ بحرف الراء؟",
        "a": "ريال",
        "o": ["ريال", "روبل", "روبية", "راند"],
        "h": "مربوط بالدولار"
      },
      {
        "q": "عملة الهند تبدأ بحرف الراء؟",
        "a": "روبية",
        "o": ["روبية", "روبل", "ريال", "رينغيت"],
        "h": "يستخدمها أكثر من مليار شخص"
      }
    ],
    "ص": [
      {
        "q": "الدولة التي تملك أكبر عدد سكان (تتنافس مع الهند) تبدأ بحرف الصاد (الـ)؟",
        "a": "صين",
        "o": ["صين", "صربيا", "صومال", "صحراء"],
        "h": "التنين الآسيوي"
      }
    ],
    "ف": [
      {
        "q": "أصغر دولة في العالم مساحة تبدأ بحرف الفاء (الـ)؟",
        "a": "فاتيكان",
        "o": ["فاتيكان", "فلبين", "فنلندا", "فنزويلا"],
        "h": "مقر البابا"
      },
      {
        "q": "عملة سويسرا القوية تبدأ بحرف الفاء؟",
        "a": "فرنك",
        "o": ["فرنك", "فلس", "فورنت", "فلورين"],
        "h": "ملاذ آمن للمستثمرين"
      }
    ],
    "ك": [
      {
        "q": "ثاني أكبر دولة في العالم مساحة تبدأ بحرف الكاف؟",
        "a": "كندا",
        "o": ["كندا", "كوبا", "كولومبيا", "كاميرون"],
        "h": "تقع في أمريكا الشمالية"
      }
    ],
    "ل": [
      {
        "q": "عملة تركيا تبدأ بحرف اللام؟",
        "a": "ليرة",
        "o": ["ليرة", "ليك", "ليو", "لاري"],
        "h": "كانت تستخدم في إيطاليا قديماً أيضاً"
      }
    ],
    "م": [
      {
        "q": "أكبر دولة عربية من حيث السكان تبدأ بحرف الميم؟",
        "a": "مصر",
        "o": ["مصر", "مغرب", "موريتانيا", "مالي"],
        "h": "أم الدنيا"
      }
    ],
    "ي": [
      {
        "q": "عملة اليابان تبدأ بحرف الياء؟",
        "a": "ين",
        "o": ["ين", "يوان", "يورو", "يمني"],
        "h": "عملة قوية في آسيا"
      },
      {
        "q": "عملة الاتحاد الأوروبي تبدأ بحرف الياء؟",
        "a": "يورو",
        "o": ["يورو", "ين", "يوان", "يوغسلافي"],
        "h": "عملة موحدة لعدة دول"
      }
    ]
  },


  "medium": {
    "إ": [
      {
        "q": "أكبر دولة إسلامية من حيث السكان تبدأ بحرف الألف (إ)؟",
        "a": "إندونيسيا",
        "o": ["إندونيسيا", "إيران", "إيطاليا", "إسبانيا"],
        "h": "أرخبيل ضخم"
      },
      {
        "q": "لغة البرازيل الرسمية تبدأ بحرف الباء؟",
        "a": "برتغالية",
        "o": ["برتغالية", "بولندية", "بلغارية", "بوسنية"],
        "h": "بسبب الاستعمار البرتغالي"
      }
    ],
    "ب": [
      {
        "q": "عملة تايلاند تبدأ بحرف الباء؟",
        "a": "بات",
        "o": ["بات", "بيزو", "بوليفار", "بير"],
        "h": "عملة سياحية مشهورة"
      },
      {
        "q": "عملة المكسيك والفلبين تبدأ بحرف الباء؟",
        "a": "بيزو",
        "o": ["بيزو", "باوند", "بولا", "بات"],
        "h": "رمزها يشبه الدولار"
      }
    ],
    "ج": [
      {
        "q": "عملة بريطانيا ومصر تبدأ بحرف الجيم؟",
        "a": "جنيه",
        "o": ["جنيه", "جنية", "جالون", "جبرلتار"],
        "h": "الإسترليني والمصري"
      }
    ],
    "ر": [
      {
        "q": "عملة روسيا تبدأ بحرف الراء؟",
        "a": "روبل",
        "o": ["روبل", "ريال", "روبية", "راند"],
        "h": "عملة الدب الروسي"
      },
      {
        "q": "عملة ماليزيا تبدأ بحرف الراء؟",
        "a": "رينغيت",
        "o": ["رينغيت", "روبية", "راند", "ريال"],
        "h": "ملونة وبلاستيكية"
      }
    ],
    "ك": [
      {
        "q": "عملة السويد والنرويج تبدأ بحرف الكاف؟",
        "a": "كرونة",
        "o": ["كرونة", "كينا", "كواشا", "كيب"],
        "h": "تعني التاج"
      }
    ],
    "ن": [
      {
        "q": "عملة نيجيريا تبدأ بحرف النون؟",
        "a": "نايرا",
        "o": ["نايرا", "نغولترم", "ناكفا", "نيو"],
        "h": "أكبر اقتصاد في أفريقيا"
      }
    ],
    "هـ": [
      {
        "q": "لغة باكستان الرسمية (تشبه الهندية) تبدأ بحرف الألف؟",
        "a": "أردية",
        "o": ["أردية", "ألمانية", "أمهرية", "ألبانية"],
        "h": "تكتب بالحروف العربية"
      }
    ],
    "و": [
      {
        "q": "عملة كوريا الجنوبية تبدأ بحرف الواو؟",
        "a": "وون",
        "o": ["وون", "واط", "ويست", "وورو"],
        "h": "عملة النمر الآسيوي"
      }
    ]
  },


  "hard": {
    "أ": [
      {
        "q": "لغة إثيوبيا الرسمية تبدأ بحرف الألف؟",
        "a": "أمهرية",
        "o": ["أمهرية", "ألمانية", "أرمنية", "أذرية"],
        "h": "لغة سامية قديمة"
      }
    ],
    "ب": [
      {
        "q": "عملة فنزويلا (المنهادة) تبدأ بحرف الباء؟",
        "a": "بوليفار",
        "o": ["بوليفار", "بيزو", "بات", "بير"],
        "h": "سميت نسبة للمحرر سيمون بوليفار"
      },
      {
        "q": "عملة إثيوبيا تبدأ بحرف الباء؟",
        "a": "بير",
        "o": ["بير", "بيزو", "بات", "بولا"],
        "h": "عملة القرن الأفريقي"
      }
    ],
    "ت": [
      {
        "q": "عملة بنغلاديش تبدأ بحرف التاء؟",
        "a": "تاكا",
        "o": ["تاكا", "تومان", "تينغ", "تولار"],
        "h": "دولة مكتظة بالسكان"
      },
      {
        "q": "عملة كازاخستان تبدأ بحرف التاء؟",
        "a": "تينغ",
        "o": ["تينغ", "تاكا", "تومان", "تايلاندي"],
        "h": "دولة في وسط آسيا"
      }
    ],
    "د": [
      {
        "q": "عملة فيتنام (قليلة القيمة) تبدأ بحرف الدال؟",
        "a": "دونغ",
        "o": ["دونغ", "دولار", "دينار", "درهم"],
        "h": "بالملايين"
      }
    ],
    "ز": [
      {
        "q": "عملة بولندا تبدأ بحرف الزاي؟",
        "a": "زلوتي",
        "o": ["زلوتي", "زائير", "زار", "زول"],
        "h": "تعني الذهبي"
      }
    ],
    "ش": [
      {
        "q": "عملة إسرائيل تبدأ بحرف الشين؟",
        "a": "شيكل",
        "o": ["شيكل", "شلن", "شilling", "شامي"],
        "h": "عملة حديثة"
      },
      {
        "q": "عملة كينيا والنمسا (سابقاً) تبدأ بحرف الشين؟",
        "a": "شلن",
        "o": ["شلن", "شيكل", "شيلي", "شيك"],
        "h": "استخدام بريطاني سابق"
      }
    ],
    "ف": [
      {
        "q": "عملة المجر (هنغاريا) تبدأ بحرف الفاء؟",
        "a": "فورنت",
        "o": ["فورنت", "فرنك", "فلس", "فيتنامي"],
        "h": "لم تعتمد اليورو بعد"
      }
    ],
    "ك": [
      {
        "q": "لغة كمبوديا الرسمية تبدأ بحرف الخاء (نطقاً) أو الكاف؟",
        "a": "خميرية",
        "o": ["خميرية", "كورية", "كردية", "كازاخية"],
        "h": "لغة الخمير الحمر"
      }
    ],
    "ل": [
      {
        "q": "عملة جورجيا تبدأ بحرف اللام؟",
        "a": "لاري",
        "o": ["لاري", "ليرة", "ليك", "ليو"],
        "h": "في منطقة القوقاز"
      },
      {
        "q": "عملة ألبانيا تبدأ بحرف اللام؟",
        "a": "ليك",
        "o": ["ليك", "ليرة", "لاري", "ليو"],
        "h": "دولة في البلقان"
      }
    ]
  }
}