{
  "type": "geo",
  "sub": "countries_cities",
  "easy": {
    "أ": [
      {
        "q": "دولة صناعية كبرى في أوروبا تبدأ بحرف الألف؟",
        "a": "ألمانيا",
        "o": ["ألمانيا", "ألبانيا", "أندورا", "أرمينيا"],
        "h": "تشتهر بصناعة السيارات الفاخرة"
      },
      {
        "q": "قارة توجد بها دولة الفراعنة تبدأ بحرف الألف؟",
        "a": "أفريقيا",
        "o": ["أفريقيا", "آسيا", "أوروبا", "أستراليا"],
        "h": "القارة السمراء"
      },
      {
        "q": "دولة تقع في قارة أوقيانوسيا تبدأ بحرف الألف؟",
        "a": "أستراليا",
        "o": ["أستراليا", "أندونيسيا", "أفغانستان", "أيرلندا"],
        "h": "موطن الكنغر"
      },
      {
        "q": "دولة شقيقة عاصمتها عمان تبدأ بحرف الألف؟",
        "a": "الأردن",
        "o": ["الأردن", "الأرجنتين", "الإمارات", "الأوروغواي"],
        "h": "بها مدينة البتراء"
      }
    ],
    "ب": [
      {
        "q": "عاصمة فرنسا وعاصمة الموضة تبدأ بحرف الباء؟",
        "a": "باريس",
        "o": ["باريس", "برلين", "بروكسل", "بودابست"],
        "h": "بها برج إيفل"
      },
      {
        "q": "دولة في أمريكا الجنوبية تشتهر بكرة القدم تبدأ بحرف الباء؟",
        "a": "برازيل",
        "o": ["برازيل", "بوليفيا", "بيرو", "بنما"],
        "h": "تتحدث البرتغالية"
      },
      {
        "q": "عاصمة لبنان تبدأ بحرف الباء؟",
        "a": "بيروت",
        "o": ["بيروت", "بغداد", "برلين", "بانكوك"],
        "h": "تطل على البحر المتوسط"
      }
    ],
    "ت": [
      {
        "q": "دولة عربية تشتهر بالزيتون (الخضراء) تبدأ بحرف التاء؟",
        "a": "تونس",
        "o": ["تونس", "تركيا", "تنزانيا", "تشاد"],
        "h": "عاصمتها تحمل نفس اسمها"
      },
      {
        "q": "دولة آسيوية سياحية مشهورة تبدأ بحرف التاء؟",
        "a": "تايلاند",
        "o": ["تايلاند", "تايوان", "تركمانستان", "تيمور"],
        "h": "عاصمتها بانكوك"
      }
    ],
    "ج": [
      {
        "q": "مدينة ساحلية سعودية (عروس البحر) تبدأ بحرف الجيم؟",
        "a": "جدة",
        "o": ["جدة", "جازان", "جبيل", "جوف"],
        "h": "بوابة الحرمين"
      },
      {
        "q": "أكبر دولة عربية مساحة تبدأ بحرف الجيم (الـ)؟",
        "a": "الجزائر",
        "o": ["الجزائر", "الجبل الأسود", "الجابون", "الجمهورية"],
        "h": "بلد المليون شهيد"
      }
    ],
    "خ": [
      {
        "q": "عاصمة السودان تبدأ بحرف الخاء؟",
        "a": "خرطوم",
        "o": ["خرطوم", "خريبكة", "خميس مشيط", "خورفكان"],
        "h": "تلتقي عندها النيلين"
      }
    ],
    "د": [
      {
        "q": "مدينة إماراتية عالمية تشتهر بالأبراج تبدأ بحرف الدال؟",
        "a": "دبي",
        "o": ["دبي", "دمشق", "دبلن", "دكا"],
        "h": "بها أطول برج في العالم"
      },
      {
        "q": "عاصمة سوريا التاريخية تبدأ بحرف الدال؟",
        "a": "دمشق",
        "o": ["دمشق", "دوحة", "دوشنبه", "دكار"],
        "h": "أقدم عاصمة مأهولة"
      }
    ],
    "ر": [
      {
        "q": "عاصمة إيطاليا التاريخية تبدأ بحرف الراء؟",
        "a": "روما",
        "o": ["روما", "ريو", "ريغا", "راين"],
        "h": "مدينة التلال السبعة"
      },
      {
        "q": "أكبر دولة في العالم تبدأ بحرف الراء؟",
        "a": "روسيا",
        "o": ["روسيا", "رومانيا", "رواندا", "رادس"],
        "h": "عاصمتها موسكو"
      }
    ],
    "س": [
      {
        "q": "دولة عربية عاصمتها الخرطوم تبدأ بحرف السين؟",
        "a": "سودان",
        "o": ["سودان", "سوريا", "سنغافورة", "سويسرا"],
        "h": "يجري بها نهر النيل"
      },
      {
        "q": "دولة خليجية كبرى تبدأ بحرف السين (الـ)؟",
        "a": "السعودية",
        "o": ["السعودية", "السنغال", "السويد", "السلفادور"],
        "h": "مهبط الوحي"
      },
      {
        "q": "دولة محايدة في أوروبا تشتهر بالساعات تبدأ بحرف السين؟",
        "a": "سويسرا",
        "o": ["سويسرا", "سويد", "سلوفاكيا", "سنغافورة"],
        "h": "عاصمتها بيرن"
      }
    ],
    "ش": [
      {
        "q": "إمارة ثقافية في الإمارات تبدأ بحرف الشين؟",
        "a": "شارقة",
        "o": ["شارقة", "شام", "شيراز", "شفشاون"],
        "h": "تلقب بعاصمة الثقافة"
      }
    ],
    "ص": [
      {
        "q": "دولة المليار نسمة والتنين الآسيوي تبدأ بحرف الصاد؟",
        "a": "صين",
        "o": ["صين", "صومال", "صربيا", "صنعاء"],
        "h": "بها سور عظيم"
      }
    ],
    "ط": [
      {
        "q": "مدينة يابانية كبرى (العاصمة) تبدأ بحرف الطاء؟",
        "a": "طوكيو",
        "o": ["طوكيو", "طرابلس", "طنجة", "طشقند"],
        "h": "أكثر مدن العالم سكاناً"
      },
      {
        "q": "مدينة سعودية تشتهر بالورد تبدأ بحرف الطاء؟",
        "a": "طائف",
        "o": ["طائف", "طريف", "طبرجل", "طوال"],
        "h": "عروس المصائف"
      }
    ],
    "ع": [
      {
        "q": "دولة عاصمتها بغداد تبدأ بحرف العين؟",
        "a": "عراق",
        "o": ["عراق", "عمان", "عدن", "عسير"],
        "h": "بلاد الرافدين"
      },
      {
        "q": "عاصمة الأردن تبدأ بحرف العين؟",
        "a": "عمان",
        "o": ["عمان", "عراق", "عنيزة", "عرعر"],
        "h": "مدينة الجبال السبعة"
      }
    ],
    "غ": [
      {
        "q": "دولة أفريقية ساحلية (ساحل الذهب سابقاً) تبدأ بحرف الغين؟",
        "a": "غانا",
        "o": ["غانا", "غينيا", "غامبيا", "غابون"],
        "h": "تشتهر بالكاكاو"
      }
    ],
    "ف": [
      {
        "q": "دولة عاصمتها باريس تبدأ بحرف الفاء؟",
        "a": "فرنسا",
        "o": ["فرنسا", "فلبين", "فنلندا", "فيتنام"],
        "h": "بلد العطور"
      },
      {
        "q": "أرض الزيتون والمسجد الأقصى تبدأ بحرف الفاء؟",
        "a": "فلسطين",
        "o": ["فلسطين", "فلبين", "فنزويلا", "فيجي"],
        "h": "عاصمتها القدس"
      }
    ],
    "ق": [
      {
        "q": "دولة استضافت كأس العالم 2022 تبدأ بحرف القاف؟",
        "a": "قطر",
        "o": ["قطر", "قبرص", "قاهرة", "قيرغيزستان"],
        "h": "عاصمتها الدوحة"
      },
      {
        "q": "عاصمة مصر (أم الدنيا) تبدأ بحرف القاف (الـ)؟",
        "a": "القاهرة",
        "o": ["القاهرة", "القدس", "القيروان", "القصيم"],
        "h": "مدينة الألف مئذنة"
      }
    ],
    "ك": [
      {
        "q": "دولة خليجية عاصمتها تحمل نفس اسمها تبدأ بحرف الكاف؟",
        "a": "كويت",
        "o": ["كويت", "كندا", "كينيا", "كولومبيا"],
        "h": "تطل على الخليج العربي"
      }
    ],
    "ل": [
      {
        "q": "عاصمة بريطانيا (مدينة الضباب) تبدأ بحرف اللام؟",
        "a": "لندن",
        "o": ["لندن", "لشبونة", "ليون", "ليفربول"],
        "h": "بها ساعة بيغ بن"
      },
      {
        "q": "دولة عربية تشتهر بالأرز تبدأ بحرف اللام؟",
        "a": "لبنان",
        "o": ["لبنان", "ليبيا", "لاوس", "ليبيريا"],
        "h": "عاصمتها بيروت"
      }
    ],
    "م": [
      {
        "q": "دولة الأهرامات تبدأ بحرف الميم؟",
        "a": "مصر",
        "o": ["مصر", "مالي", "ماليزيا", "موريتانيا"],
        "h": "هبة النيل"
      },
      {
        "q": "المدينة المقدسة قبلة المسلمين تبدأ بحرف الميم؟",
        "a": "مكة",
        "o": ["مكة", "مدينة", "مسقط", "منامة"],
        "h": "بها الكعبة المشرفة"
      }
    ],
    "ن": [
      {
        "q": "دولة اسكندنافية تشتهر بالفيوردات تبدأ بحرف النون؟",
        "a": "نرويج",
        "o": ["نرويج", "نيبال", "نيجر", "ناميبيا"],
        "h": "عاصمتها أوسلو"
      },
      {
        "q": "مدينة أمريكية (التفاحة الكبيرة) تبدأ بحرف النون؟",
        "a": "نيويورك",
        "o": ["نيويورك", "نيوجيرسي", "نيو أورليانز", "ناشفيل"],
        "h": "بها تمثال الحرية"
      }
    ],
    "هـ": [
      {
        "q": "دولة آسيوية كبرى تشتهر بالتوابل تبدأ بحرف الهاء؟",
        "a": "هند",
        "o": ["هند", "هولندا", "هونغ كونغ", "هايتي"],
        "h": "بها تاج محل"
      }
    ],
    "و": [
      {
        "q": "عاصمة الولايات المتحدة الأمريكية تبدأ بحرف الواو؟",
        "a": "واشنطن",
        "o": ["واشنطن", "وارسو", "ويست هام", "ويلينغتون"],
        "h": "سميت على اسم الرئيس الأول"
      }
    ],
    "ي": [
      {
        "q": "دولة تسمى بلاد الشمس المشرقة تبدأ بحرف الياء؟",
        "a": "يابان",
        "o": ["يابان", "يمن", "يونان", "يوغوسلافيا"],
        "h": "تشتهر بالتكنولوجيا والسوشي"
      }
    ]
  },
  "medium": {
    "أ": [
      {
        "q": "عاصمة النرويج تبدأ بحرف الألف؟",
        "a": "أوسلو",
        "o": ["أوسلو", "أثينا", "أوتاوا", "أديس أبابا"],
        "h": "مدينة اسكندنافية"
      },
      {
        "q": "ولاية أمريكية باردة جداً تبدأ بحرف الألف؟",
        "a": "ألاسكا",
        "o": ["ألاسكا", "أريزونا", "ألاباما", "أركانساس"],
        "h": "اشترتها أمريكا من روسيا"
      }
    ],
    "ب": [
      {
        "q": "عاصمة بلجيكا والاتحاد الأوروبي تبدأ بحرف الباء؟",
        "a": "بروكسل",
        "o": ["بروكسل", "برن", "براغ", "بوخارست"],
        "h": "مشهورة بالشوكولاتة"
      },
      {
        "q": "مدينة عراقية جنوبية تبدأ بحرف الباء؟",
        "a": "بصرة",
        "o": ["بصرة", "بغداد", "بعقوبة", "بابل"],
        "h": "تلقب بفيحاء العراق"
      }
    ],
    "ت": [
      {
        "q": "عاصمة جورجيا تبدأ بحرف التاء؟",
        "a": "تبليسي",
        "o": ["تبليسي", "تيرانا", "تالين", "تورينو"],
        "h": "مدينة في القوقاز"
      }
    ],
    "ج": [
      {
        "q": "دولة أفريقية عربية صغيرة المساحة تبدأ بحرف الجيم؟",
        "a": "جيبوتي",
        "o": ["جيبوتي", "جزر القمر", "جاميكا", "جنوب أفريقيا"],
        "h": "تقع على مضيق باب المندب"
      }
    ],
    "خ": [
      {
        "q": "مدينة مغربية تشتهر بالفوسفات تبدأ بحرف الخاء؟",
        "a": "خريبكة",
        "o": ["خريبكة", "خنيفرة", "خميسات", "خزنة"],
        "h": "مدينة تعدينية"
      }
    ],
    "د": [
      {
        "q": "عاصمة بنغلاديش المزدحمة تبدأ بحرف الدال؟",
        "a": "دكا",
        "o": ["دكا", "دلهي", "دوشنبه", "دودوما"],
        "h": "مدينة في جنوب آسيا"
      }
    ],
    "ذ": [
      {
        "q": "مدينة يمنية تاريخية تبدأ بحرف الذال؟",
        "a": "ذمار",
        "o": ["ذمار", "ذهبان", "ذي سفال", "ذيبان"],
        "h": "تقع جنوب صنعاء"
      }
    ],
    "ر": [
      {
        "q": "عاصمة المغرب (ليست الدار البيضاء) تبدأ بحرف الراء (الـ)؟",
        "a": "الرباط",
        "o": ["الرباط", "الرياض", "الرملة", "الرقة"],
        "h": "مدينة ساحلية إدارية"
      },
      {
        "q": "مدينة برازيلية تشتهر بالكارنفال تبدأ بحرف الراء؟",
        "a": "ريو",
        "o": ["ريو", "روما", "رتردام", "راين"],
        "h": "ريو دي جانيرو"
      }
    ],
    "ز": [
      {
        "q": "دولة أفريقية تشتهر بالشلالات تبدأ بحرف الزاي؟",
        "a": "زامبيا",
        "o": ["زامبيا", "زيمبابوي", "زائير", "زنجبار"],
        "h": "تشترك في شلالات فيكتوريا"
      }
    ],
    "س": [
      {
        "q": "مدينة أسترالية شهيرة بدار الأوبرا تبدأ بحرف السين؟",
        "a": "سيدني",
        "o": ["سيدني", "سيول", "سانتياغو", "سنغافورة"],
        "h": "ليست العاصمة"
      }
    ],
    "ش": [
      {
        "q": "مدينة صينية اقتصادية عملاقة تبدأ بحرف الشين؟",
        "a": "شنغهاي",
        "o": ["شنغهاي", "شيان", "شينزين", "شنيانغ"],
        "h": "ميناء عالمي ضخم"
      }
    ],
    "ص": [
      {
        "q": "عاصمة اليمن تبدأ بحرف الصاد؟",
        "a": "صنعاء",
        "o": ["صنعاء", "صلالة", "صيدا", "صفاقس"],
        "h": "مدينة جبلية قديمة"
      },
      {
        "q": "مدينة عمانية خضراء في الصيف تبدأ بحرف الصاد؟",
        "a": "صلالة",
        "o": ["صلالة", "صحار", "صور", "صحم"],
        "h": "تقع في محافظة ظفار"
      }
    ],
    "ط": [
      {
        "q": "عاصمة ليبيا تبدأ بحرف الطاء؟",
        "a": "طرابلس",
        "o": ["طرابلس", "طنجة", "طبرق", "طنطا"],
        "h": "عروس البحر المتوسط"
      },
      {
        "q": "مدينة مغربية على مضيق جبل طارق تبدأ بحرف الطاء؟",
        "a": "طنجة",
        "o": ["طنجة", "تطوان", "طرفاية", "تازة"],
        "h": "بوابة أفريقيا لأوروبا"
      }
    ],
    "ظ": [
      {
        "q": "مدينة سعودية نفطية (مقر أرامكو) تبدأ بحرف الظاء؟",
        "a": "ظهران",
        "o": ["ظهران", "ظلم", "ظهر", "ظفير"],
        "h": "في المنطقة الشرقية"
      }
    ],
    "ع": [
      {
        "q": "مدينة يمنية ساحلية وميناء رئيسي تبدأ بحرف العين؟",
        "a": "عدن",
        "o": ["عدن", "عتق", "عمران", "عبر"],
        "h": "كانت عاصمة الجنوب سابقاً"
      }
    ],
    "غ": [
      {
        "q": "قطاع فلسطيني ساحلي تبدأ بحرف الغين؟",
        "a": "غزة",
        "o": ["غزة", "غينيا", "غدامس", "غرناطة"],
        "h": "مدينة ساحلية عريقة"
      }
    ],
    "ف": [
      {
        "q": "عاصمة النمسا تبدأ بحرف الفاء؟",
        "a": "فيينا",
        "o": ["فيينا", "فلورنسا", "فينيسيا", "فيرونا"],
        "h": "مدينة الموسيقى الكلاسيكية"
      }
    ],
    "ق": [
      {
        "q": "جزيرة مقسمة في المتوسط تبدأ بحرف القاف؟",
        "a": "قبرص",
        "o": ["قبرص", "قمر", "قرم", "قنيطرة"],
        "h": "عاصمتها نيقوسيا"
      }
    ],
    "ك": [
      {
        "q": "دولة في أمريكا الشمالية تشتهر بورقة القيقب تبدأ بحرف الكاف؟",
        "a": "كندا",
        "o": ["كندا", "كوبا", "كوستاريكا", "كولومبيا"],
        "h": "جارة الولايات المتحدة"
      },
      {
        "q": "عاصمة ماليزيا تبدأ بحرف الكاف؟",
        "a": "كوالالمبور",
        "o": ["كوالالمبور", "كايرو", "كابول", "كراتشي"],
        "h": "مدينة البرجين التوأم"
      },
      {
        "q": "دولة في أمريكا الجنوبية تشتهر بالبن تبدأ بحرف الكاف؟",
        "a": "كولومبيا",
        "o": ["كولومبيا", "كوبا", "كوستاريكا", "كرواتيا"],
        "h": "عاصمتها بوغوتا"
      }
    ],
    "ل": [
      {
        "q": "عاصمة البرتغال تبدأ بحرف اللام؟",
        "a": "لشبونة",
        "o": ["لشبونة", "لندن", "ليون", "لوزان"],
        "h": "تقع على المحيط الأطلسي"
      }
    ],
    "م": [
      {
        "q": "عاصمة إسبانيا تبدأ بحرف الميم؟",
        "a": "مدريد",
        "o": ["مدريد", "ميلانو", "ميونيخ", "مانشستر"],
        "h": "بها النادي الملكي"
      },
      {
        "q": "عاصمة الفلبين تبدأ بحرف الميم؟",
        "a": "مانيلا",
        "o": ["مانيلا", "مكاسار", "ميدان", "مومباي"],
        "h": "مدينة مزدحمة جداً"
      }
    ],
    "ن": [
      {
        "q": "دولة جبلية (سقف العالم) تبدأ بحرف النون؟",
        "a": "نيبال",
        "o": ["نيبال", "نيجر", "نرويج", "ناميبيا"],
        "h": "بها جبل إيفرست"
      }
    ],
    "هـ": [
      {
        "q": "دولة الزهور والطواحين تبدأ بحرف الهاء؟",
        "a": "هولندا",
        "o": ["هولندا", "هنغاريا", "هندوراس", "هايتي"],
        "h": "الأراضي المنخفضة"
      }
    ],
    "و": [
      {
        "q": "مدينة جزائرية (عاصمة الغرب) تبدأ بحرف الواو؟",
        "a": "وهران",
        "o": ["وهران", "ورقلة", "ودان", "وجدة"],
        "h": "مدينة الراي"
      }
    ],
    "ي": [
      {
        "q": "دولة حضارة الإغريق تبدأ بحرف الياء (الـ)؟",
        "a": "اليونان",
        "o": ["اليونان", "اليمن", "اليابان", "اليمامة"],
        "h": "عاصمتها أثينا"
      }
    ]
  },
  "hard": {
    "أ": [
      {
        "q": "عاصمة إريتريا تبدأ بحرف الألف؟",
        "a": "أسمرة",
        "o": ["أسمرة", "أديس أبابا", "أبوجا", "أكرا"],
        "h": "مدينة أفريقية على البحر الأحمر"
      },
      {
        "q": "عاصمة كازاخستان تبدأ بحرف الألف؟",
        "a": "أستانا",
        "o": ["أستانا", "ألماتي", "أكرا", "أبيدجان"],
        "h": "مدينة حديثة في وسط آسيا"
      }
    ],
    "ب": [
      {
        "q": "عاصمة غامبيا تبدأ بحرف الباء؟",
        "a": "بانجول",
        "o": ["بانجول", "باماكو", "بانغي", "بوجومبورا"],
        "h": "مدينة صغيرة في غرب أفريقيا"
      },
      {
        "q": "عاصمة سلوفاكيا تبدأ بحرف الباء؟",
        "a": "براتيسلافا",
        "o": ["براتيسلافا", "بودابست", "بلجراد", "بوخارست"],
        "h": "تقع على نهر الدانوب"
      }
    ],
    "ج": [
      {
        "q": "عاصمة جنوب السودان تبدأ بحرف الجيم؟",
        "a": "جوبا",
        "o": ["جوبا", "جيبوتي", "جاكرتا", "جورج تاون"],
        "h": "أحدث عاصمة في أفريقيا"
      }
    ],
    "خ": [
      {
        "q": "مدينة إماراتية تابعة للشارقة تبدأ بحرف الخاء؟",
        "a": "خورفكان",
        "o": ["خورفكان", "خزنة", "خت", "خاور"],
        "h": "عروس الساحل الشرقي"
      }
    ],
    "ز": [
      {
        "q": "مدينة سويسرية مالية تبدأ بحرف الزاي؟",
        "a": "زيورخ",
        "o": ["زيورخ", "زغرب", "زنجبار", "زاريا"],
        "h": "مركز البنوك العالمي"
      },
      {
        "q": "عاصمة كرواتيا تبدأ بحرف الزاي؟",
        "a": "زغرب",
        "o": ["زغرب", "زيورخ", "زادار", "زانت"],
        "h": "مدينة في البلقان"
      }
    ],
    "ش": [
      {
        "q": "مدينة أمريكية تشتهر بالرياح تبدأ بحرف الشين؟",
        "a": "شيكاغو",
        "o": ["شيكاغو", "شارلوت", "شنغهاي", "شيراز"],
        "h": "تقع في ولاية إلينوي"
      },
      {
        "q": "مدينة مغربية زرقاء تبدأ بحرف الشين؟",
        "a": "شفشاون",
        "o": ["شفشاون", "شيشاوة", "شلية", "شرشارة"],
        "h": "مدينة جبلية ساحرة"
      }
    ],
    "ص": [
      {
        "q": "عاصمة بلغاريا تبدأ بحرف الصاد؟",
        "a": "صوفيا",
        "o": ["صوفيا", "صنعاء", "صيدا", "صلالة"],
        "h": "اسمها يعني الحكمة"
      },
      {
        "q": "دولة في البلقان عاصمتها بلغراد تبدأ بحرف الصاد؟",
        "a": "صربيا",
        "o": ["صربيا", "صومال", "صين", "صقلية"],
        "h": "كانت جزءاً من يوغوسلافيا"
      }
    ],
    "ط": [
      {
        "q": "عاصمة إيران تبدأ بحرف الطاء؟",
        "a": "طهران",
        "o": ["طهران", "طشقند", "طبرستان", "طالقان"],
        "h": "تقع شمال البلاد"
      },
      {
        "q": "عاصمة أوزبكستان تبدأ بحرف الطاء؟",
        "a": "طشقند",
        "o": ["طشقند", "طهران", "طراز", "ترمذ"],
        "h": "مدينة تاريخية إسلامية"
      }
    ],
    "ظ": [
      {
        "q": "محافظة عمانية تشتهر بالخريف تبدأ بحرف الظاء؟",
        "a": "ظفار",
        "o": ["ظفار", "ظاهر", "ظفر", "ظبية"],
        "h": "عاصمتها صلالة"
      }
    ],
    "غ": [
      {
        "q": "مدينة اسكتلندية كبرى تبدأ بحرف الغين؟",
        "a": "غلاسكو",
        "o": ["غلاسكو", "غدانسك", "غينت", "غرونوبل"],
        "h": "ليست العاصمة إدنبرة"
      },
      {
        "q": "دولة في أمريكا الجنوبية تتحدث الإنجليزية تبدأ بحرف الغين؟",
        "a": "غيانا",
        "o": ["غيانا", "غينيا", "غواتيمالا", "غرينادا"],
        "h": "عاصمتها جورج تاون"
      }
    ],
    "ف": [
      {
        "q": "عاصمة مالطا تبدأ بحرف الفاء؟",
        "a": "فاليتا",
        "o": ["فاليتا", "فادوز", "فيينا", "فارنا"],
        "h": "مدينة محصنة تاريخية"
      },
      {
        "q": "عاصمة ليختنشتاين تبدأ بحرف الفاء؟",
        "a": "فادوز",
        "o": ["فادوز", "فاليتا", "فرانکفورت", "فلورنسا"],
        "h": "إمارة صغيرة جداً"
      },
      {
        "q": "دولة في أمريكا الجنوبية غنية بالنفط تبدأ بحرف الفاء؟",
        "a": "فنزويلا",
        "o": ["فنزويلا", "فيتنام", "فنلندا", "فلبين"],
        "h": "عملتها البوليفار"
      },
      {
        "q": "أرخبيل في المحيط الهادئ يبدأ بحرف الفاء؟",
        "a": "فيجي",
        "o": ["فيجي", "فانواتو", "فلبين", "فورموزا"],
        "h": "وجهة سياحية استوائية"
      }
    ],
    "ق": [
      {
        "q": "دولة جبلية في آسيا الوسطى تبدأ بحرف القاف؟",
        "a": "قيرغيزستان",
        "o": ["قيرغيزستان", "قازاقستان", "قبرص", "قوقاز"],
        "h": "عاصمتها بيشكك"
      },
      {
        "q": "مدينة روسية تاريخية (عاصمة التتار) تبدأ بحرف القاف؟",
        "a": "قازان",
        "o": ["قازان", "قرم", "قفقاس", "كراسنودار"],
        "h": "تقع على نهر الفولغا"
      }
    ],
    "ك": [
      {
        "q": "عاصمة رواندا النظيفة تبدأ بحرف الكاف؟",
        "a": "كيغالي",
        "o": ["كيغالي", "كمبالا", "كينشاسا", "كوناكري"],
        "h": "في وسط أفريقيا"
      },
      {
        "q": "عاصمة أوكرانيا تبدأ بحرف الكاف؟",
        "a": "كييف",
        "o": ["كييف", "كاركوف", "كولون", "كوبنهاغن"],
        "h": "تقع على نهر دنيبرو"
      }
    ],
    "ل": [
      {
        "q": "عاصمة سلوفينيا (اسم صعب) تبدأ بحرف اللام؟",
        "a": "ليوبليانا",
        "o": ["ليوبليانا", "لشبونة", "لندن", "لوساكا"],
        "h": "مدينة التنين"
      },
      {
        "q": "دولة حبيسة في جنوب شرق آسيا تبدأ بحرف اللام؟",
        "a": "لاوس",
        "o": ["لاوس", "ليتوانيا", "لاتفيا", "ليسوتو"],
        "h": "يمر بها نهر ميكونغ"
      },
      {
        "q": "دولة صغيرة جداً في أوروبا (الدوقية الكبرى) تبدأ بحرف اللام؟",
        "a": "لوكسمبورغ",
        "o": ["لوكسمبورغ", "ليختنشتاين", "لوزان", "لوبليانا"],
        "h": "من أغنى دول العالم"
      }
    ],
    "م": [
      {
        "q": "عاصمة الصومال تبدأ بحرف الميم؟",
        "a": "مقديشو",
        "o": ["مقديشو", "مومباسا", "موروني", "مسقط"],
        "h": "تطل على المحيط الهندي"
      }
    ],
    "ن": [
      {
        "q": "عاصمة موريتانيا تبدأ بحرف النون؟",
        "a": "نواكشوط",
        "o": ["نواكشوط", "نيامي", "نيروبي", "ناساو"],
        "h": "مدينة ساحلية صحراوية"
      },
      {
        "q": "عاصمة قبرص تبدأ بحرف النون؟",
        "a": "نيقوسيا",
        "o": ["نيقوسيا", "نابولي", "نيروبي", "نيودلهي"],
        "h": "العاصمة المقسمة"
      }
    ],
    "هـ": [
      {
        "q": "عاصمة فنلندا تبدأ بحرف الهاء؟",
        "a": "هلسنكي",
        "o": ["هلسنكي", "هامبورغ", "هانوفر", "هاليفاكس"],
        "h": "على بحر البلطيق"
      },
      {
        "q": "عاصمة فيتنام تبدأ بحرف الهاء؟",
        "a": "هانوي",
        "o": ["هانوي", "هوشي منه", "هونغ كونغ", "هايكو"],
        "h": "في شمال البلاد"
      }
    ],
    "و": [
      {
        "q": "مقاطعة بريطانية (ليست إنجلترا) تبدأ بحرف الواو؟",
        "a": "ويلز",
        "o": ["ويلز", "وستر", "وينشستر", "واريك"],
        "h": "عاصمتها كارديف"
      },
      {
        "q": "عاصمة بولندا تبدأ بحرف الواو؟",
        "a": "وارسو",
        "o": ["وارسو", "واشنطن", "ويلينغتون", "ويندهوك"],
        "h": "دمرت في الحرب العالمية الثانية"
      }
    ],
    "ي": [
      {
        "q": "عاصمة أرمينيا (من أقدم مدن العالم) تبدأ بحرف الياء؟",
        "a": "يريفان",
        "o": ["يريفان", "يالطا", "يوتيبوري", "يوكوهاما"],
        "h": "ترى جبل أرارات"
      }
    ]
  }
}