{
  "type": "geo",
  "sub": "maps_landmarks",
  "easy": {
    "أ": [
      {
        "q": "معلم مصري قديم من عجائب الدنيا السبع يبدأ بحرف الألف؟",
        "a": "أهرامات",
        "o": ["أهرامات", "أبراج", "أقصر", "أسوار"],
        "h": "يوجد في الجيزة"
      },
      {
        "q": "أطول برج في العالم يقع في دبي يبدأ بحرف الألف (أبراج...)؟",
        "a": "أبراج خليفة",
        "o": ["أبراج خليفة", "أبراج الكويت", "أبراج البيت", "أبراج المملكة"],
        "h": "نعم، الاسم الشائع برج خليفة، وهنا بصيغة الجمع للتمويه"
      },
      {
        "q": "تمثال مصري بجسم أسد ورأس إنسان يبدأ بحرف الألف؟",
        "a": "أبو الهول",
        "o": ["أبو الهول", "أبو سمبل", "أخناتون", "أنوبيس"],
        "h": "حارس الهضبة"
      }
    ],
    "ب": [
      {
        "q": "معلم فرنسي شهير في باريس يبدأ بحرف الباء؟",
        "a": "برج إيفل",
        "o": ["برج إيفل", "برج بيزا", "برج العرب", "برج التحرير"],
        "h": "بناه المهندس غوستاف"
      },
      {
        "q": "برج مائل يقع في إيطاليا يبدأ بحرف الباء؟",
        "a": "برج بيزا",
        "o": ["برج بيزا", "برج بابل", "برج بغداد", "برج برلين"],
        "h": "في مدينة بيزا"
      },
      {
        "q": "مدينة أردنية منحوتة في الصخر (الوردية) تبدأ بحرف الباء؟",
        "a": "بتراء",
        "o": ["بتراء", "بصرى", "بعلبك", "بابل"],
        "h": "إحدى عجائب الدنيا الجديدة"
      }
    ],
    "ج": [
      {
        "q": "جسر أحمر شهير في سان فرانسيسكو يبدأ بحرف الجيم؟",
        "a": "جسر البوابة",
        "o": ["جسر البوابة", "جسر لندن", "جسر البوسفور", "جسر الملك"],
        "h": "Golden Gate"
      }
    ],
    "س": [
      {
        "q": "بناء دفاعي عظيم يرى من الفضاء (يقال) يبدأ بحرف السين؟",
        "a": "سور الصين",
        "o": ["سور الصين", "سور مجرى", "سد مأرب", "ساحة الميدان"],
        "h": "طوله آلاف الكيلومترات"
      },
      {
        "q": "ساعة شهيرة في لندن تبدأ بحرف السين؟",
        "a": "ساعة بيغ بن",
        "o": ["ساعة بيغ بن", "ساعة مكة", "ساحة ترافلغار", "سور برلين"],
        "h": "صوت دقاتها مشهور"
      }
    ],
    "ك": [
      {
        "q": "مبنى مقدس في المسجد الحرام يبدأ بحرف الكاف؟",
        "a": "كعبة",
        "o": ["كعبة", "كنيسة", "كاتدرائية", "كهف"],
        "h": "قبلة المسلمين"
      },
      {
        "q": "مدرج روماني عملاق في روما يبدأ بحرف الكاف؟",
        "a": "كولوسيوم",
        "o": ["كولوسيوم", "كرنك", "كابيتول", "كرملين"],
        "h": "كانت تقام فيه المصارعة"
      }
    ],
    "م": [
      {
        "q": "متحف عالمي في باريس يبدأ بحرف الميم؟",
        "a": "متحف اللوفر",
        "o": ["متحف اللوفر", "متحف الشمع", "متحف القاهرة", "مسرح البولشوي"],
        "h": "يضم الموناليزا"
      },
      {
        "q": "مسجد يقع في المدينة المنورة يبدأ بحرف الميم؟",
        "a": "مسجد النبوي",
        "o": ["مسجد النبوي", "مسجد قباء", "مسجد القبلتين", "مصلى العيد"],
        "h": "ثاني الحرمين"
      }
    ],
    "ن": [
      {
        "q": "أطول نهر في العالم يبدأ بحرف النون؟",
        "a": "نهر النيل",
        "o": ["نهر النيل", "نهر النيجر", "نهر اليرموك", "نهر الأردن"],
        "h": "شريان الحياة في مصر"
      },
      {
        "q": "شلالات تقع بين أمريكا وكندا تبدأ بحرف النون؟",
        "a": "نياجرا",
        "o": ["نياجرا", "نيل", "ناصر", "نوفا"],
        "h": "غزيرة المياه جداً"
      }
    ]
  },


  "medium": {
    "أ": [
      {
        "q": "معبد يوناني قديم في أثينا يبدأ بحرف الألف؟",
        "a": "أكروبوليس",
        "o": ["أكروبوليس", "أبو سمبل", "أرتميس", "أولمبيا"],
        "h": "يقع على تلة مرتفعة"
      },
      {
        "q": "مسجد ومتحف تاريخي في إسطنبول يبدأ بحرف الألف؟",
        "a": "آيا صوفيا",
        "o": ["آيا صوفيا", "آثار بابل", "أهرامات", "أبراج"],
        "h": "كان كنيسة ثم مسجداً"
      }
    ],
    "ت": [
      {
        "q": "ضريح أبيض في الهند بناه الشاه جهان يبدأ بحرف التاء؟",
        "a": "تاج محل",
        "o": ["تاج محل", "تمثال الحرية", "تمبكتو", "تدمر"],
        "h": "رمز الحب والوفاء"
      },
      {
        "q": "نصب تذكاري في نيويورك يحمل شعلة يبدأ بحرف التاء؟",
        "a": "تمثال الحرية",
        "o": ["تمثال الحرية", "تمثال النهضة", "تمثال زيوس", "تمثال بوذا"],
        "h": "في جزيرة ليبرتي"
      }
    ],
    "ج": [
      {
        "q": "جبل بركاني مقدس في اليابان يبدأ بحرف الجيم؟",
        "a": "جبل فوجي",
        "o": ["جبل فوجي", "جبل إيفرست", "جبل طارق", "جبل النور"],
        "h": "قمته مغطاة بالثلوج"
      },
      {
        "q": "مضيق يفصل بين إسبانيا والمغرب يبدأ بحرف الجيم؟",
        "a": "جبل طارق",
        "o": ["جبل طارق", "جسر الملك", "جزر الكناري", "جدار برلين"],
        "h": "سمي نسبة للقائد طارق بن زياد"
      }
    ],
    "ح": [
      {
        "q": "حدائق كانت من عجائب الدنيا السبع في العراق تبدأ بحرف الحاء؟",
        "a": "حدائق بابل",
        "o": ["حدائق بابل", "حصن المصمك", "حائط البراق", "حي طريف"],
        "h": "كانت معلقة"
      }
    ],
    "ق": [
      {
        "q": "قصر إسلامي في غرناطة بالأندلس يبدأ بحرف القاف؟",
        "a": "قصر الحمراء",
        "o": ["قصر الحمراء", "قصر فرساي", "قصر توبكابي", "قصر باكنغهام"],
        "h": "يتميز بالنقوش العربية"
      },
      {
        "q": "ممر مائي يربط البحر المتوسط بالأحمر يبدأ بحرف القاف؟",
        "a": "قناة السويس",
        "o": ["قناة السويس", "قناة بنما", "قناة المانش", "قلعة قايتباي"],
        "h": "ممر ملاحي عالمي"
      }
    ],
    "م": [
      {
        "q": "مدينة أثرية في السعودية (الحجر) تبدأ بحرف الميم؟",
        "a": "مدائن صالح",
        "o": ["مدائن صالح", "مدرج روما", "مسرح بصري", "معبد الكرنك"],
        "h": "قوم ثمود"
      },
      {
        "q": "مضيق استراتيجي يمر منه نفط الخليج يبدأ بحرف الميم؟",
        "a": "مضيق هرمز",
        "o": ["مضيق هرمز", "مضيق باب المندب", "مضيق جبل طارق", "مضيق دوفر"],
        "h": "بين عمان وإيران"
      }
    ]
  },


  "hard": {
    "أ": [
      {
        "q": "أكبر مجمع ديني في العالم يقع في كمبوديا يبدأ بحرف الألف؟",
        "a": "أنغكور وات",
        "o": ["أنغكور وات", "أهرامات المايا", "أكروبوليس", "أبيدوس"],
        "h": "معبد هندوسي ثم بوذي"
      }
    ],
    "ب": [
      {
        "q": "أعمق بحيرة في العالم تقع في روسيا تبدأ بحرف الباء؟",
        "a": "بحيرة بايكال",
        "o": ["بحيرة بايكال", "بحيرة فيكتوريا", "بحيرة طبريا", "بحيرة تشاد"],
        "h": "في سيبيريا"
      },
      {
        "q": "قلعة رومانية ضخمة في لبنان تبدأ بحرف الباء؟",
        "a": "بعلبك",
        "o": ["بعلبك", "بصرى", "بابل", "بيبلوس"],
        "h": "مدينة الشمس"
      }
    ],
    "ج": [
      {
        "q": "جزيرة معزولة تشتهر بتماثيل المواي الصخرية تبدأ بحرف الجيم؟",
        "a": "جزيرة القيامة",
        "o": ["جزيرة القيامة", "جزيرة الكنز", "جزر القمر", "جزر المالديف"],
        "h": "في المحيط الهادئ"
      },
      {
        "q": "جبل في جنوب أفريقيا مسطح القمة يبدأ بحرف الجيم؟",
        "a": "جبل الطاولة",
        "o": ["جبل الطاولة", "جبل الشيخ", "جبل أولمبوس", "جبل كينيا"],
        "h": "يطل على كيب تاون"
      }
    ],
    "ش": [
      {
        "q": "أعلى شلالات متصلة في العالم (فنزويلا) تبدأ بحرف الشين؟",
        "a": "شلالات آنجل",
        "o": ["شلالات آنجل", "شلالات فيكتوريا", "شلالات نياجرا", "شلالات الراين"],
        "h": "تسقط من جبل الشيطان"
      }
    ],
    "ط": [
      {
        "q": "مدينة تاريخية في إسبانيا (الأندلس) تشتهر بالسيوف تبدأ بحرف الطاء؟",
        "a": "طليطلة",
        "o": ["طليطلة", "طنجة", "طرابلس", "طروادة"],
        "h": "كانت عاصمة القوط"
      }
    ],
    "ك": [
      {
        "q": "منطقة تركية تشتهر بالمناطيد والتكوينات الصخرية تبدأ بحرف الكاف؟",
        "a": "كبادوكيا",
        "o": ["كبادوكيا", "كازابلانكا", "كوالالمبور", "كاليفورنيا"],
        "h": "مداخن الجنيات"
      }
    ],
    "م": [
      {
        "q": "مدينة الإنكا الضائعة في بيرو تبدأ بحرف الميم؟",
        "a": "ماتشو بيتشو",
        "o": ["ماتشو بيتشو", "مدينة المكسيك", "مونتريال", "موناكو"],
        "h": "على قمة جبلية"
      },
      {
        "q": "موقع أثري في فيتنام يضم آلاف الجزر الصخرية يبدأ بحرف الميم؟",
        "a": "مضيق ها لونغ",
        "o": ["مضيق ها لونغ", "مضيق ملقا", "مضيق تايوان", "مضيق الدردنيل"],
        "h": "خليج التنين الهابط"
      }
    ],
    "هـ": [
      {
        "q": "هضبة مرتفعة تقع بين الصين والهند (سقف العالم) تبدأ بحرف الهاء؟",
        "a": "هضبة التبت",
        "o": ["هضبة التبت", "هضبة الأناضول", "هضبة الجولان", "هضبة نجد"],
        "h": "مقر الدالاي لاما سابقاً"
      }
    ]
  }
}