{
  "type": "geo",
  "sub": "nature_climate",
  "easy": {
    "أ": [
      {
        "q": "الكوكب الذي نعيش عليه يبدأ بحرف الألف (الـ)؟",
        "a": "الأرض",
        "o": ["الأرض", "الأرنب", "الأنهار", "الأشجار"],
        "h": "الكوكب الأزرق"
      },
      {
        "q": "ماء يسقط من السحب يبدأ بحرف الألف (الـ)؟",
        "a": "الأمطار",
        "o": ["الأمطار", "الأنهار", "الآبار", "الأودية"],
        "h": "مصدر الحياة"
      }
    ],
    "ب": [
      {
        "q": "ضوء ساطع يظهر في السماء أثناء العاصفة يبدأ بحرف الباء؟",
        "a": "برق",
        "o": ["برق", "بحر", "برد", "بخار"],
        "h": "يسبق الرعد"
      },
      {
        "q": "مسطح مائي كبير (أصغر من المحيط) يبدأ بحرف الباء؟",
        "a": "بحر",
        "o": ["بحر", "بركة", "بحيرة", "بئر"],
        "h": "مثل البحر الأحمر"
      }
    ],
    "ث": [
      {
        "q": "ماء متجمد أبيض اللون يبدأ بحرف الثاء؟",
        "a": "ثلج",
        "o": ["ثلج", "ثرى", "ثقب", "ثمرة"],
        "h": "يغطي قمم الجبال"
      }
    ],
    "ج": [
      {
        "q": "كتلة صخرية ضخمة مرتفعة جداً تبدأ بحرف الجيم؟",
        "a": "جبل",
        "o": ["جبل", "جزيرة", "جرف", "جدول"],
        "h": "له قمة وسفح"
      }
    ],
    "ر": [
      {
        "q": "صوت قوي يلي البرق يبدأ بحرف الراء؟",
        "a": "رعد",
        "o": ["رعد", "ريح", "رذاذ", "رمل"],
        "h": "يحدث في العواصف"
      }
    ],
    "ش": [
      {
        "q": "النجم الذي يضيء لنا النهار يبدأ بحرف الشين؟",
        "a": "شمس",
        "o": ["شمس", "شجر", "شلال", "شاطئ"],
        "h": "مصدر الحرارة"
      }
    ],
    "غ": [
      {
        "q": "مكان كثيف الأشجار والنباتات يبدأ بحرف الغين؟",
        "a": "غابة",
        "o": ["غابة", "غيمة", "غبار", "غدير"],
        "h": "موطن الحيوانات المفترسة"
      }
    ],
    "ق": [
      {
        "q": "جرم سماوي يضيء لنا الليل يبدأ بحرف القاف؟",
        "a": "قمر",
        "o": ["قمر", "قطب", "قمة", "قاع"],
        "h": "يدور حول الأرض"
      }
    ],
    "هـ": [
      {
        "q": "غاز ضروري للتنفس يحيط بنا يبدأ بحرف الهاء؟",
        "a": "هواء",
        "o": ["هواء", "هضبة", "هلال", "هيجان"],
        "h": "لا نراه ولكن نشعر به"
      }
    ]
  },
  "medium": {
    "إ": [
      {
        "q": "عاصفة هوائية دوارة شديدة القوة تبدأ بحرف الألف (إ)؟",
        "a": "إعصار",
        "o": ["إعصار", "إشراق", "انهيار", "إمطار"],
        "h": "يدمر المنازل والأشجار"
      }
    ],
    "ب": [
      {
        "q": "فتحة في الأرض تخرج منها الحمم تبدأ بحرف الباء؟",
        "a": "بركان",
        "o": ["بركان", "بحيرة", "برق", "برد"],
        "h": "قد يكون خامداً أو ثائراً"
      }
    ],
    "ت": [
      {
        "q": "تحول الماء من سائل إلى غاز يبدأ بحرف التاء؟",
        "a": "تبخر",
        "o": ["تبخر", "تكثف", "تجمد", "تساقط"],
        "h": "يحدث بفعل الحرارة"
      }
    ],
    "ز": [
      {
        "q": "اهتزاز مفاجئ لسطح الأرض يبدأ بحرف الزاي؟",
        "a": "زلزال",
        "o": ["زلزال", "زوبعة", "زهرة", "زمهرير"],
        "h": "يقاس بمقياس ريختر"
      }
    ],
    "ض": [
      {
        "q": "سحابة منخفضة تلامس سطح الأرض تبدأ بحرف الضاد؟",
        "a": "ضباب",
        "o": ["ضباب", "ضوء", "ضجيج", "ضفاف"],
        "h": "يحجب الرؤية"
      }
    ],
    "ف": [
      {
        "q": "طغيان الماء على اليابسة يبدأ بحرف الفاء؟",
        "a": "فيضان",
        "o": ["فيضان", "فجر", "فلك", "فضاء"],
        "h": "يحدث بسبب غزارة الأمطار"
      }
    ],
    "ك": [
      {
        "q": "اختفاء ضوء الشمس نهاراً يبدأ بحرف الكاف؟",
        "a": "كسوف",
        "o": ["كسوف", "كوكب", "كهف", "كثيب"],
        "h": "عندما يحجب القمر الشمس"
      }
    ],
    "م": [
      {
        "q": "مسطح مائي أكبر من البحر يبدأ بحرف الميم؟",
        "a": "محيط",
        "o": ["محيط", "مطر", "مجرة", "مذنب"],
        "h": "مثل الهادئ والأطلسي"
      }
    ],
    "ن": [
      {
        "q": "جرم سماوي مضيء بذاته (مثل الشمس) يبدأ بحرف النون؟",
        "a": "نجم",
        "o": ["نجم", "نيزك", "نهر", "نسيم"],
        "h": "نراه في الليل كنقطة مضيئة"
      }
    ]
  },
  "hard": {
    "أ": [
      {
        "q": "طبقة غازية تحمي الأرض من الأشعة الضارة تبدأ بحرف الألف؟",
        "a": "أوزون",
        "o": ["أوزون", "أكسجين", "أرجون", "أيون"],
        "h": "يوجد ثقب فيها"
      },
      {
        "q": "أضواء ملونة تظهر في السماء ليلاً (الشفق) تبدأ بحرف الألف؟",
        "a": "أورورا",
        "o": ["أورورا", "أفق", "أعاصير", "أبخرة"],
        "h": "تحدث عند الأقطاب"
      }
    ],
    "ت": [
      {
        "q": "أمواج بحرية عملاقة ناتجة عن زلازل تبدأ بحرف التاء؟",
        "a": "تسونامي",
        "o": ["تسونامي", "تايفون", "تلال", "تيارات"],
        "h": "كلمة يابانية"
      },
      {
        "q": "غابات صنوبرية باردة في الشمال تبدأ بحرف التاء؟",
        "a": "تايغا",
        "o": ["تايغا", "تندرا", "تلال", "تربة"],
        "h": "توجد في روسيا وكندا"
      }
    ],
    "ح": [
      {
        "q": "صخور منصهرة سائلة (ماجما) تبدأ بحرف الحاء؟",
        "a": "حمم",
        "o": ["حمم", "حجارة", "حفرة", "حرارة"],
        "h": "تخرج من البركان"
      }
    ],
    "خ": [
      {
        "q": "ظاهرة اختفاء القمر ليلاً تبدأ بحرف الخاء؟",
        "a": "خسوف",
        "o": ["خسوف", "خريف", "خليج", "خندق"],
        "h": "عندما تقع الأرض بين الشمس والقمر"
      }
    ],
    "ر": [
      {
        "q": "كمية بخار الماء الموجودة في الهواء تبدأ بحرف الراء؟",
        "a": "رطوبة",
        "o": ["رطوبة", "رياح", "رذاذ", "ركام"],
        "h": "تزيد الإحساس بالحرارة"
      }
    ],
    "س": [
      {
        "q": "سهول عشبية استوائية واسعة تبدأ بحرف السين؟",
        "a": "سافانا",
        "o": ["سافانا", "سهول", "سحب", "سيول"],
        "h": "موطن الأسود والفيلة"
      }
    ],
    "ل": [
      {
        "q": "المادة الصخرية المنصهرة التي تطفو على السطح تبدأ بحرف اللام؟",
        "a": "لافا",
        "o": ["لافا", "لهب", "ليل", "لؤلؤ"],
        "h": "الحمم البركانية بعد خروجها"
      }
    ],
    "م": [
      {
        "q": "رياح موسمية غزيرة الأمطار في آسيا تبدأ بحرف الميم؟",
        "a": "مونسون",
        "o": ["مونسون", "مطر", "مناخ", "مد"],
        "h": "تؤثر على الهند بشدة"
      }
    ]
  }
}