{
  "type": "general",
  "sub": "culture_arts",
  "easy": [
    {
      "q": "من هو الرسام الذي رسم لوحة 'الموناليزا'؟",
      "a": "ليوناردو دا فينشي",
      "o": ["ليوناردو دا فينشي", "بيكاسو", "فان جوخ", "مايكل أنجلو"],
      "h": "فنان إيطالي شامل"
    },
    {
      "q": "ما هي المدينة التي تعتبر عاصمة السينما الأمريكية (هوليوود)؟",
      "a": "لوس أنجلوس",
      "o": ["لوس أنجلوس", "نيويورك", "شيكاغو", "ميامي"],
      "h": "في ولاية كاليفورنيا"
    },
    {
      "q": "من أي دولة نشأت البيتزا؟",
      "a": "إيطاليا",
      "o": ["إيطاليا", "فرنسا", "أمريكا", "الصين"],
      "h": "تحديداً مدينة نابولي"
    },
    {
      "q": "ما هو المبنى الشهير الذي يقع في باريس ويعتبر رمزاً لفرنسا؟",
      "a": "برج إيفل",
      "o": ["برج إيفل", "برج بيزا", "ساعة بيغ بن", "تمثال الحرية"],
      "h": "بناه غوستاف إيفل"
    },
    {
      "q": "ما هي الجائزة السينمائية الأشهر في العالم؟",
      "a": "الأوسكار",
      "o": ["الأوسكار", "السعفة الذهبية", "الدب الذهبي", "الأسد الذهبي"],
      "h": "تمثال ذهبي صغير"
    },
    {
      "q": "ما هو الفن الذي يعتمد على التمثيل فوق خشبة المسرح؟",
      "a": "المسرح",
      "o": ["المسرح", "السينما", "النحت", "الرسم"],
      "h": "أبو الفنون"
    },
    {
      "q": "من هو الشخصية الكرتونية الشهيرة التي ابتكرها والت ديزني (فأر)؟",
      "a": "ميكي ماوس",
      "o": ["ميكي ماوس", "توم", "جيري", "باغز باني"],
      "h": "يرتدي بنطالاً أحمر"
    },
    {
      "q": "ما هي الدولة المشهورة بوجبة 'السوشي'؟",
      "a": "اليابان",
      "o": ["اليابان", "الصين", "كوريا", "تايلاند"],
      "h": "أرز وسمك نيء"
    },
    {
      "q": "ما هو اللون الناتج عن خلط الأحمر والأصفر؟",
      "a": "البرتقالي",
      "o": ["البرتقالي", "الأخضر", "البنفسجي", "البني"],
      "h": "لون الجزر"
    },
    {
      "q": "من هو الفنان العربي الملقب بـ 'موسيقار الأجيال'؟",
      "a": "محمد عبدالوهاب",
      "o": ["محمد عبدالوهاب", "فريد الأطرش", "عبدالحليم حافظ", "سيد درويش"],
      "h": "ملحن ومطرب مصري كبير"
    },
    {
      "q": "ما هي الآلة الموسيقية التي لها مفاتيح بيضاء وسوداء؟",
      "a": "البيانو",
      "o": ["البيانو", "العود", "الكمان", "الجيتار"],
      "h": "آلة وترية ومطرقية"
    },
    {
      "q": "ما هو أشهر طبق شعبي في المملكة العربية السعودية؟",
      "a": "الكبسة",
      "o": ["الكبسة", "السوشي", "البيتزا", "البرغر"],
      "h": "أرز ولحم"
    },
    {
      "q": "ما هي عجائب الدنيا القديمة التي لا تزال موجودة في مصر؟",
      "a": "الأهرامات",
      "o": ["الأهرامات", "منارة الإسكندرية", "حدائق بابل", "تمثال زيوس"],
      "h": "خوفو وخفرع ومنقرع"
    },
    {
      "q": "ما هي الدولة التي تشتهر برقصة 'الفلامنكو'؟",
      "a": "إسبانيا",
      "o": ["إسبانيا", "البرازيل", "الأرجنتين", "المكسيك"],
      "h": "تعتمد على التصفيق ودق الأقدام"
    },
    {
      "q": "من هو 'كوكب الشرق'؟",
      "a": "أم كلثوم",
      "o": ["أم كلثوم", "فيروز", "صباح", "وردة"],
      "h": "سيدة الغناء العربي"
    }
  ],
  "medium": [
    {
      "q": "من هو الرسام الذي قطع أذنه؟",
      "a": "فنسنت فان جوخ",
      "o": ["فنسنت فان جوخ", "بيكاسو", "دالي", "رامبرانت"],
      "h": "رسم 'ليلة النجوم'"
    },
    {
      "q": "ما هي الدولة التي قدمت تمثال الحرية هدية لأمريكا؟",
      "a": "فرنسا",
      "o": ["فرنسا", "بريطانيا", "إيطاليا", "ألمانيا"],
      "h": "رمز للصداقة بين البلدين"
    },
    {
      "q": "من هو مؤلف سيمفونية رقم 5 (الشهيرة بضرباتها الأربعة)؟",
      "a": "بيتهوفن",
      "o": ["بيتهوفن", "موتزارت", "باخ", "تشايكوفسكي"],
      "h": "أصيب بالصمم في آخر حياته"
    },
    {
      "q": "ما هو الفن الياباني لطي الورق؟",
      "a": "أوريغامي",
      "o": ["أوريغامي", "إيكيبانا", "مانغا", "أنيمي"],
      "h": "صنع أشكال من الورق دون قصه"
    },
    {
      "q": "في أي مدينة يقع متحف اللوفر؟",
      "a": "باريس",
      "o": ["باريس", "لندن", "روما", "مدريد"],
      "h": "يضم الموناليزا"
    },
    {
      "q": "ما هو اسم الدمية الخشبية التي يطول أنفها عندما تكذب؟",
      "a": "بينوكيو",
      "o": ["بينوكيو", "سندريلا", "علاء الدين", "بيتر بان"],
      "h": "تحول لفتى حقيقي"
    },
    {
      "q": "ما هي المادة الأساسية لصنع الشوكولاتة؟",
      "a": "الكاكاو",
      "o": ["الكاكاو", "القهوة", "الفانيليا", "السكر"],
      "h": "حبوب بنية مرة"
    },
    {
      "q": "من هو مخرج فيلم 'تيتانيك' و'أفاتار'؟",
      "a": "جيمس كاميرون",
      "o": ["جيمس كاميرون", "ستيفن سبيلبرغ", "كريستوفر نولان", "مارتن سكورسيزي"],
      "h": "مخرج كندي"
    },
    {
      "q": "ما هي الدولة التي تشتهر بأفلام 'بوليوود'؟",
      "a": "الهند",
      "o": ["الهند", "نيجيريا", "كوريا", "تركيا"],
      "h": "تتميز بالأغاني والرقص"
    },
    {
      "q": "ما هو الطبق الوطني للمغرب (يُطهى في وعاء فخاري)؟",
      "a": "الطاجن (أو الكسكسي)",
      "o": ["الطاجن", "المندي", "البرياني", "المسخن"],
      "h": "غطاؤه مخروطي الشكل"
    },
    {
      "q": "من هو رائد المدرسة التكعيبية في الرسم؟",
      "a": "بابلو بيكاسو",
      "o": ["بابلو بيكاسو", "سلفادور دالي", "مونيه", "دافنشي"],
      "h": "رسام إسباني"
    },
    {
      "q": "ما هي الشخصية الخيالية التي ألفها آرثر كونان دويل (المحقق)؟",
      "a": "شرلوك هولمز",
      "o": ["شرلوك هولمز", "هيركيول بوارو", "جيمس بوند", "أرسين لوبين"],
      "h": "يسكن في شارع بيكر"
    },
    {
      "q": "أين يقع تاج محل؟",
      "a": "الهند",
      "o": ["الهند", "باكستان", "إيران", "تركيا"],
      "h": "ضريح من الرخام الأبيض"
    },
    {
      "q": "ما هي الآلة الموسيقية الوطنية في اسكتلندا؟",
      "a": "القربة (Mizmar/Bagpipes)",
      "o": ["القربة", "العود", "الناي", "القيثارة"],
      "h": "يرتدي العازفون التنانير"
    },
    {
      "q": "من هو الفنان الذي رسم سقف كنيسة سيستين؟",
      "a": "مايكل أنجلو",
      "o": ["مايكل أنجلو", "دافنشي", "رافائيل", "دوناتيلو"],
      "h": "نحات ورسام إيطالي"
    }
  ],
  "hard": [
    {
      "q": "ما هي المدرسة الفنية التي ينتمي إليها سلفادور دالي؟",
      "a": "السريالية",
      "o": ["السريالية", "التكعيبية", "الانطباعية", "الواقعية"],
      "h": "فن ما فوق الواقع (الأحلام)"
    },
    {
      "q": "ما هو الفيلم الذي فاز بأكبر عدد من جوائز الأوسكار (11 جائزة)؟",
      "a": "سيد الخواتم: عودة الملك (وتيتانيك وبن هور)",
      "o": ["سيد الخواتم: عودة الملك", "العراب", "ذهب مع الريح", "حرب النجوم"],
      "h": "الجزء الثالث من السلسلة"
    },
    {
      "q": "من هو المهندس المعماري الذي صمم متحف اللوفر أبوظبي؟",
      "a": "جان نوفيل",
      "o": ["جان نوفيل", "زها حديد", "فرانك جيري", "نورمان فوستر"],
      "h": "فرنسي الجنسية"
    },
    {
      "q": "ما هو الاسم الحقيقي للمطربة 'فيروز'؟",
      "a": "نهاد حداد",
      "o": ["نهاد حداد", "صباح الشحرورة", "فاطمة الزهراء", "آمال الأطرش"],
      "h": "جارة القمر"
    },
    {
      "q": "ما هي الرقصة التقليدية لسكان نيوزيلندا الأصليين (الماوري)؟",
      "a": "الهاكا",
      "o": ["الهاكا", "السامبا", "التانغو", "الفالس"],
      "h": "يؤديها فريق الرجبي قبل المباراة"
    },
    {
      "q": "من هو مؤلف سلسلة روايات 'هاري بوتر'؟",
      "a": "جي كي رولينغ",
      "o": ["جي كي رولينغ", "تولكين", "ستيفن كينغ", "جورج مارتن"],
      "h": "كاتبة بريطانية"
    },
    {
      "q": "ما هو المطبخ الذي اخترع 'الكرواسون' (أصله الحقيقي)؟",
      "a": "النمساوي (فيينا)",
      "o": ["النمساوي", "الفرنسي", "الإيطالي", "البلجيكي"],
      "h": "على شكل هلال احتفالاً بهزيمة العثمانيين"
    },
    {
      "q": "من هو مخرج أفلام الرعب الشهير الملقب بـ 'سيد التشويق'؟",
      "a": "ألفرد هيتشكوك",
      "o": ["ألفرد هيتشكوك", "كوبريك", "تارانتينو", "سكورسيزي"],
      "h": "مخرج فيلم Psycho"
    },
    {
      "q": "ما هي اللوحة التي رسمها بيكاسو لتصوير مأساة الحرب الأهلية؟",
      "a": "الجيرنيكا",
      "o": ["الجيرنيكا", "الصرخة", "الموناليزا", "العشاء الأخير"],
      "h": "لوحة بالأبيض والأسود والرمادي"
    },
    {
      "q": "ما هو المهرجان السينمائي الذي يقام في مدينة كان الفرنسية؟",
      "a": "مهرجان كان",
      "o": ["مهرجان كان", "الأوسكار", "البندقية", "برلين"],
      "h": "جائزته السعفة الذهبية"
    },
    {
      "q": "ما هي الآلة الموسيقية التي اخترعها 'أنطونيو ستراديفاري'؟",
      "a": "الكمان",
      "o": ["الكمان", "البيانو", "العود", "البوق"],
      "h": "تعتبر كماناته الأغلى في العالم"
    },
    {
      "q": "من هو النحات الذي صنع تمثال 'المفكر'؟",
      "a": "أوغست رودان",
      "o": ["أوغست رودان", "مايكل أنجلو", "دونatello", "برنيني"],
      "h": "نحات فرنسي"
    },
    {
      "q": "ما هي المادة التي يصنع منها الزجاج بشكل رئيسي؟",
      "a": "الرمل (السيليكا)",
      "o": ["الرمل", "الطين", "الحجر", "الخشب"],
      "h": "يتم صهره في حرارة عالية"
    },
    {
      "q": "ما هو الاسم الفني للممثل المصري 'ميشيل شلهوب'؟",
      "a": "عمر الشريف",
      "o": ["عمر الشريف", "رشدي أباظة", "أحمد رمزي", "فريد شوقي"],
      "h": "وصل للعالمية (لورنس العرب)"
    },
    {
      "q": "ما هي الدولة التي يقع فيها 'ماتشو بيتشو' (المدينة المفقودة)؟",
      "a": "بيرو",
      "o": ["بيرو", "المكسيك", "البرازيل", "تشيلي"],
      "h": "حضارة الإنكا"
    }
  ]
}