{
  "type": "general",
  "sub": "history_society",
  "easy": [
    {
      "q": "من هو موحد المملكة العربية السعودية؟",
      "a": "الملك عبدالعزيز",
      "o": ["الملك عبدالعزيز", "الملك سعود", "الملك فيصل", "الإمام محمد بن سعود"],
      "h": "مؤسس الدولة السعودية الثالثة"
    },
    {
      "q": "في أي عام انطلقت رؤية السعودية 2030؟",
      "a": "2016",
      "o": ["2016", "2015", "2017", "2018"],
      "h": "أطلقها ولي العهد الأمير محمد بن سلمان"
    },
    {
      "q": "ما هي عاصمة الدولة الأموية؟",
      "a": "دمشق",
      "o": ["دمشق", "بغداد", "الكوفة", "المدينة المنورة"],
      "h": "تقع في الشام"
    },
    {
      "q": "من هو الرحالة العربي الشهير الذي لقب بـ 'أمير الرحالة'؟",
      "a": "ابن بطوطة",
      "o": ["ابن بطوطة", "ابن ماجد", "الإدريسي", "ياقوت الحموي"],
      "h": "صاحب كتاب 'تحفة النظار'"
    },
    {
      "q": "ما هي الحضارة التي بنت الأهرامات؟",
      "a": "الفراعنة (المصرية القديمة)",
      "o": ["الفراعنة (المصرية القديمة)", "البابلية", "الفينيقية", "الرومانية"],
      "h": "في مصر"
    },
    {
      "q": "متى انتهت الحرب العالمية الثانية؟",
      "a": "1945",
      "o": ["1945", "1918", "1939", "1950"],
      "h": "بعد إلقاء القنبلة الذرية"
    },
    {
      "q": "من هو القائد المسلم الذي فتح الأندلس؟",
      "a": "طارق بن زياد",
      "o": ["طارق بن زياد", "موسى بن نصير", "عبدالرحمن الداخل", "صلاح الدين"],
      "h": "أحرق السفن (في الرواية الشهيرة)"
    },
    {
      "q": "ما هي العملة التي كانت تستخدم في الجزيرة العربية قديماً (النمساوية)؟",
      "a": "الريال الفرنسي (ماريا تريزا)",
      "o": ["الريال الفرنسي (ماريا تريزا)", "الجنيه الاسترليني", "الدينار الذهبي", "الروبية الهندية"],
      "h": "كانت تسمى محلياً 'الفرنسي' رغم أنها نمساوية"
    },
    {
      "q": "أين يقع مقر جامعة الدول العربية؟",
      "a": "القاهرة",
      "o": ["القاهرة", "الرياض", "تونس", "بيروت"],
      "h": "عاصمة مصر"
    },
    {
      "q": "من هو أول إنسان صعد إلى الفضاء؟",
      "a": "يوري غاغارين",
      "o": ["يوري غاغارين", "نيل أرمسترونغ", "بز ألدرين", "سلطان بن سلمان"],
      "h": "رائد فضاء روسي"
    },
    {
      "q": "ما هو اللقب الذي أطلق على صلاح الدين الأيوبي؟",
      "a": "الناصر",
      "o": ["الناصر", "الظاهر", "الصديق", "الفاروق"],
      "h": "محرر القدس"
    },
    {
      "q": "من هي المرأة التي حكمت مصر في العصر الإسلامي (المماليك)؟",
      "a": "شجرة الدر",
      "o": ["شجرة الدر", "كليوباترا", "زنوبيا", "بلقيس"],
      "h": "زوجة الملك الصالح نجم الدين"
    },
    {
      "q": "ما هي أقدم عاصمة مأهولة في التاريخ؟",
      "a": "دمشق",
      "o": ["دمشق", "بغداد", "القاهرة", "صنعاء"],
      "h": "عاصمة الياسمين"
    },
    {
      "q": "في أي دولة انطلقت الثورة الصناعية؟",
      "a": "بريطانيا",
      "o": ["بريطانيا", "فرنسا", "ألمانيا", "أمريكا"],
      "h": "اخترع فيها المحرك البخاري"
    }
  ],
  "medium": [
    {
      "q": "في أي عام تم توحيد المملكة العربية السعودية رسمياً؟",
      "a": "1932 م",
      "o": ["1932 م", "1902 م", "1924 م", "1945 م"],
      "h": "يوافق 1351 هـ"
    },
    {
      "q": "من هو القائد الذي هزم المغول في معركة عين جالوت؟",
      "a": "سيف الدين قطز",
      "o": ["سيف الدين قطز", "الظاهر بيبرس", "صلاح الدين", "نور الدين زنكي"],
      "h": "قائد المماليك"
    },
    {
      "q": "ما هي المعاهدة التي قسمت العالم العربي بين بريطانيا وفرنسا؟",
      "a": "سايكس بيكو",
      "o": ["سايكس بيكو", "لوزان", "سيفر", "وعد بلفور"],
      "h": "وقعت عام 1916"
    },
    {
      "q": "من هو مؤسس علم الاجتماع؟",
      "a": "ابن خلدون",
      "o": ["ابن خلدون", "الفارابي", "ابن رشد", "الغزالي"],
      "h": "صاحب 'المقدمة'"
    },
    {
      "q": "ما هي الدولة التي باعت ألاسكا للولايات المتحدة؟",
      "a": "روسيا",
      "o": ["روسيا", "كندا", "فرنسا", "بريطانيا"],
      "h": "في صفقة اعتبرت رخيصة جداً"
    },
    {
      "q": "من هو القائد العربي الذي انتصر في معركة القادسية؟",
      "a": "سعد بن أبي وقاص",
      "o": ["سعد بن أبي وقاص", "خالد بن الوليد", "المثنى بن حارثة", "النعمان بن مقرن"],
      "h": "أحد العشرة المبشرين بالجنة"
    },
    {
      "q": "ما هو الاسم القديم لمدينة الرياض؟",
      "a": "حجر اليمامة",
      "o": ["حجر اليمامة", "الدرعية", "منفوحة", "المصمك"],
      "h": "كانت عاصمة لإقليم اليمامة"
    },
    {
      "q": "من هو المهندس المعماري الذي بنى تمثال الحرية؟",
      "a": "فريدريك بارتولدي",
      "o": ["فريدريك بارتولدي", "غوستاف إيفل", "ليوناردو دا فينشي", "مايكل أنجلو"],
      "h": "فرنسي الجنسية"
    },
    {
      "q": "ما هي المنظمة التي تأسست عام 1945 لحفظ السلام العالمي؟",
      "a": "الأمم المتحدة",
      "o": ["الأمم المتحدة", "عصبة الأمم", "مجلس الأمن", "حلف الناتو"],
      "h": "مقرها نيويورك"
    },
    {
      "q": "من هو الملك الفرعوني الذي وحد القطرين؟",
      "a": "مينا (نعرمر)",
      "o": ["مينا (نعرمر)", "رمسيس الثاني", "خوفو", "توت عنخ آمون"],
      "h": "مؤسس الأسرة الأولى"
    },
    {
      "q": "ما هي المدينة التي كانت عاصمة العباسيين قبل بغداد؟",
      "a": "الهاشمية (أو الكوفة)",
      "o": ["الهاشمية", "دمشق", "سامراء", "واسط"],
      "h": "بناها السفاح"
    },
    {
      "q": "في أي عام سقطت القسطنطينية بيد العثمانيين؟",
      "a": "1453",
      "o": ["1453", "1492", "1517", "1258"],
      "h": "على يد محمد الفاتح"
    },
    {
      "q": "من هي الدولة التي كانت تسمى 'رجل أوروبا المريض'؟",
      "a": "الدولة العثمانية",
      "o": ["الدولة العثمانية", "النمسا", "إيطاليا", "بولندا"],
      "h": "في أواخر عهدها"
    },
    {
      "q": "ما هو الاسم الحقيقي للملك فيصل الأول (ملك العراق وسوريا)؟",
      "a": "فيصل بن الحسين",
      "o": ["فيصل بن الحسين", "فيصل بن عبدالعزيز", "فيصل بن تركي", "فيصل بن غازي"],
      "h": "قائد الثورة العربية الكبرى"
    }
  ],
  "hard": [
    {
      "q": "ما هي المعركة التي أوقفت الزحف الإسلامي لقلب أوروبا (فرنسا)؟",
      "a": "بلاط الشهداء (تور)",
      "o": ["بلاط الشهداء (تور)", "الزلاقة", "الأرك", "وادي لكة"],
      "h": "قادها عبدالرحمن الغافقي"
    },
    {
      "q": "من هو الخليفة العباسي الذي أسس 'بيت الحكمة'؟",
      "a": "هارون الرشيد (وطوره المأمون)",
      "o": ["هارون الرشيد", "المأمون", "المنصور", "المعتصم"],
      "h": "العصر الذهبي للترجمة"
    },
    {
      "q": "ما هو الاسم الذي أطلق على الحرب بين بريطانيا والصين في القرن 19؟",
      "a": "حرب الأفيون",
      "o": ["حرب الأفيون", "حرب الشاي", "حرب المائة عام", "حرب البوير"],
      "h": "بسبب تجارة المخدرات"
    },
    {
      "q": "من هو القائد القرطاجي الذي عبر جبال الألب بالأفيال؟",
      "a": "هانيبال",
      "o": ["هانيبال", "يوليوس قيصر", "الإسكندر الأكبر", "سبارتاكوس"],
      "h": "لمحاربة روما"
    },
    {
      "q": "في أي عام تم إلغاء الخلافة العثمانية رسمياً؟",
      "a": "1924",
      "o": ["1924", "1922", "1918", "1909"],
      "h": "على يد مصطفى كمال أتاتورك"
    },
    {
      "q": "ما هي الاتفاقية التي أنهت حرب الثلاثين عاماً في أوروبا؟",
      "a": "صلح وستفاليا",
      "o": ["صلح وستفاليا", "معاهدة فرساي", "مؤتمر فيينا", "صلاح أوترخت"],
      "h": "أسست لمفهوم الدولة الحديثة"
    },
    {
      "q": "من هو مؤسس الدولة السعودية الأولى؟",
      "a": "الإمام محمد بن سعود",
      "o": ["الإمام محمد بن سعود", "الإمام تركي بن عبدالله", "الملك عبدالعزيز", "سعود الكبير"],
      "h": "تولى الإمارة في الدرعية عام 1139هـ"
    },
    {
      "q": "ما هي الحضارة التي ابتكرت الأبجدية الأولى (الفينيقية)؟",
      "a": "الفينيقيون",
      "o": ["الفينيقيون", "السومريون", "المصريون", "الإغريق"],
      "h": "كانوا تجاراً بحريين في لبنان"
    },
    {
      "q": "من هو الفيلسوف الذي حكم عليه بالموت بتجرع السم؟",
      "a": "سقراط",
      "o": ["سقراط", "أفلاطون", "أرسطو", "فيثاغورس"],
      "h": "بتهمة إفساد عقول الشباب"
    },
    {
      "q": "ما هي المعركة التي انتصر فيها نابليون بونابرت وتسمى 'معركة الأباطرة الثلاثة'؟",
      "a": "أوسترليتز",
      "o": ["أوسترليتز", "واترلو", "لايبزيغ", "بورودينو"],
      "h": "أعظم انتصاراته"
    },
    {
      "q": "من هو السلطان المملوكي الذي بنى مسجداً ومدرسة شهيرة بالقاهرة (عملة الـ 1000 جنيه)؟",
      "a": "السلطان قايتباي",
      "o": ["السلطان قايتباي", "السلطان حسن", "السلطان برقوق", "السلطان قلاوون"],
      "h": "عفواً، مسجد السلطان حسن هو الأشهر، لكن قايتباي له قلعة بالإسكندرية"
    },
    {
      "q": "ما هو الاسم القديم لمدينة اسطنبول قبل الفتح؟",
      "a": "القسطنطينية",
      "o": ["القسطنطينية", "بيزنطة", "نيقوميديا", "أدرنة"],
      "h": "عاصمة الروم"
    },
    {
      "q": "من هو القائد الذي وحد اليابان في القرن 16؟",
      "a": "تويوتومي هيديوشي (أو أودا نوبوناغا)",
      "o": ["أودا نوبوناغا", "ميجي", "هيروهيتو", "توكوغاوا"],
      "h": "بداية عصر توحيد اليابان"
    },
    {
      "q": "ما هي الدولة التي انفصلت عنها بنغلاديش عام 1971؟",
      "a": "باكستان",
      "o": ["باكستان", "الهند", "بورما", "أفغانستان"],
      "h": "كانت تسمى باكستان الشرقية"
    },
    {
      "q": "من هو مؤلف كتاب 'كفاحي'؟",
      "a": "أدولف هتلر",
      "o": ["أدولف هتلر", "موسوليني", "ستالين", "تشرشل"],
      "h": "كتبه وهو في السجن"
    }
  ]
}