{
  "type": "general",
  "sub": "language_lit",
  "easy": [
    {
      "q": "كم عدد حروف اللغة العربية؟",
      "a": "28 حرفاً",
      "o": ["28 حرفاً", "26 حرفاً", "29 حرفاً", "30 حرفاً"],
      "h": "لغة الضاد"
    },
    {
      "q": "ما هو ضد كلمة 'تفاؤل'؟",
      "a": "تشاؤم",
      "o": ["تشاؤم", "حزن", "يأس", "خوف"],
      "h": "توقع الشر"
    },
    {
      "q": "من هو 'أمير الشعراء' في العصر الحديث؟",
      "a": "أحمد شوقي",
      "o": ["أحمد شوقي", "حافظ إبراهيم", "المتنبي", "نزار قباني"],
      "h": "شاعر مصري كتب 'الشوقيات'"
    },
    {
      "q": "أكمل المثل: 'من جد وجد ومن زرع ...'؟",
      "a": "حصد",
      "o": ["حصد", "أكل", "نال", "نجح"],
      "h": "نتيجة الزراعة"
    },
    {
      "q": "ما هي حركة الفاعل في الجملة الفعلية (عادة)؟",
      "a": "الرفع (الضمة)",
      "o": ["الرفع (الضمة)", "النصب (الفتحة)", "الجر (الكسرة)", "الجزم (السكون)"],
      "h": "مثل: جاءَ الطالبُ"
    },
    {
      "q": "ما هو جمع كلمة 'كتاب'؟",
      "a": "كتب",
      "o": ["كتب", "كاتبون", "مكتبات", "كتائب"],
      "h": "جمع تكسير"
    },
    {
      "q": "من هو مؤلف علم النحو (واضع النقاط)؟",
      "a": "أبو الأسود الدؤلي",
      "o": ["أبو الأسود الدؤلي", "سيبويه", "الفراهيدي", "الكسائي"],
      "h": "بأمر من علي بن أبي طالب"
    },
    {
      "q": "ما هو الحيوان الذي يضرب به المثل في الغدر؟",
      "a": "الذئب",
      "o": ["الذئب", "الأسد", "الثعلب", "الكلب"],
      "h": "غدر..."
    },
    {
      "q": "أكمل المثل: 'الوقت كالسيف إن لم تقطعه ...'؟",
      "a": "قطعك",
      "o": ["قطعك", "قتلك", "فاتك", "سبقك"],
      "h": "دلالة على أهمية الزمن"
    },
    {
      "q": "ما هي الكلمة التي تعني 'الذهب' في اللغة العربية؟",
      "a": "العسجد (أو التبر)",
      "o": ["العسجد", "اللجين", "الدر", "الماس"],
      "h": "من أسمائه الكثيرة"
    },
    {
      "q": "ما هو المثنى من كلمة 'قلم'؟",
      "a": "قلمان",
      "o": ["قلمان", "أقلام", "قلمون", "قلمين"],
      "h": "إضافة ألف ونون"
    },
    {
      "q": "من هو الشاعر الذي قتله شعره؟",
      "a": "المتنبي",
      "o": ["المتنبي", "البحتري", "أبو تمام", "الفرزدق"],
      "h": "قال: الخيل والليل والبيداء تعرفني"
    },
    {
      "q": "ما هو الحرف الذي تتميز به اللغة العربية (لغة الـ...)؟",
      "a": "الضاد",
      "o": ["الضاد", "الظاء", "العين", "القاف"],
      "h": "لا يوجد في لغات أخرى"
    },
    {
      "q": "ماذا يسمى صوت الحصان؟",
      "a": "صهيل",
      "o": ["صهيل", "زئير", "نهيق", "خوار"],
      "h": "صوت معروف"
    },
    {
      "q": "أكمل المثل: 'الصديق وقت ...'؟",
      "a": "الضيق",
      "o": ["الضيق", "الفرج", "الحاجة", "السفر"],
      "h": "عند الشدائد"
    }
  ],
  "medium": [
    {
      "q": "ما هو الكتاب الذي ألفه ابن المقفع (على لسان الحيوانات)؟",
      "a": "كليلة ودمنة",
      "o": ["كليلة ودمنة", "ألف ليلة وليلة", "البخلاء", "الحيوان"],
      "h": "أصله هندي وترجم للعربية"
    },
    {
      "q": "كم عدد المعلقات الشعرية (الأشهر)؟",
      "a": "7 معلقات",
      "o": ["7 معلقات", "10 معلقات", "5 معلقات", "3 معلقات"],
      "h": "أصحابها: امرؤ القيس، عنترة..."
    },
    {
      "q": "ما هو إعراب 'كان' في جملة 'كان الجو جميلاً'؟",
      "a": "فعل ماض ناقص",
      "o": ["فعل ماض ناقص", "فعل مضارع", "حرف جر", "مبتدأ"],
      "h": "يرفع المبتدأ وينصب الخبر"
    },
    {
      "q": "من هو صاحب لقب 'شاعر النيل'؟",
      "a": "حافظ إبراهيم",
      "o": ["حافظ إبراهيم", "أحمد شوقي", "إبراهيم ناجي", "البارودي"],
      "h": "شاعر مصري معاصر لشوقي"
    },
    {
      "q": "ماذا يسمى بيت النمل؟",
      "a": "قرية",
      "o": ["قرية", "جحر", "وكر", "عش"],
      "h": "ذكرت في القرآن: قالت نملة..."
    },
    {
      "q": "ما هو أصل كلمة 'أطلس' (كتاب الخرائط)؟",
      "a": "يوناني",
      "o": ["يوناني", "عربي", "فارسي", "لاتيني"],
      "h": "نسبة للإله الذي يحمل الأرض في الأساطير"
    },
    {
      "q": "من هو مؤلف كتاب 'البخلاء'؟",
      "a": "الجاحظ",
      "o": ["الجاحظ", "ابن المقفع", "الأصمعي", "الهمذاني"],
      "h": "أديب عباسي جاحظ العينين"
    },
    {
      "q": "ما هو البحر الشعري الأكثر استخداماً في الشعر العربي؟",
      "a": "الطويل",
      "o": ["الطويل", "البسيط", "الكامل", "الرجز"],
      "h": "طويل له دون البحور فضائل"
    },
    {
      "q": "ما معنى كلمة 'الهيجاء' في الشعر؟",
      "a": "الحرب",
      "o": ["الحرب", "الصحراء", "الحب", "الليل"],
      "h": "ساحة المعركة"
    },
    {
      "q": "من القائل: 'ألا ليت الشباب يعود يوماً'؟",
      "a": "أبو العتاهية",
      "o": ["أبو العتاهية", "أبو نواس", "بشار بن برد", "النابغة"],
      "h": "فأخبره بما فعل المشيب"
    },
    {
      "q": "ما هي الكلمة التي تجمع 'امرأة' من غير لفظها؟",
      "a": "نساء",
      "o": ["نساء", "أمرات", "مروات", "إماء"],
      "h": "جمع تكسير شاذ"
    },
    {
      "q": "ما هو 'علم العروض'؟",
      "a": "علم ميزان الشعر",
      "o": ["علم ميزان الشعر", "علم النحو", "علم البلاغة", "علم الصرف"],
      "h": "أسسه الخليل بن أحمد"
    },
    {
      "q": "أكمل البيت: 'الخيل والليل والبيداء تعرفني ...'؟",
      "a": "والسيف والرمح والقرطاس والقلم",
      "o": ["والسيف والرمح والقرطاس والقلم", "والضرب والطعن والفرسان والألم", "والحب والشوق والأطلال والنغم", "والعلم والحلم والأخلاق والشيم"],
      "h": "بيت المتنبي الشهير"
    },
    {
      "q": "ما هو ضد كلمة 'إيثار'؟",
      "a": "أثرة (أنانية)",
      "o": ["أثرة", "كرم", "بخل", "شجاعة"],
      "h": "تفضيل النفس على الآخرين"
    },
    {
      "q": "ما هي عاصمة الأدب في العصر العباسي؟",
      "a": "بغداد",
      "o": ["بغداد", "دمشق", "القاهرة", "قرطبة"],
      "h": "حاضرة الخلافة"
    }
  ],
  "hard": [
    {
      "q": "من هو واضع علم العروض؟",
      "a": "الخليل بن أحمد الفراهيدي",
      "o": ["الخليل بن أحمد الفراهيدي", "سيبويه", "أبو الأسود الدؤلي", "ابن جني"],
      "h": "مؤلف كتاب 'العين'"
    },
    {
      "q": "ماذا يسمى صوت القلم عند الكتابة؟",
      "a": "صرير",
      "o": ["صرير", "حفيف", "أزيز", "خرير"],
      "h": "صوت احتكاك"
    },
    {
      "q": "من هو صاحب معلقة 'قف نبك من ذكرى حبيب ومنزل'؟",
      "a": "امرؤ القيس",
      "o": ["امرؤ القيس", "طرفة بن العبد", "زهير بن أبي سلمى", "عنترة بن شداد"],
      "h": "الملك الضليل"
    },
    {
      "q": "ما هي أطول كلمة في القرآن الكريم؟",
      "a": "فأسقيناكموه",
      "o": ["فأسقيناكموه", "فسيكفيكهم", "أنلزمكموها", "ليستخلفنهم"],
      "h": "في سورة الحجر"
    },
    {
      "q": "ما هو 'الطباق' في البلاغة؟",
      "a": "الجمع بين الكلمة وضدها",
      "o": ["الجمع بين الكلمة وضدها", "تشابه اللفظ واختلاف المعنى", "المدح بما يشبه الذم", "التشبيه البليغ"],
      "h": "مثل: ليل ونهار"
    },
    {
      "q": "من هو مؤلف 'لسان العرب' (المعجم الضخم)؟",
      "a": "ابن منظور",
      "o": ["ابن منظور", "الفيروزآبادي", "الزمخشري", "الجوهري"],
      "h": "من أشهر المعاجم"
    },
    {
      "q": "ما هو اسم 'عنترة بن شداد' الحقيقي (لقبه عنترة)؟",
      "a": "عنترة بن عمرو",
      "o": ["عنترة بن عمرو", "عنترة بن معاوية", "عنترة بن زياد", "عنترة بن قيس"],
      "h": "شداد كان أبوه (أو عمه الذي تبناه)"
    },
    {
      "q": "ماذا يسمى المفعول الذي يبين سبب حدوث الفعل؟",
      "a": "مفعول لأجله",
      "o": ["مفعول لأجله", "مفعول مطلق", "مفعول به", "مفعول معه"],
      "h": "مثل: قمتُ (احتراماً) للمعلم"
    },
    {
      "q": "من هو الشاعر الملقب بـ 'صناجة العرب'؟",
      "a": "الأعشى",
      "o": ["الأعشى", "الحطيئة", "النابغة", "جرير"],
      "h": "كان يغني بشعره"
    },
    {
      "q": "ما معنى كلمة 'الأخطل'؟",
      "a": "طويل الأذنين (أو السفيه)",
      "o": ["طويل الأذنين", "طويل اللسان", "قصير القامة", "الأعرج"],
      "h": "لقب لشاعر أموي مسيحي"
    },
    {
      "q": "في أي عصر عاش الشاعر 'أبو نواس'؟",
      "a": "العصر العباسي",
      "o": ["العصر العباسي", "العصر الأموي", "العصر الجاهلي", "العصر الأندلسي"],
      "h": "شاعر المجون والخمريات"
    },
    {
      "q": "ما هي 'المقامات' في الأدب العربي؟",
      "a": "قصص قصيرة مسجعة",
      "o": ["قصص قصيرة مسجعة", "أغاني وموشحات", "خطب سياسية", "رسائل ديوانية"],
      "h": "أشهرها مقامات الحريري والهمذاني"
    },
    {
      "q": "ما هو جمع كلمة 'عندليب'؟",
      "a": "عنادل",
      "o": ["عنادل", "عندليبات", "عناديب", "أعاند"],
      "h": "طائر مغرد"
    },
    {
      "q": "من هو نجيب محفوظ؟",
      "a": "روائي مصري نوبلي",
      "o": ["روائي مصري نوبلي", "شاعر عراقي", "مؤرخ سوري", "كاتب مسرحي لبناني"],
      "h": "صاحب الثلاثية"
    },
    {
      "q": "ماذا تعني كلمة 'الغضنفر'؟",
      "a": "الأسد",
      "o": ["الأسد", "السيف", "الليل", "البحر"],
      "h": "من أسماء الأسد الكثيرة"
    }
  ]
}