{
  "type": "general",
  "sub": "science_health",
  "easy": [
    {
      "q": "كم عدد كواكب المجموعة الشمسية؟",
      "a": "8 كواكب",
      "o": ["8 كواكب", "9 كواكب", "7 كواكب", "10 كواكب"],
      "h": "بعد استبعاد بلوتو"
    },
    {
      "q": "ما هو الغاز الذي نتنفسه ونحتاجه للحياة؟",
      "a": "الأكسجين",
      "o": ["الأكسجين", "النيتروجين", "الهيدروجين", "ثاني أكسيد الكربون"],
      "h": "رمزه O2"
    },
    {
      "q": "ما هو العضو المسؤول عن ضخ الدم في جسم الإنسان؟",
      "a": "القلب",
      "o": ["القلب", "الكبد", "الرئة", "الدماغ"],
      "h": "يقع في القفص الصدري"
    },
    {
      "q": "ما هي درجة غليان الماء (عند مستوى سطح البحر)؟",
      "a": "100 درجة مئوية",
      "o": ["100 درجة مئوية", "90 درجة مئوية", "50 درجة مئوية", "0 درجة مئوية"],
      "h": "درجة التبخر"
    },
    {
      "q": "أكبر عضو (مساحة) في جسم الإنسان هو؟",
      "a": "الجلد",
      "o": ["الجلد", "الكبد", "الرئة", "الأمعاء"],
      "h": "يغطي الجسم بالكامل"
    },
    {
      "q": "ما هو الكوكب الأحمر؟",
      "a": "المريخ",
      "o": ["المريخ", "المشتري", "زحل", "الزهرة"],
      "h": "جار الأرض"
    },
    {
      "q": "حيوان منقرض ضخم عاش قبل ملايين السنين؟",
      "a": "الديناصور",
      "o": ["الديناصور", "الفيل", "الحوت", "التمساح"],
      "h": "له أنواع كثيرة مثل التي ريكس"
    },
    {
      "q": "ما هو الفيتامين الذي نأخذه من أشعة الشمس؟",
      "a": "فيتامين د (D)",
      "o": ["فيتامين د (D)", "فيتامين سي (C)", "فيتامين أ (A)", "فيتامين ب (B)"],
      "h": "مهم للعظام"
    },
    {
      "q": "كم عدد أسنان الإنسان البالغ (الكاملة)؟",
      "a": "32 سناً",
      "o": ["32 سناً", "20 سناً", "40 سناً", "28 سناً"],
      "h": "شاملة أضراس العقل"
    },
    {
      "q": "ما هي الحالة التي يتحول فيها الماء إلى ثلج؟",
      "a": "التجمد",
      "o": ["التجمد", "التبخر", "الانصهار", "التسامي"],
      "h": "تحول السائل لصلب"
    },
    {
      "q": "ما هو أسرع شيء في الكون؟",
      "a": "الضوء",
      "o": ["الضوء", "الصوت", "الصاروخ", "الطائرة"],
      "h": "يقطع 300 ألف كم في الثانية"
    },
    {
      "q": "العضو المسؤول عن التنفس هو؟",
      "a": "الرئتين",
      "o": ["الرئتين", "القلب", "المعدة", "الكلى"],
      "h": "يستخلص الأكسجين من الهواء"
    },
    {
      "q": "ما هو المعدن السائل في درجة حرارة الغرفة؟",
      "a": "الزئبق",
      "o": ["الزئبق", "الحديد", "الذهب", "النحاس"],
      "h": "يستخدم في موازين الحرارة"
    },
    {
      "q": "ما هو رمز الماء الكيميائي؟",
      "a": "H2O",
      "o": ["H2O", "CO2", "O2", "NaCl"],
      "h": "ذرتين هيدروجين وذرة أكسجين"
    },
    {
      "q": "كم عدد عيون الإنسان الطبيعي؟",
      "a": "2",
      "o": ["2", "1", "3", "4"],
      "h": "للرؤية المجسمة"
    }
  ],
  "medium": [
    {
      "q": "ما هو الكوكب الأقرب للشمس؟",
      "a": "عطارد",
      "o": ["عطارد", "الزهرة", "الأرض", "المريخ"],
      "h": "شديد الحرارة نهاراً"
    },
    {
      "q": "ما هو الغاز الأكثر وفرة في الغلاف الجوي للأرض؟",
      "a": "النيتروجين",
      "o": ["النيتروجين", "الأكسجين", "ثاني أكسيد الكربون", "الهيدروجين"],
      "h": "يشكل 78% تقريباً"
    },
    {
      "q": "ما هو العضو الذي يقوم بتنقية الدم من السموم؟",
      "a": "الكبد (والكلى)",
      "o": ["الكبد", "القلب", "المعدة", "البنكرياس"],
      "h": "أكبر غدة في الجسم"
    },
    {
      "q": "من هو مكتشف الجاذبية الأرضية؟",
      "a": "إسحاق نيوتن",
      "o": ["إسحاق نيوتن", "أينشتاين", "جاليلو", "اديسون"],
      "h": "قصة التفاحة الشهيرة"
    },
    {
      "q": "ما هو اسم المجرة التي نعيش فيها؟",
      "a": "درب التبانة",
      "o": ["درب التبانة", "أندروميدا", "تريانجلوم", "الصياد"],
      "h": "مجرة حلزونية"
    },
    {
      "q": "ما هو الجزء المسؤول عن توازن الجسم؟",
      "a": "المخيخ (والأذن الداخلية)",
      "o": ["المخيخ", "المخ", "النخاع الشوكي", "القلب"],
      "h": "يقع أسفل المخ من الخلف"
    },
    {
      "q": "كم عدد عظام الإنسان البالغ؟",
      "a": "206 عظمة",
      "o": ["206 عظمة", "250 عظمة", "180 عظمة", "300 عظمة"],
      "h": "يولد الطفل بعظام أكثر ثم تلتحم"
    },
    {
      "q": "ما هو العنصر الكيميائي الذي رمزه 'Au'؟",
      "a": "الذهب",
      "o": ["الذهب", "الفضة", "النحاس", "الحديد"],
      "h": "معدن ثمين أصفر"
    },
    {
      "q": "ما هي فصيلة الدم التي تسمى 'المعطي العام'؟",
      "a": "O سالب (O-)",
      "o": ["O سالب (O-)", "A موجب", "AB موجب", "B سالب"],
      "h": "تعطي الجميع ولا تأخذ إلا من نفسها"
    },
    {
      "q": "ما هو الجهاز الذي يقيس الزلازل؟",
      "a": "السيسموجراف (مقياس ريختر)",
      "o": ["السيسموجراف", "البارومتر", "الترمومتر", "الأميتر"],
      "h": "يقيس الهزات الأرضية"
    },
    {
      "q": "من هو مخترع المصباح الكهربائي؟",
      "a": "توماس إديسون",
      "o": ["توماس إديسون", "نيكولا تسلا", "غراهام بيل", "ماركوني"],
      "h": "له أكثر من 1000 اختراع"
    },
    {
      "q": "ما هي الوحدة المستخدمة لقياس القوة؟",
      "a": "نيوتن",
      "o": ["نيوتن", "جول", "وات", "باسكال"],
      "h": "نسبة للعالم المكتشف"
    },
    {
      "q": "أي كوكب لديه حلقات واضحة حوله؟",
      "a": "زحل",
      "o": ["زحل", "المشتري", "نبتون", "أورانوس"],
      "h": "جوهرة النظام الشمسي"
    },
    {
      "q": "ما هو المرض الذي يسببه نقص الأنسولين؟",
      "a": "السكري",
      "o": ["السكري", "الضغط", "الربو", "الأنيميا"],
      "h": "ارتفاع السكر في الدم"
    },
    {
      "q": "أصغر وحدة بنائية للكائن الحي هي؟",
      "a": "الخلية",
      "o": ["الخلية", "الذرة", "النسيج", "العضو"],
      "h": "تتكون منها الأنسجة"
    }
  ],
  "hard": [
    {
      "q": "ما هو الغاز المسبب لظاهرة الاحتباس الحراري بشكل رئيسي؟",
      "a": "ثاني أكسيد الكربون",
      "o": ["ثاني أكسيد الكربون", "الأوزون", "الميثان", "النيتروجين"],
      "h": "ينتج عن الاحتراق والتنفس"
    },
    {
      "q": "من هو مكتشف البنسلين (المضاد الحيوي)؟",
      "a": "ألكسندر فلمنج",
      "o": ["ألكسندر فلمنج", "لويس باستير", "روبرت كوخ", "إدوارد جينر"],
      "h": "بالصدفة من فطر العفن"
    },
    {
      "q": "ما هو العنصر الأكثر وفرة في الكون؟",
      "a": "الهيدروجين",
      "o": ["الهيدروجين", "الهيليوم", "الأكسجين", "الكربون"],
      "h": "وقود النجوم"
    },
    {
      "q": "ما هو جزء الخلية المسؤول عن إنتاج الطاقة؟",
      "a": "الميتوكوندريا",
      "o": ["الميتوكوندريا", "النواة", "الريبوسوم", "السيتوبلازم"],
      "h": "محطة توليد الطاقة"
    },
    {
      "q": "ما هي النظرية التي تفسر نشأة الكون؟",
      "a": "الانفجار العظيم (Big Bang)",
      "o": ["الانفجار العظيم", "التطور", "النسبية", "الجاذبية"],
      "h": "توسع الكون من نقطة واحدة"
    },
    {
      "q": "من هو العالم الذي وضع النظرية النسبية؟",
      "a": "ألبرت أينشتاين",
      "o": ["ألبرت أينشتاين", "نيوتن", "ستيفن هوكينغ", "ماكس بلانك"],
      "h": "معادلته الشهيرة E=mc²"
    },
    {
      "q": "ما هو الفيتامين المسؤول عن تخثر الدم؟",
      "a": "فيتامين ك (K)",
      "o": ["فيتامين ك (K)", "فيتامين هـ (E)", "فيتامين ب12", "فيتامين أ"],
      "h": "نقصه يسبب النزيف"
    },
    {
      "q": "ما هي أقصى سرعة يمكن أن يصل إليها أي جسم؟",
      "a": "سرعة الضوء",
      "o": ["سرعة الضوء", "سرعة الصوت", "سرعة الإفلات", "سرعة الصوت × 10"],
      "h": "حوالي 300,000 كم/ثانية"
    },
    {
      "q": "ما هو أثقل عضو داخلي في جسم الإنسان؟",
      "a": "الكبد",
      "o": ["الكبد", "القلب", "الدماغ", "الرئة"],
      "h": "وزنه حوالي 1.5 كجم"
    },
    {
      "q": "ما هو المعدن الوحيد الذي لا يصدأ؟",
      "a": "الذهب",
      "o": ["الذهب", "الفضة", "البلاتين", "الألمنيوم"],
      "h": "يحتفظ ببريقه للأبد"
    },
    {
      "q": "كم عدد صمامات القلب؟",
      "a": "4 صمامات",
      "o": ["4 صمامات", "2 صمام", "3 صمامات", "6 صمامات"],
      "h": "تنظم مرور الدم في اتجاه واحد"
    },
    {
      "q": "ما هو الهرمون الذي يفرزه الجسم عند الخوف (الكر والفر)؟",
      "a": "الأدرينالين",
      "o": ["الأدرينالين", "الدوبامين", "السيروتونين", "الكورتيزول"],
      "h": "يزيد ضربات القلب"
    },
    {
      "q": "ما هو الغاز الذي يستخدم لإطفاء الحرائق؟",
      "a": "ثاني أكسيد الكربون",
      "o": ["ثاني أكسيد الكربون", "الأكسجين", "الهيدروجين", "النيتروجين"],
      "h": "لأنه أثقل من الهواء ويمنع الأكسجين"
    },
    {
      "q": "أين يتم هضم البروتينات بشكل رئيسي؟",
      "a": "المعدة",
      "o": ["المعدة", "الفم", "الأمعاء الغليظة", "الكبد"],
      "h": "بواسطة حمض الهيدروكلوريك والإنزيمات"
    },
    {
      "q": "ما هو العلم الذي يدرس طبقات الأرض والصخور؟",
      "a": "الجيولوجيا",
      "o": ["الجيولوجيا", "البيولوجيا", "الأرصاد", "الفلك"],
      "h": "علم الأرض"
    }
  ]
}