{
  "type": "general",
  "sub": "tech_digital",
  "easy": [
    {
      "q": "ما هو الجهاز الذي يعتبر 'عقل' الحاسب الآلي؟",
      "a": "المعالج (CPU)",
      "o": ["المعالج (CPU)", "القرص الصلب", "الرام (RAM)", "الشاشة"],
      "h": "يقوم بمعالجة جميع البيانات"
    },
    {
      "q": "ما هو الاسم المختصر للشبكة العنكبوتية العالمية؟",
      "a": "WWW",
      "o": ["WWW", "HTTP", "URL", "HTML"],
      "h": "World Wide Web"
    },
    {
      "q": "أي من هذه الشركات أنتجت نظام ويندوز؟",
      "a": "مايكروسوفت",
      "o": ["مايكروسوفت", "أبل", "جوجل", "IBM"],
      "h": "أسسها بيل غيتس"
    },
    {
      "q": "ما هو الجهاز المستخدم لتحريك المؤشر على الشاشة؟",
      "a": "الفأرة (Mouse)",
      "o": ["الفأرة (Mouse)", "لوحة المفاتيح", "الطابعة", "السماعة"],
      "h": "له زر أيمن وأيسر"
    },
    {
      "q": "ما هي الشبكة الاجتماعية التي تستخدم التغريدات؟",
      "a": "تويتر (X)",
      "o": ["تويتر (X)", "فيسبوك", "إنستغرام", "سناب شات"],
      "h": "رمزها الطائر الأزرق سابقاً"
    },
    {
      "q": "ما هو نظام التشغيل الأكثر شيوعاً للهواتف الذكية؟",
      "a": "أندرويد",
      "o": ["أندرويد", "iOS", "ويندوز فون", "لينكس"],
      "h": "من تطوير جوجل"
    },
    {
      "q": "ماذا تعني كلمة PC؟",
      "a": "حاسب شخصي",
      "o": ["حاسب شخصي", "حاسب محمول", "حاسب مركزي", "حاسب لوحي"],
      "h": "Personal Computer"
    },
    {
      "q": "أي من التالي يعتبر متصفح إنترنت؟",
      "a": "جوجل كروم",
      "o": ["جوجل كروم", "مايكروسوفت وورد", "فوتوشوب", "باوربوينت"],
      "h": "يستخدم لفتح المواقع"
    },
    {
      "q": "ما هو الزر الذي يستخدم للحذف في لوحة المفاتيح؟",
      "a": "Delete / Backspace",
      "o": ["Delete / Backspace", "Enter", "Shift", "Ctrl"],
      "h": "لمسح الحروف"
    },
    {
      "q": "ما هي الشركة المصنعة لهواتف آيفون؟",
      "a": "أبل (Apple)",
      "o": ["أبل (Apple)", "سامسونج", "هواوي", "نوكيا"],
      "h": "شعارها التفاحة"
    },
    {
      "q": "ما هو اختصار 'البريد الإلكتروني'؟",
      "a": "E-mail",
      "o": ["E-mail", "G-mail", "V-mail", "T-mail"],
      "h": "رسائل عبر الإنترنت"
    },
    {
      "q": "ما هو الجهاز الذي يطبع المستندات على الورق؟",
      "a": "الطابعة",
      "o": ["الطابعة", "الماسح الضوئي", "الشاشة", "الكاميرا"],
      "h": "تخرج الأوراق"
    },
    {
      "q": "أي من هذه يعتبر وحدة تخزين خارجية؟",
      "a": "الفلاش ميموري (USB)",
      "o": ["الفلاش ميموري (USB)", "المعالج", "الرام", "الشاشة"],
      "h": "صغير الحجم وينقل البيانات"
    },
    {
      "q": "ما هو التطبيق الشهير لمشاركة الصور والفيديو؟",
      "a": "إنستغرام",
      "o": ["إنستغرام", "إكسل", "وورد", "أوتلوك"],
      "h": "تملكه شركة ميتا (فيسبوك)"
    },
    {
      "q": "ما هو الرمز الذي يستخدم في عناوين البريد الإلكتروني؟",
      "a": "@",
      "o": ["@", "#", "$", "&"],
      "h": "يلفظ (آت)"
    }
  ],
  "medium": [
    {
      "q": "ما هي لغة البرمجة التي تستخدم لتصميم صفحات الويب (الهيكل)؟",
      "a": "HTML",
      "o": ["HTML", "Python", "Java", "C++"],
      "h": "HyperText Markup Language"
    },
    {
      "q": "ماذا يعني اختصار Wi-Fi؟",
      "a": "Wireless Fidelity",
      "o": ["Wireless Fidelity", "Wireless Find", "Wide Fiber", "Web Field"],
      "h": "الاتصال اللاسلكي"
    },
    {
      "q": "ما هو النظام الثنائي (Binary) الذي تفهمه الحواسيب؟",
      "a": "0 و 1",
      "o": ["0 و 1", "1 و 2", "0 و 9", "A و B"],
      "h": "لغة الآلة"
    },
    {
      "q": "ما هي الذاكرة التي تفقد بياناتها عند انقطاع الكهرباء؟",
      "a": "الذاكرة العشوائية (RAM)",
      "o": ["الذاكرة العشوائية (RAM)", "القرص الصلب (HDD)", "الفلاش", "القرص المدمج"],
      "h": "تخزين مؤقت للبرامج المفتوحة"
    },
    {
      "q": "من هو مؤسس شركة فيسبوك؟",
      "a": "مارك زوكربيرغ",
      "o": ["مارك زوكربيرغ", "إيلون ماسك", "جيف بيزوس", "بيل غيتس"],
      "h": "أسسها وهو طالب في هارفارد"
    },
    {
      "q": "ما هي الوحدة التي تستخدم لقياس سرعة المعالج؟",
      "a": "الهرتز (Hertz)",
      "o": ["الهرتز (Hertz)", "البايت", "البت", "البكسل"],
      "h": "جيجاهرتز في الغالب"
    },
    {
      "q": "ما هو اختصار 'الذكاء الاصطناعي'؟",
      "a": "AI",
      "o": ["AI", "VR", "AR", "IT"],
      "h": "Artificial Intelligence"
    },
    {
      "q": "أي مما يلي يعتبر برنامجاً خبيثاً؟",
      "a": "فيروس (Virus)",
      "o": ["فيروس (Virus)", "متصفح", "نظام تشغيل", "مضاد فيروسات"],
      "h": "يضر الحاسب ويسرق البيانات"
    },
    {
      "q": "ما هي التقنية التي تربط الأجهزة القريبة لاسلكياً (مثل السماعات)؟",
      "a": "البلوتوث",
      "o": ["البلوتوث", "الواي فاي", "NFC", "GPS"],
      "h": "رمزها أزرق"
    },
    {
      "q": "ما هو الامتداد الشائع لملفات الصور؟",
      "a": ".jpg",
      "o": [".jpg", ".mp3", ".txt", ".exe"],
      "h": "أو .png"
    },
    {
      "q": "من هو مؤسس شركة أبل؟",
      "a": "ستيف جوبز",
      "o": ["ستيف جوبز", "تيم كوك", "ستيف وزنياك", "بيل غيتس"],
      "h": "مخترع الآيفون والآيباد"
    },
    {
      "q": "ما هو البروتوكول الآمن لتصفح المواقع؟",
      "a": "HTTPS",
      "o": ["HTTPS", "HTTP", "FTP", "SMTP"],
      "h": "الحرف S يعني Secure"
    },
    {
      "q": "ما هي السحابة الإلكترونية (Cloud)؟",
      "a": "تخزين البيانات والخدمات عبر الإنترنت",
      "o": ["تخزين البيانات عبر الإنترنت", "جزء من الغلاف الجوي", "نوع من الشاشات", "برنامج رسم"],
      "h": "مثل جوجل درايف وآيكلاود"
    },
    {
      "q": "ما هو محرك البحث الأكثر استخداماً في العالم؟",
      "a": "Google",
      "o": ["Google", "Bing", "Yahoo", "DuckDuckGo"],
      "h": "ابحث عنه!"
    },
    {
      "q": "ما هي أصغر وحدة تخزين في الحاسب؟",
      "a": "بت (Bit)",
      "o": ["بت (Bit)", "بايت", "كيلوبايت", "ميجابايت"],
      "h": "تحمل قيمة 0 أو 1"
    }
  ],
  "hard": [
    {
      "q": "ما هو أول حاسوب إلكتروني بالكامل (في الأربعينيات)؟",
      "a": "إينياك (ENIAC)",
      "o": ["إينياك (ENIAC)", "يونيفاك", "كولوسوس", "زي3"],
      "h": "كان بحجم غرفة كاملة"
    },
    {
      "q": "ما هي لغة البرمجة التي صممها 'جيمس جوسلينج'؟",
      "a": "جافا (Java)",
      "o": ["جافا (Java)", "سي", "بايثون", "روبي"],
      "h": "شعارها فنجان قهوة"
    },
    {
      "q": "ماذا يعني اختصار PDF؟",
      "a": "Portable Document Format",
      "o": ["Portable Document Format", "Public Data File", "Personal Digital File", "Print Document File"],
      "h": "من تطوير أدوبي"
    },
    {
      "q": "ما هو النظام الذي يترجم أسماء النطاقات (مثل google.com) إلى عناوين IP؟",
      "a": "DNS",
      "o": ["DNS", "DHCP", "VPN", "ISP"],
      "h": "Domain Name System"
    },
    {
      "q": "من هو عالم الرياضيات الذي يعتبر 'أبو الحاسوب'؟",
      "a": "آلان تورينج",
      "o": ["آلان تورينج", "تشارلز بابيج", "جون فون نيومان", "أدا لوفليس"],
      "h": "فك شفرة إنيجما"
    },
    {
      "q": "ما هي التقنية المستخدمة في العملات الرقمية (مثل البيتكوين)؟",
      "a": "البلوك تشين (Blockchain)",
      "o": ["البلوك تشين (Blockchain)", "الكلاود", "البيغ داتا", "إنترنت الأشياء"],
      "h": "سلسلة الكتل اللامركزية"
    },
    {
      "q": "ما هو نظام التشغيل مفتوح المصدر (شعار البطريق)؟",
      "a": "لينكس (Linux)",
      "o": ["لينكس (Linux)", "يونكس", "ماك", "ويندوز"],
      "h": "طورها لينوس تورفالدس"
    },
    {
      "q": "ماذا تعني كلمة 'Pixel'؟",
      "a": "Picture Element",
      "o": ["Picture Element", "Picture Excel", "Pixelate", "Point X"],
      "h": "أصغر نقطة في الصورة الرقمية"
    },
    {
      "q": "ما هو منفذ الشاشة عالي الدقة الذي ينقل الصوت والصورة؟",
      "a": "HDMI",
      "o": ["HDMI", "VGA", "DVI", "USB"],
      "h": "High-Definition Multimedia Interface"
    },
    {
      "q": "في أمن المعلومات، ماذا يعني هجوم DDoS؟",
      "a": "هجوم حجب الخدمة الموزع",
      "o": ["هجوم حجب الخدمة الموزع", "سرقة البيانات", "تشفير الملفات", "انتحال الشخصية"],
      "h": "إغراق الخادم بطلبات وهمية"
    },
    {
      "q": "ما هي أول مبرمجة في التاريخ؟",
      "a": "أدا لوفليس",
      "o": ["أدا لوفليس", "غريس هوبر", "ماري كوري", "كاثرين جونسون"],
      "h": "عملت مع تشارلز بابيج"
    },
    {
      "q": "ما هو الكابل الذي يستخدم الألياف الزجاجية لنقل البيانات بالضوء؟",
      "a": "الألياف الضوئية (Fiber Optics)",
      "o": ["الألياف الضوئية", "الكابل المحوري", "الإيثرنت", "النحاسي"],
      "h": "سريع جداً للإنترنت"
    },
    {
      "q": "ما هي قاعدة البيانات العلائقية الأكثر شهرة؟",
      "a": "SQL",
      "o": ["SQL", "NoSQL", "Excel", "Access"],
      "h": "Structured Query Language"
    },
    {
      "q": "ما هو 'قانون مور' (Moore's Law)؟",
      "a": "تضاعف عدد الترانزستورات كل عامين",
      "o": ["تضاعف عدد الترانزستورات", "سرعة الإنترنت تزيد", "حجم الحاسوب يصغر", "السعر يقل"],
      "h": "تنبؤ لمؤسس إنتل"
    },
    {
      "q": "ما هي لغة الآلة (Machine Code)؟",
      "a": "اللغة الوحيدة التي يفهمها المعالج مباشرة",
      "o": ["اللغة التي يفهمها المعالج", "لغة التجميع", "لغة عالية المستوى", "لغة جافا"],
      "h": "تتكون من أصفار وآحاد"
    }
  ]
}