{
  "type": "sports",
  "sub": "global",
  "easy": [
    {
      "q": "من هو النادي الأكثر تتويجاً بلقب دوري أبطال أوروبا؟",
      "a": "ريال مدريد",
      "o": ["ريال مدريد", "ميلان", "ليفربول", "بايرن ميونخ"],
      "h": "الملكي الإسباني"
    },
    {
      "q": "من هو اللاعب الأكثر فوزاً بجائزة الكرة الذهبية (Ballon d'Or)؟",
      "a": "ليونيل ميسي",
      "o": ["ليونيل ميسي", "كريستيانو رونالدو", "مارادونا", "زيدان"],
      "h": "البرغوث الأرجنتيني"
    },
    {
      "q": "ما هو لقب نادي يوفنتوس الإيطالي؟",
      "a": "السيدة العجوز",
      "o": ["السيدة العجوز", "الشياطين الحمر", "الذئاب", "الأفاعي"],
      "h": "البيانكونيري"
    },
    {
      "q": "في أي مدينة يقع ملعب (أولد ترافورد)؟",
      "a": "مانشستر",
      "o": ["مانشستر", "لندن", "ليفربول", "نيوكاسل"],
      "h": "مسرح الأحلام"
    },
    {
      "q": "من هو المدرب التاريخي لنادي مانشستر يونايتد (استمر 26 سنة)؟",
      "a": "أليكس فيرجسون",
      "o": ["أليكس فيرجسون", "بيب جوارديولا", "جوزيه مورينيو", "أرسين فينغر"],
      "h": "السير الاسكتلندي"
    },
    {
      "q": "من هو الهداف التاريخي لنادي برشلونة؟",
      "a": "ليونيل ميسي",
      "o": ["ليونيل ميسي", "لويس سواريز", "صامويل إيتو", "ريفالدو"],
      "h": "الرقم 10 الأسطوري"
    },
    {
      "q": "ما هي جنسية اللاعب إيرلينغ هالاند؟",
      "a": "نرويجي",
      "o": ["نرويجي", "سويدي", "دنماركي", "ألماني"],
      "h": "لاعب مانشستر سيتي"
    },
    {
      "q": "كم دقيقة مدة مباراة كرة القدم الرسمية (بدون وقت بدل ضائع)؟",
      "a": "90 دقيقة",
      "o": ["90 دقيقة", "100 دقيقة", "60 دقيقة", "45 دقيقة"],
      "h": "شوطين"
    },
    {
      "q": "ما هو لون البطاقة التي تشير للطرد؟",
      "a": "أحمر",
      "o": ["أحمر", "أصفر", "أخضر", "أبيض"],
      "h": "خروج نهائي"
    },
    {
      "q": "من هو (صاروخ ماديرا)؟",
      "a": "كريستيانو رونالدو",
      "o": ["كريستيانو رونالدو", "رونالدو البرازيلي", "رونالدينيو", "روماريو"],
      "h": "الهداف التاريخي لكرة القدم"
    },
    {
      "q": "شعار أي نادي يحتوي على (خفاش)؟",
      "a": "فالنسيا",
      "o": ["فالنسيا", "برشلونة", "أتلتيكو مدريد", "إشبيلية"],
      "h": "نادي إسباني"
    },
    {
      "q": "من هو الحارس الملقب بـ (العنكبوت)؟ (تاريخياً ليف ياشين، حديثاً قد يطلق على غيره، لكن السؤال عن الأشهر)",
      "a": "ليف ياشين",
      "o": ["ليف ياشين", "أوليفر كان", "نوير", "كاسياس"],
      "h": "الحارس الوحيد الفائز بالكرة الذهبية"
    },
    {
      "q": "ما هو الفريق الذي حقق الدوري الإنجليزي (البريميرليج) الذهبي بدون هزيمة؟",
      "a": "أرسنال",
      "o": ["أرسنال", "تشيلسي", "مانشستر سيتي", "ليفربول"],
      "h": "موسم 2003-2004 (Invincibles)"
    }
  ],
  "medium": [
    {
      "q": "من هو الحكم الإيطالي الشهير بصلعته ونظراته الحادة؟",
      "a": "بييرلويجي كولينا",
      "o": ["كولينا", "ريتزولي", "ويب", "كلانبيرغ"],
      "h": "أشهر حكم في التاريخ"
    },
    {
      "q": "من سجل هدف (الريمونتادا) السادس لبرشلونة ضد باريس سان جيرمان؟",
      "a": "سيرجي روبيرتو",
      "o": ["سيرجي روبيرتو", "نيمار", "ميسي", "سواريز"],
      "h": "في الدقيقة الأخيرة 2017"
    },
    {
      "q": "من هو اللاعب الذي قام بعضّ كيليني في كأس العالم 2014؟",
      "a": "لويس سواريز",
      "o": ["لويس سواريز", "كافاني", "فوران", "غودين"],
      "h": "مهاجم أوروغواي"
    },
    {
      "q": "من هو النادي الإنجليزي الذي ملعبه (أنفيلد)؟",
      "a": "ليفربول",
      "o": ["ليفربول", "إيفرتون", "تشيلسي", "توتنهام"],
      "h": "You'll Never Walk Alone"
    },
    {
      "q": "من هو اللاعب الذي سجل 5 أهداف في 9 دقائق ضد فولفسبورغ؟",
      "a": "ليفاندوفسكي",
      "o": ["ليفاندوفسكي", "هالاند", "ميسي", "رونالدو"],
      "h": "كان بديلاً مع بايرن ميونخ"
    },
    {
      "q": "من هو المدرب الملقب بـ (سبيشال وان)؟",
      "a": "جوزيه مورينيو",
      "o": ["جوزيه مورينيو", "أنشيلوتي", "كلوب", "زيدان"],
      "h": "درب بورتو وتشيلسي والريال"
    },
    {
      "q": "ما هي جنسية اللاعب لوكا مودريتش؟",
      "a": "كرواتي",
      "o": ["كرواتي", "صربي", "بوسني", "سلوفيني"],
      "h": "أمير كرواتيا ولاعب الريال"
    },
    {
      "q": "من هو اللاعب الذي نطح ماتيرازي في نهائي كأس العالم 2006؟",
      "a": "زين الدين زيدان",
      "o": ["زين الدين زيدان", "تيري هنري", "فييرا", "تريزيغيه"],
      "h": "زيزو"
    },
    {
      "q": "في أي عام طبق قانون (الهدف الذهبي) لأول مرة في كأس العالم؟ (ألغي لاحقاً)",
      "a": "1998",
      "o": ["1998", "1994", "2002", "1990"],
      "h": "سجله لوران بلان لفرنسا"
    },
    {
      "q": "من هو اللاعب الذي انتقل من برشلونة إلى ريال مدريد وألقي عليه رأس خنزير؟",
      "a": "لويس فيجو",
      "o": ["لويس فيجو", "رونالدو", "لاودروب", "شوستر"],
      "h": "خيانة القرن في إسبانيا"
    },
    {
      "q": "من هو المعلق الذي اشتهر بجملة (يا رباه)؟",
      "a": "فارس عوض",
      "o": ["فارس عوض", "عصام الشوالي", "رؤوف خليف", "حفيظ دراجي"],
      "h": "معلق إماراتي"
    },
    {
      "q": "من هو الهداف التاريخي لدوري أبطال أوروبا؟",
      "a": "كريستيانو رونالدو",
      "o": ["كريستيانو رونالدو", "ميسي", "بنزيمة", "راؤول"],
      "h": "السيد دوري الأبطال"
    }
  ],
  "hard": [
    {
      "q": "من هو الحارس الوحيد الذي فاز بجائزة الكرة الذهبية عبر التاريخ؟",
      "a": "ليف ياشين",
      "o": ["ليف ياشين", "دينو زوف", "بوفون", "نوير"],
      "h": "العنكبوت الأسود السوفييتي"
    },
    {
      "q": "ما هو النادي الذي فاز بدوري أبطال أوروبا مرتين متتاليتين (1979-1980) وهو الآن في درجات أقل (أحياناً)؟",
      "a": "نوتينغهام فورست",
      "o": ["نوتينغهام فورست", "أستون فيلا", "ليدز يونايتد", "هامبورغ"],
      "h": "بقيادة المدرب براين كلوف"
    },
    {
      "q": "من هو اللاعب الذي سجل هدف الفوز لمانشستر سيتي في اللحظة الأخيرة ليحقق الدوري 2012؟",
      "a": "سيرجيو أجويرو",
      "o": ["أجويرو", "دزيكو", "بالوتيلي", "سيلفا"],
      "h": "أجويرووووووو"
    },
    {
      "q": "من هو المدرب الذي حقق دوري أبطال أوروبا 3 مرات متتالية؟",
      "a": "زين الدين زيدان",
      "o": ["زين الدين زيدان", "جوارديولا", "أنشيلوتي", "فيرجسون"],
      "h": "مع ريال مدريد"
    },
    {
      "q": "من هو اللاعب الذي لعب لأندية (ميلان، إنتر، يوفنتوس) الثلاثة؟",
      "a": "أندريا بيرلو (وإبراهيموفيتش)",
      "o": ["بيرلو", "توتي", "ديل بييرو", "مالديني"],
      "h": "المايسترو الإيطالي"
    },
    {
      "q": "ما هو أول فريق إنجليزي يحقق الثلاثية التاريخية (دوري، كأس، أبطال)؟",
      "a": "مانشستر يونايتد",
      "o": ["مانشستر يونايتد", "مانشستر سيتي", "ليفربول", "أرسنال"],
      "h": "عام 1999"
    },
    {
      "q": "من هو اللاعب الذي سجل (هدف اليد) الشهير في 1986؟",
      "a": "دييغو مارادونا",
      "o": ["مارادونا", "بيليه", "كيمبس", "زيكو"],
      "h": "يد الله"
    },
    {
      "q": "كم عدد تبديلات اللاعبين المسموح بها حالياً في المباريات الرسمية (القانون الجديد)؟",
      "a": "5 تبديلات",
      "o": ["5 تبديلات", "3 تبديلات", "4 تبديلات", "6 تبديلات"],
      "h": "تم تعديلها بعد كورونا"
    },
    {
      "q": "من هو اللاعب الملقب بـ (الظاهرة)؟",
      "a": "رونالدو البرازيلي",
      "o": ["رونالدو البرازيلي", "ميسي", "رونالدينيو", "روماريو"],
      "h": "R9"
    },
    {
      "q": "أين أقيم نهائي دوري أبطال أوروبا 2005 (معجزة إسطنبول)؟",
      "a": "إسطنبول (ملعب أتاتورك)",
      "o": ["إسطنبول", "أثينا", "لندن", "باريس"],
      "h": "بين ميلان وليفربول"
    },
    {
      "q": "من هو اللاعب الذي فاز بكأس العالم للأندية مع 3 فرق مختلفة؟",
      "a": "توني كروس",
      "o": ["توني كروس", "ميسي", "نيمار", "راموس"],
      "h": "بايرن وريال مدريد"
    }
  ]
}