{
  "type": "sports",
  "sub": "history",
  "easy": [
    {
      "q": "ما هو المنتخب الأكثر تتويجاً بكأس العالم تاريخياً؟",
      "a": "البرازيل",
      "o": ["البرازيل", "ألمانيا", "إيطاليا", "الأرجنتين"],
      "h": "5 ألقاب"
    },
    {
      "q": "من هو الهداف التاريخي لكأس العالم (16 هدفاً)؟",
      "a": "ميروسلاف كلوزه",
      "o": ["ميروسلاف كلوزه", "رونالدو البرازيلي", "غيرد مولر", "بيليه"],
      "h": "مهاجم ألماني"
    },
    {
      "q": "من هو اللاعب الوحيد الذي فاز بكأس العالم 3 مرات؟",
      "a": "بيليه",
      "o": ["بيليه", "مارادونا", "كافو", "زيدان"],
      "h": "الجوهرة السوداء"
    },
    {
      "q": "في أي دولة أقيمت أول بطولة لكأس العالم عام 1930؟",
      "a": "أوروغواي",
      "o": ["أوروغواي", "إيطاليا", "البرازيل", "فرنسا"],
      "h": "وهم من فازوا بها أيضاً"
    },
    {
      "q": "من هو المنتخب الذي فاز بكأس العالم 2022 في قطر؟",
      "a": "الأرجنتين",
      "o": ["الأرجنتين", "فرنسا", "كرواتيا", "المغرب"],
      "h": "بقيادة ميسي"
    },
    {
      "q": "ما هو المنتخب الذي هزم البرازيل 7-1 في نصف نهائي 2014؟",
      "a": "ألمانيا",
      "o": ["ألمانيا", "هولندا", "الأرجنتين", "فرنسا"],
      "h": "فضيحة مينيراو"
    },
    {
      "q": "من هو اللاعب الذي سجل هدف (يد الله) الشهير في 1986؟",
      "a": "دييغو مارادونا",
      "o": ["مارادونا", "ميسي", "كيمبس", "باتيستوتا"],
      "h": "ضد إنجلترا"
    },
    {
      "q": "ما هي الدولة العربية التي استضافت كأس العالم لأول مرة؟",
      "a": "قطر",
      "o": ["قطر", "السعودية", "مصر", "المغرب"],
      "h": "نسخة 2022"
    },
    {
      "q": "من هو المنتخب الأوروبي الذي فاز بكأس العالم 2010 لأول مرة في تاريخه؟",
      "a": "إسبانيا",
      "o": ["إسبانيا", "هولندا", "ألمانيا", "إنجلترا"],
      "h": "هدف إنييستا القاتل"
    },
    {
      "q": "ما هو الحيوان الذي كان يتوقع نتائج مباريات كأس العالم 2010؟",
      "a": "الأخطبوط بول",
      "o": ["الأخطبوط بول", "القط أخيل", "الببغاء ناتاشا", "الجمل شاهين"],
      "h": "اشتهر بتوقعاته الصحيحة لألمانيا وإسبانيا"
    },
    {
      "q": "من هو اللاعب الذي طرد في نهائي 2006 بعد نطحه لماتيرازي؟",
      "a": "زين الدين زيدان",
      "o": ["زين الدين زيدان", "تيري هنري", "فييرا", "تريزيغيه"],
      "h": "أسطورة فرنسا"
    },
    {
      "q": "ما اسم الكأس القديمة التي احتفظت بها البرازيل للأبد؟",
      "a": "جول ريميه",
      "o": ["جول ريميه", "كأس الذهب", "كأس النصر", "كأس الفيفا"],
      "h": "اسم مؤسس كأس العالم"
    }
  ],
  "medium": [
    {
      "q": "من هو صاحب أسرع هدف في تاريخ كأس العالم (11 ثانية)؟",
      "a": "هاكان شوكور",
      "o": ["هاكان شوكور", "مبابي", "كلينسمان", "رونالدو"],
      "h": "لاعب تركي في مونديال 2002"
    },
    {
      "q": "ما هو المنتخب الذي خسر نهائي كأس العالم 3 مرات ولم يفز به أبداً؟",
      "a": "هولندا",
      "o": ["هولندا", "إنجلترا", "إسبانيا", "أوروغواي"],
      "h": "الطواحين (1974, 1978, 2010)"
    },
    {
      "q": "من هو اللاعب الذي سجل 13 هدفاً في نسخة واحدة (رقم قياسي)؟",
      "a": "جاست فونتين",
      "o": ["جاست فونتين", "بيليه", "غيرد مولر", "رونالدو"],
      "h": "لاعب فرنسي في مونديال 1958"
    },
    {
      "q": "ما هي (معجزة بيرن) عام 1954؟",
      "a": "فوز ألمانيا الغربية على المجر",
      "o": ["فوز ألمانيا على المجر", "فوز الأوروغواي على البرازيل", "فوز أمريكا على إنجلترا", "فوز كوريا على إيطاليا"],
      "h": "المجر كانت لا تقهر بقيادة بوشكاش"
    },
    {
      "q": "من هو الحارس الوحيد الذي فاز بجائزة الكرة الذهبية (أفضل لاعب في المونديال)؟",
      "a": "أوليفر كان",
      "o": ["أوليفر كان", "بوفون", "نوير", "كاسياس"],
      "h": "في مونديال 2002"
    },
    {
      "q": "ماذا يسمى نهائي 1950 الذي خسرت فيه البرازيل على أرضها أمام أوروغواي؟",
      "a": "الماراكانا زو",
      "o": ["الماراكانا زو", "مأساة بيلو هوريزونتي", "ليلة البكاء", "سقوط العمالقة"],
      "h": "أمام 200 ألف متفرج"
    },
    {
      "q": "من هو المنتخب الأفريقي الأول الذي وصل لنصف نهائي كأس العالم؟",
      "a": "المغرب",
      "o": ["المغرب", "الكاميرون", "السنغال", "غانا"],
      "h": "في مونديال 2022"
    },
    {
      "q": "من هو اللاعب الذي سجل هدف الفوز لألمانيا في نهائي 2014؟",
      "a": "ماريو غوتزه",
      "o": ["ماريو غوتزه", "توماس مولر", "كلوزه", "شفاينشتايجر"],
      "h": "في الوقت الإضافي"
    },
    {
      "q": "من هو (القيصر) الذي فاز بكأس العالم لاعباً ومدرباً؟",
      "a": "فرانتس بيكنباور",
      "o": ["بيكنباور", "كرويف", "زيدان", "مارادونا"],
      "h": "أسطورة ألمانيا"
    },
    {
      "q": "في أي عام حققت إنجلترا لقبها الوحيد؟",
      "a": "1966",
      "o": ["1966", "1970", "1958", "1990"],
      "h": "على أرضها"
    },
    {
      "q": "من هو أكبر لاعب سناً شارك في كأس العالم؟ (حتى 2018)",
      "a": "عصام الحضري",
      "o": ["عصام الحضري", "روجي ميلا", "موندراغون", "بوفون"],
      "h": "حارس مرمى مصر (45 سنة)"
    },
    {
      "q": "من هو اللاعب الإيطالي الذي قاد بلاده للفوز بمونديال 1982 بعد خروجه من السجن؟",
      "a": "باولو روسي",
      "o": ["باولو روسي", "دينو زوف", "تارديلي", "باجيو"],
      "h": "سجل هاتريك ضد البرازيل"
    }
  ],
  "hard": [
    {
      "q": "من هو الشخص الذي فاز بكأس العالم كلاعب (1958, 62) ومدرب (1970) ومساعد مدرب (1994)؟",
      "a": "ماريو زاغالو",
      "o": ["ماريو زاغالو", "بيكنباور", "ديشامب", "سكولاري"],
      "h": "الذئب العجوز البرازيلي"
    },
    {
      "q": "ما هي الدولة التي وصلت للنهائي 3 مرات متتالية (كمنتخب ألمانيا الغربية)؟",
      "a": "ألمانيا (1982, 86, 90)",
      "o": ["ألمانيا", "البرازيل", "إيطاليا", "الأرجنتين"],
      "h": "خسروا مرتين وفازوا بالثالثة"
    },
    {
      "q": "من هو اللاعب الذي لم يلعب أي دقيقة في التصفيات لكنه سجل في نهائي المونديال 1982؟",
      "a": "باولو روسي",
      "o": ["باولو روسي", "تارديلي", "كونتي", "كابريني"],
      "h": "عاد من الإيقاف بسبب فضيحة المراهنات"
    },
    {
      "q": "ما هو المنتخب الوحيد الذي شارك في جميع نسخ كأس العالم؟",
      "a": "البرازيل",
      "o": ["البرازيل", "ألمانيا", "إيطاليا", "الأرجنتين"],
      "h": "لم يغب شمس السامبا عن المونديال"
    },
    {
      "q": "من هو الحكم الذي أدار نهائي 2002 بين البرازيل وألمانيا؟",
      "a": "بييرلويجي كولينا",
      "o": ["كولينا", "سعيد بلقولة", "ويب", "إليزوندو"],
      "h": "أشهر حكم أصلع"
    },
    {
      "q": "ما هي الدولة التي انسحبت من مونديال 1950 لأن الفيفا منعهم من اللعب حفاة (أسطورة شائعة، لكن السبب الحقيقي مادي)؟",
      "a": "الهند",
      "o": ["الهند", "تركيا", "إسكتلندا", "النمسا"],
      "h": "تأهلوا ولم يشاركوا"
    },
    {
      "q": "من هو اللاعب الذي سجل الهدف رقم 1000 في تاريخ كأس العالم (والد بيليه سجله في مسيرته، السؤال عن المونديال)؟",
      "a": "روب رينسينبرينك",
      "o": ["رينسينبرينك", "بيليه", "مولر", "كرويف"],
      "h": "لاعب هولندي في 1978"
    },
    {
      "q": "من هو المنتخب الآسيوي الذي وصل لنصف نهائي 2002؟",
      "a": "كوريا الجنوبية",
      "o": ["كوريا الجنوبية", "اليابان", "السعودية", "إيران"],
      "h": "بقيادة غوس هيدينك"
    },
    {
      "q": "من هو اللاعب الذي سجل هدفين في نهائي 1998 برأسه؟",
      "a": "زين الدين زيدان",
      "o": ["زيدان", "بيتيت", "دجوركاييف", "ديشامب"],
      "h": "ضد البرازيل"
    },
    {
      "q": "كم عدد المنتخبات المشاركة في مونديال 1930؟",
      "a": "13 منتخباً",
      "o": ["13", "16", "24", "32"],
      "h": "العدد الأقل في التاريخ"
    },
    {
      "q": "من هو المدرب الذي قاد الأرجنتين للفوز بمونديال 1986؟",
      "a": "كارلوس بيلاردو",
      "o": ["كارلوس بيلاردو", "مينوتي", "سابيلا", "بيكرامان"],
      "h": "الطبيب"
    }
  ]
}