{
  "type": "sports",
  "sub": "mixed",
  "easy": [
    {
      "q": "من هو أسطورة كرة السلة الأمريكية الذي ارتدى القميص رقم 23؟",
      "a": "مايكل جوردان",
      "o": ["مايكل جوردان", "ليبرون جيمس", "كوبي براينت", "شاكيل أونيل"],
      "h": "نجم شيكاغو بولز"
    },
    {
      "q": "كم عدد لاعبي فريق كرة السلة داخل الملعب؟",
      "a": "5 لاعبين",
      "o": ["5 لاعبين", "6 لاعبين", "7 لاعبين", "11 لاعب"],
      "h": "لكل فريق"
    },
    {
      "q": "من هو الملاكم الذي لقب بـ (أعظم ملاكم في التاريخ) ورفض حرب فيتنام؟",
      "a": "محمد علي كلاي",
      "o": ["محمد علي كلاي", "مايك تايسون", "فلويد مايويذر", "جورج فورمان"],
      "h": "يطير كالفراشة ويلسع كالنحلة"
    },
    {
      "q": "ما هي الرياضة التي تقام مبارياتها في (ويمبلدون)؟",
      "a": "التنس",
      "o": ["التنس", "الغولف", "الكريكيت", "الرجبي"],
      "h": "على الملاعب العشبية"
    },
    {
      "q": "من هو أسرع رجل في التاريخ (صاحب رقم 9.58 ثانية)؟",
      "a": "يوسين بولت",
      "o": ["يوسين بولت", "تيسون غاي", "جاستن غاتلين", "كارل لويس"],
      "h": "الإعصار الجامايكي"
    },
    {
      "q": "ما اسم الفريق الذي يلعب له ليبرون جيمس (تاريخياً ارتبط به وحقق معه اللقب 2020)؟",
      "a": "لوس أنجلوس ليكرز",
      "o": ["ليكرز", "شيكاغو بولز", "بوسطن سيلتكس", "غولدين ستيت"],
      "h": "ألوانه أصفر وبنفسجي"
    },
    {
      "q": "في سباقات الفورمولا 1، ماذا يعني العلم المرقع (أبيض وأسود)؟",
      "a": "نهاية السباق",
      "o": ["نهاية السباق", "حادث", "توقف", "عقوبة"],
      "h": "يلوح به للفائز"
    },
    {
      "q": "ما هي الرياضة التي يمارسها (تايغر وودز)؟",
      "a": "الغولف",
      "o": ["الغولف", "التنس", "السنوكر", "البيسبول"],
      "h": "تحتاج لعصا وحفرة"
    },
    {
      "q": "كم عدد الجولات في مباراة الملاكمة الاحترافية (على اللقب)؟",
      "a": "12 جولة",
      "o": ["12 جولة", "10 جولات", "15 جولة", "3 جولات"],
      "h": "كانت قديماً 15"
    },
    {
      "q": "من هو بطل العالم 7 مرات في الفورمولا 1 (الأسطورة الألمانية)؟",
      "a": "مايكل شوماخر",
      "o": ["مايكل شوماخر", "لويس هاميلتون", "سيباستيان فيتيل", "ماكس فيرستابن"],
      "h": "نجم فيراري السابق"
    },
    {
      "q": "ماذا يسمى تسجيل 3 نقاط بضربة واحدة في البولينج؟",
      "a": "سترايك (Strike)",
      "o": ["سترايك", "سبير", "هوم ران", "سلام دانك"],
      "h": "إسقاط جميع القوارير"
    },
    {
      "q": "في التنس، ماذا تعني كلمة (Love) في النتيجة؟",
      "a": "صفر",
      "o": ["صفر", "تعادل", "نقطة حاسمة", "خسارة"],
      "h": "15 - Love"
    },
    {
      "q": "من هو (كوكب الشرق) في السباحة الأولمبية (أكثر رياضي توج بالذهب)؟",
      "a": "مايكل فيلبس",
      "o": ["مايكل فيلبس", "مارك سبيتز", "إيان ثورب", "ألكسندر بوبوف"],
      "h": "القرش الأمريكي"
    }
  ],
  "medium": [
    {
      "q": "من هو لاعب التنس الملقب بـ (المايسترو)؟",
      "a": "روجيه فيدرير",
      "o": ["روجيه فيدرير", "رافائيل نادال", "نوفاك دجوكوفيتش", "أندي موراي"],
      "h": "السويسري الأنيق"
    },
    {
      "q": "ما هو الفريق الأكثر فوزاً بلقب NBA (بالتساوي مع ليكرز)؟",
      "a": "بوسطن سيلتكس",
      "o": ["بوسطن سيلتكس", "شيكاغو بولز", "غولدين ستيت", "ميامي هيت"],
      "h": "لونهم أخضر"
    },
    {
      "q": "من هو الملاكم الذي قضم أذن خصمه (هوليفيلد)؟",
      "a": "مايك تايسون",
      "o": ["مايك تايسون", "محمد علي", "فرايزر", "لويس"],
      "h": "الرجل الحديدي"
    },
    {
      "q": "ما هي مسافة سباق الماراثون الرسمي؟",
      "a": "42.195 كم",
      "o": ["42 كم", "50 كم", "21 كم", "100 كم"],
      "h": "مسافة تاريخية يونانية"
    },
    {
      "q": "من هو السائق البريطاني الذي عادل رقم شوماخر بـ 7 ألقاب فورمولا 1؟",
      "a": "لويس هاميلتون",
      "o": ["لويس هاميلتون", "ألونسو", "بوتاس", "لوكلير"],
      "h": "سائق مرسيدس"
    },
    {
      "q": "ما هي عاصمة (ملك الملاعب الترابية) في التنس؟",
      "a": "رافائيل نادال",
      "o": ["رافائيل نادال", "فيدرير", "دجوكوفيتش", "أغاسي"],
      "h": "الإسباني الماتادور"
    },
    {
      "q": "في كرة السلة، كم نقطة تحتسب للرمية من خارج القوس؟",
      "a": "3 نقاط",
      "o": ["3 نقاط", "2 نقطة", "1 نقطة", "4 نقاط"],
      "h": "Three-pointer"
    },
    {
      "q": "من هو اللاعب الذي سجل 81 نقطة في مباراة واحدة في NBA (الرقم الثاني تاريخياً)؟",
      "a": "كوبي براينت",
      "o": ["كوبي براينت", "مايكل جوردان", "ليبرون جيمس", "كاري"],
      "h": "المامبا السوداء"
    },
    {
      "q": "ما هي الرياضة التي تستخدم فيها مصطلحات (Checkmate, Pawn, Bishop)؟",
      "a": "الشطرنج",
      "o": ["الشطرنج", "البلياردو", "الدارتس", "الجمباز"],
      "h": "رياضة العقول"
    },
    {
      "q": "أين أقيمت الألعاب الأولمبية القديمة لأول مرة؟",
      "a": "أثينا (اليونان)",
      "o": ["اليونان", "روما", "مصر", "الصين"],
      "h": "في جبل أوليمبوس"
    },
    {
      "q": "من هو المصارع الروسي الذي لم يهزم قط في MMA (UFC)؟",
      "a": "حبيب نورمحمدوف",
      "o": ["حبيب نورمحمدوف", "كونور ماكغريغور", "جون جونز", "أندرسون سيلفا"],
      "h": "النسر الداغستاني"
    },
    {
      "q": "ما هي الدولة التي تشتهر برياضة (الكريكت) وتعتبرها ديانة ثانية؟",
      "a": "الهند",
      "o": ["الهند", "الصين", "البرازيل", "روسيا"],
      "h": "عدد سكانها مليار"
    }
  ],
  "hard": [
    {
      "q": "من هو اللاعب الوحيد الذي سجل 100 نقطة في مباراة واحدة في تاريخ NBA؟",
      "a": "ويلت تشامبرلين",
      "o": ["ويلت تشامبرلين", "كوبي براينت", "مايكل جوردان", "كريم عبدالجبار"],
      "h": "في الستينات"
    },
    {
      "q": "ما هو اللقب الذي يطلق على بطولات التنس الأربع الكبرى مجتمعة؟",
      "a": "الجراند سلام (Grand Slam)",
      "o": ["الجراند سلام", "الماسترز", "كأس ديفيز", "السوبر"],
      "h": "أستراليا، فرنسا، ويمبلدون، أمريكا"
    },
    {
      "q": "من هو أكثر لاعب حقق بطولات الجراند سلام في التاريخ (حتى 2024)؟",
      "a": "نوفاك دجوكوفيتش",
      "o": ["نوفاك دجوكوفيتش", "رافائيل نادال", "روجيه فيدرير", "سامبراس"],
      "h": "الإعصار الصربي"
    },
    {
      "q": "في الفورمولا 1، ما هو الفريق الأكثر فوزاً ببطولة الصانعين تاريخياً؟",
      "a": "فيراري",
      "o": ["فيراري", "مرسيدس", "مكلارين", "ويليامز"],
      "h": "الحصان الجامح"
    },
    {
      "q": "ما هو الارتفاع الرسمي لحلقة كرة السلة (بالأقدام)؟",
      "a": "10 أقدام (3.05 متر)",
      "o": ["10 أقدام", "11 قدم", "9 أقدام", "12 قدم"],
      "h": "ارتفاع قياسي"
    },
    {
      "q": "من هو العداء الذي جرد من ميداليته الذهبية 1988 بسبب المنشطات؟",
      "a": "بن جونسون",
      "o": ["بن جونسون", "كارل لويس", "موريس غرين", "لينفورد كريستي"],
      "h": "الكندي"
    },
    {
      "q": "ما هي الرياضة الوطنية في اليابان؟",
      "a": "السومو",
      "o": ["السومو", "الكاراتيه", "الجودو", "البيسبول"],
      "h": "مصارعة الأوزان الثقيلة"
    },
    {
      "q": "من هو الملاكم المكسيكي الشهير بلقب (Canelo)؟",
      "a": "ساول ألفاريز",
      "o": ["ساول ألفاريز", "دي لا هويا", "تشافيز", "ماركيز"],
      "h": "وجه الملاكمة الحالي"
    },
    {
      "q": "في السنوكر، كم نقطة تساوي الكرة السوداء؟",
      "a": "7 نقاط",
      "o": ["7 نقاط", "6 نقاط", "5 نقاط", "1 نقطة"],
      "h": "أعلى كرة قيمة"
    },
    {
      "q": "ما هو اسم الكأس التي يتنافس عليها في دوري كرة السلة الأمريكي NBA؟",
      "a": "كأس لاري أوبراين",
      "o": ["لاري أوبراين", "فينس لومباردي", "ستانلي", "مفوض الدوري"],
      "h": "ذهبية على شكل كرة وسلة"
    },
    {
      "q": "من هو أسطورة الدراجات الذي جرد من ألقابه السبعة في طواف فرنسا؟",
      "a": "لانس أرمسترونج",
      "o": ["لانس أرمسترونج", "إيدي ميركس", "فروم", "كونتادور"],
      "h": "بسبب المنشطات"
    },
    {
      "q": "كم عدد الحارات في مضمار الجري الأولمبي القياسي؟",
      "a": "8 حارات",
      "o": ["8 حارات", "6 حارات", "10 حارات", "12 حارة"],
      "h": "رقم زوجي"
    }
  ]
}