{
  "type": "sports",
  "sub": "saudi",
  "easy": [
    {
      "q": "من هو الهداف التاريخي للدوري السعودي (المحترفين) برصيد 144 هدفاً؟",
      "a": "عمر السومة",
      "o": ["عمر السومة", "ناصر الشمراني", "عبدالرزاق حمدالله", "محمد السهلاوي"],
      "h": "العقيد السوري (الأهلي)"
    },
    {
      "q": "من هو النادي الملقب بـ (العميد)؟",
      "a": "الاتحاد",
      "o": ["الاتحاد", "الأهلي", "الهلال", "الوحدة"],
      "h": "تأسس عام 1927"
    },
    {
      "q": "من هو اللاعب الذي سجل هدف الفوز التاريخي للسعودية ضد الأرجنتين في كأس العالم 2022؟",
      "a": "سالم الدوسري",
      "o": ["سالم الدوسري", "صالح الشهري", "فراس البريكان", "سلمان الفرج"],
      "h": "التورنيدو (خلطهم)"
    },
    {
      "q": "من هو أسطورة النصر والهداف التاريخي للمنتخب السعودي؟",
      "a": "ماجد عبدالله",
      "o": ["ماجد عبدالله", "محيسن الجمعان", "فهد الهريفي", "يوسف خميس"],
      "h": "بيليه الصحراء (99)"
    },
    {
      "q": "من هو أول نادٍ سعودي حقق دوري أبطال آسيا بمسماه الجديد (2004 و 2005)؟",
      "a": "الاتحاد",
      "o": ["الاتحاد", "الهلال", "النصر", "الأهلي"],
      "h": "بقيادة محمد نور"
    },
    {
      "q": "من فاز بلقب كأس السوبر السعودي 2024 (في أبوظبي)؟",
      "a": "الهلال",
      "o": ["الهلال", "الاتحاد", "النصر", "الوحدة"],
      "h": "فاز على الاتحاد في النهائي"
    },
    {
      "q": "من هو (القناص)؟",
      "a": "ياسر القحطاني",
      "o": ["ياسر القحطاني", "سعد الحارثي", "مالك معاذ", "عبيد الدوسري"],
      "h": "قائد الهلال والمنتخب السابق"
    },
    {
      "q": "ما هو الملعب الملقب بـ (الجوهرة المشعة)؟",
      "a": "مدينة الملك عبدالله الرياضية",
      "o": ["مدينة الملك عبدالله", "إستاد الملك فهد", "الأول بارك", "ملعب الأمير فيصل"],
      "h": "في جدة"
    },
    {
      "q": "من هو النادي الملقب بـ (فخر سدير)؟",
      "a": "الفيصلي",
      "o": ["الفيصلي", "الفيحاء", "الحزم", "الرائد"],
      "h": "حقق كأس الملك 2021"
    },
    {
      "q": "أول لاعب سجل للسعودية في تاريخ كأس العالم (1994)؟",
      "a": "فؤاد أنور",
      "o": ["فؤاد أنور", "سعيد العويران", "سامي الجابر", "فهد الغشيان"],
      "h": "ضد هولندا"
    },
    {
      "q": "من هو (الزلزال) الذي لعب للوحدة والشباب والهلال والاتحاد؟",
      "a": "ناصر الشمراني",
      "o": ["ناصر الشمراني", "عيسى المحياني", "مهند عسيري", "مختار فلاتة"],
      "h": "هداف الدوري 5 مرات"
    },
    {
      "q": "ما هو النادي الملقب بـ (الليث)؟",
      "a": "الشباب",
      "o": ["الشباب", "الأهلي", "الاتفاق", "الرياض"],
      "h": "شيخ الأندية"
    },
    {
      "q": "من هو الحارس الملقب بـ (الأخطبوط) وعميد لاعبي العالم سابقاً؟",
      "a": "محمد الدعيع",
      "o": ["محمد الدعيع", "مبروك زايد", "حسين الصادق", "خالد الدايل"],
      "h": "حارس الهلال والمنتخب"
    }
  ],
  "medium": [
    {
      "q": "من سجل الهدف الأول للهلال في مرمى الشباب في نصف نهائي البطولة العربية 2023 (3-1)؟",
      "a": "محمد كنو",
      "o": ["محمد كنو", "مالكوم", "عبدالله الحمدان", "سافيتش"],
      "h": "برأسية طائرة"
    },
    {
      "q": "لاعب وسط انتقل من الهلال إلى الاتحاد ثم إلى النصر (فيلسوف)؟",
      "a": "أحمد الفريدي",
      "o": ["أحمد الفريدي", "خالد الغامدي", "عبدالرحيم جيزاوي", "شايع شراحيلي"],
      "h": "لعب أيضاً للقادسية"
    },
    {
      "q": "من هو الهداف التاريخي لنادي الاتحاد في الدوري السعودي؟",
      "a": "حمزة إدريس",
      "o": ["حمزة إدريس", "محمد نور", "رومارينيو", "فهد المولد"],
      "h": "البرق (سجل 33 هدف في موسم واحد)"
    },
    {
      "q": "من هو اللاعب الذي سجل هدف (التتويج) للأهلي في مرمى الهلال ليحقق الدوري 2016 بعد غياب طويل؟",
      "a": "عمر السومة",
      "o": ["عمر السومة", "تيسير الجاسم", "حسين المقهوي", "فيتفا"],
      "h": "سجل هدفين في تلك المباراة"
    },
    {
      "q": "من هو النادي الذي حقق (دوري الفتح الاستثنائي) عام 2013؟",
      "a": "الفتح",
      "o": ["الفتح", "الشباب", "الاتفاق", "التعاون"],
      "h": "بقيادة المدرب فتحي الجبال"
    },
    {
      "q": "لاعب انتقل من الشباب إلى الأهلي ثم عاد للشباب ثم انتقل للاتحاد (ظهير أيمن صاحب قذائف)؟",
      "a": "حسن معاذ",
      "o": ["حسن معاذ", "حسن كادش", "عبدالله الزوري", "محمد قاسم"],
      "h": "اشتهر بالتسديدات القوية"
    },
    {
      "q": "من هو الهداف التاريخي للأجانب في نادي الهلال؟",
      "a": "بافيتيمبي جوميز",
      "o": ["جوميز", "كارلوس إدواردو", "تياقو نيفيز", "رادوي"],
      "h": "الأسد الفرنسي"
    },
    {
      "q": "في أي عام تأهلت السعودية لكأس العالم لأول مرة؟",
      "a": "1994",
      "o": ["1994", "1990", "1998", "1986"],
      "h": "مونديال أمريكا"
    },
    {
      "q": "من هو اللاعب الذي سجل سوبر هاتريك (4 أهداف) للنصر في مرمى الوحدة (موسم 2023)؟",
      "a": "كريستيانو رونالدو",
      "o": ["رونالدو", "تalisca", "ماني", "غريب"],
      "h": "الدون"
    },
    {
      "q": "من هو المدرب الذي قاد المنتخب السعودي في مونديال 2022؟",
      "a": "هيرفي رينارد",
      "o": ["هيرفي رينارد", "مانشيني", "بيتزي", "فان مارفيك"],
      "h": "المدرب الفرنسي"
    },
    {
      "q": "من هو اللاعب الذي لقب بـ (الذبح) وصاحب هدف التأهل لمونديال 2018 ضد اليابان؟",
      "a": "فهد المولد",
      "o": ["فهد المولد", "نواف العابد", "يحيى الشهري", "تيسير الجاسم"],
      "h": "بتسديدة صاروخية"
    },
    {
      "q": "ما هو أول نادٍ سعودي يشارك في كأس العالم للأندية؟",
      "a": "النصر",
      "o": ["النصر", "الاتحاد", "الهلال", "الأهلي"],
      "h": "عام 2000 في البرازيل"
    },
    {
      "q": "من هو اللاعب الذي سجل هدف التعادل للاتحاد في نهائي آسيا 2004 ضد سيونغنام (الريمونتادا 5-0)؟",
      "a": "رضا تكر (الهدف الأول)",
      "o": ["رضا تكر", "حمزة إدريس", "محمد نور", "أسامة المولد"],
      "h": "افتتح خماسية الإياب"
    }
  ],
  "hard": [
    {
      "q": "من هو الهداف التاريخي لنادي الفتح؟",
      "a": "دوريس سالومو",
      "o": ["دوريس سالومو", "إلتون خوزيه", "ميتشيل تي فريدي", "مراد باتنا"],
      "h": "مهاجم كونغولي"
    },
    {
      "q": "من هو الهداف التاريخي لنادي التعاون في الدوري؟",
      "a": "لياندر تاوامبا",
      "o": ["تاوامبا", "ألوفولو", "جهاد الحسين", "كاكو"],
      "h": "الدبابة الكاميرونية"
    },
    {
      "q": "من هو اللاعب الذي سجل أسرع هدف في تاريخ الدوري السعودي (حتى 2024)؟ (تغير الرقم عدة مرات، حمدان الحمدان كان الأسرع، لكن الرقم القياسي الرسمي الحالي)",
      "a": "حمدان الحمدان (الفتح)",
      "o": ["حمدان الحمدان", "نواف العابد", "وليد الجيزاني", "محمد السهلاوي"],
      "h": "في مرمى هجر (10 ثواني تقريباً)"
    },
    {
      "q": "لاعب لعب لقطبي جدة (الأهلي والاتحاد) وقطبي الرياض (الهلال والشباب)؟ (نادر جداً)",
      "a": "عبدالله المعيوف",
      "o": ["عبدالله المعيوف", "مسفر القحطاني", "سعود كريري", "أسامة هوساوي"],
      "h": "حارس المرمى (بدأ بالاهلي، ثم الهلال، ثم الاتحاد، ثم الشباب)"
    },
    {
      "q": "من سجل هدف الشباب الوحيد في نصف نهائي البطولة العربية 2023 ضد الهلال؟",
      "a": "غوستافو كويلار",
      "o": ["غوستافو كويلار", "بانيغا", "هتان باهبري", "كارلوس جونيور"],
      "h": "سجله في مرمى فريقه السابق"
    },
    {
      "q": "من هو الهداف التاريخي لديربي جدة (الاتحاد والأهلي)؟",
      "a": "سعيد غراب",
      "o": ["سعيد غراب", "حسام أبو داود", "عمر السومة", "محمد نور"],
      "h": "أسطورة قديمة"
    },
    {
      "q": "في نهائي كأس المؤسس (البطولة التي تقام كل 100 عام)، من فاز باللقب؟",
      "a": "الهلال",
      "o": ["الهلال", "الأهلي", "النصر", "الاتحاد"],
      "h": "عام 1999/2000 ضد الأهلي"
    },
    {
      "q": "من هو اللاعب الذي سجل هدف الفوز للسعودية على مصر في مونديال 2018؟",
      "a": "سالم الدوسري",
      "o": ["سالم الدوسري", "سلمان الفرج", "عبدالله عطيف", "فهد المولد"],
      "h": "في الدقيقة 95"
    },
    {
      "q": "من هو أكثر لاعب حقق لقب الدوري السعودي في التاريخ؟",
      "a": "محمد الشلهوب",
      "o": ["محمد الشلهوب", "يوسف الثنيان", "سامي الجابر", "محمد نور"],
      "h": "الموهوب (8 ألقاب)"
    },
    {
      "q": "من هو الهداف التاريخي للأجانب في نادي النصر؟",
      "a": "عبدالرزاق حمدالله",
      "o": ["عبدالرزاق حمدالله", "أوهين كينيدي", "تاليسكا", "جوليانو"],
      "h": "الجلاد المغربي"
    },
    {
      "q": "من هو الهداف التاريخي لنادي الاتفاق؟",
      "a": "سعدون حمود",
      "o": ["سعدون حمود", "صالح بشير", "يوسف السالم", "برنس تاغو"],
      "h": "أسطورة الثمانينات"
    },
    {
      "q": "من هو أول لاعب سعودي يسجل في كأس العالم للأندية؟",
      "a": "فهد الهريفي",
      "o": ["فهد الهريفي", "محمد نور", "مرزوق العتيبي", "حمد المنتشري"],
      "h": "ضد ريال مدريد (ضربة جزاء)"
    },
    {
      "q": "من هو اللاعب الذي انتقل من النصر للهلال وأحدث ضجة كبرى ؟",
      "a": "سعد الحارثي (من النصر للهلال)",
      "o": ["سعد الحارثي", "عيسى المحياني", "أحمد الفريدي", "عبداللطيف الغنام"],
      "h": "الذابح"
    },
    {
      "q": "أكثر لاعب صناعة للأهداف في تاريخ دوري المحترفين السعودي؟",
      "a": "جهاد الحسين",
      "o": ["جهاد الحسين", "تيسير الجاسم", "يحيى الشهري", "إلتون خوزيه"],
      "h": "الساحر السوري"
    }
  ]
}