{
  "type": "riddles",
  "sub": "lateral",
  "easy": {
    "أ": [
      {
        "q": "رجل خرج في المطر الغزير بدون قبعة أو مظلة ولم يبتل شعره، لماذا؟ (يبدأ بحرف الألف)",
        "a": "أصلع",
        "o": ["أصلع", "أعمى", "أطرش", "أحمق"],
        "h": "لا يملك شعراً"
      },
      {
        "q": "شيء لك، ولكن الناس يستخدمونه أكثر منك؟ (يبدأ بحرف الألف)",
        "a": "اسمك",
        "o": ["اسمك", "أملك", "أمرك", "أجرك"],
        "h": "للمناداة"
      }
    ],
    "ب": [
      {
        "q": "مدينة حمراء، أسوارها خضراء، وسكانها سود؟ (تبدأ بحرف الباء)",
        "a": "بطيخة",
        "o": ["بطيخة", "بصلة", "بامية", "بطاطا"],
        "h": "فاكهة"
      },
      {
        "q": "شيء تذبحه وتبكي عليه؟ (يبدأ بحرف الباء)",
        "a": "بصل",
        "o": ["بصل", "بط", "بقرة", "بعير"],
        "h": "رائحته قوية"
      }
    ],
    "ت": [
      {
        "q": "كان معك ثلاث تفاحات، أخذت منها اثنتين، كم تفاحة معك الآن؟ (تبدأ بحرف التاء)",
        "a": "تفاحتان",
        "o": ["تفاحتان", "تسعة", "ثلاثة", "ثمانية"],
        "h": "أنت الذي أخذت"
      }
    ],
    "ث": [
      {
        "q": "ابن الماء وإذا وضعته في الماء مات؟ (يبدأ بحرف الثاء)",
        "a": "ثلج",
        "o": ["ثلج", "ثرى", "ثوب", "ثوم"],
        "h": "يذوب"
      },
      {
        "q": "شيء كلما أخذت منه كبر؟ (يبدأ بحرف الثاء - مرادف حفرة)",
        "a": "ثقب",
        "o": ["ثقب", "ثوب", "ثور", "ثمرة"],
        "h": "فراغ"
      }
    ],
    "ج": [
      {
        "q": "شيء يقرصك ولا تراه؟ (يبدأ بحرف الجيم)",
        "a": "جوع",
        "o": ["جوع", "جرح", "جدار", "جبل"],
        "h": "شعور بالحاجة"
      },
      {
        "q": "شيء لا يتكلم إلا إذا لمسته (ضربته)؟ (يبدأ بحرف الجيم)",
        "a": "جرس",
        "o": ["جرس", "جمل", "جدار", "جذع"],
        "h": "يصدر صوتاً"
      }
    ],
    "ح": [
      {
        "q": "شيء يحملك وتحمله في نفس الوقت؟ (يبدأ بحرف الحاء)",
        "a": "حذاء",
        "o": ["حذاء", "حقيبة", "حزام", "حصان"],
        "h": "تمشي به"
      },
      {
        "q": "شيء كلما أخذت منه كبر وزاد؟ (يبدأ بحرف الحاء)",
        "a": "حفرة",
        "o": ["حفرة", "حديقة", "حقيبة", "حجرة"],
        "h": "في الأرض"
      }
    ],
    "خ": [
      {
        "q": "بحر لا يوجد فيه ماء؟ (يبدأ بحرف الخاء)",
        "a": "خريطة",
        "o": ["خريطة", "خيمة", "خزنة", "خندق"],
        "h": "مرسوم"
      },
      {
        "q": "شيء يخرج من الأرض ويأكله الناس ولكنه ليس نباتاً (مصنوع)؟ (يبدأ بحرف الخاء)",
        "a": "خبز (لغز شعبي)",
        "o": ["خبز", "خل", "خردل", "خوخ"],
        "h": "أصله قمح"
      }
    ],
    "د": [
      {
        "q": "طائر يطير بلا جناح (ابن النار)؟ (يبدأ بحرف الدال)",
        "a": "دخان",
        "o": ["دخان", "ديك", "دبور", "دراج"],
        "h": "يتصاعد"
      },
      {
        "q": "له تاج وليس ملكاً، ويدلك على الوقت؟ (يبدأ بحرف الدال)",
        "a": "ديك",
        "o": ["ديك", "دب", "دلفين", "دجاجة"],
        "h": "يصيح"
      }
    ],
    "ذ": [
      {
        "q": "شيء يتبع الكلب أينما ذهب؟ (يبدأ بحرف الذال)",
        "a": "ذيله",
        "o": ["ذيله", "ذهنه", "ذنبه", "ذبابة"],
        "h": "جزء منه"
      },
      {
        "q": "معدن لا يصدأ؟ (يبدأ بحرف الذال)",
        "a": "ذهب",
        "o": ["ذهب", "ذرة", "ذقن", "ذراع"],
        "h": "ثمين"
      }
    ],
    "ر": [
      {
        "q": "شيء يوجد في وسط (باريس)؟ (يبدأ بحرف الراء)",
        "a": "راء (حرف الراء)",
        "o": ["راء", "رأس", "رمل", "رصيف"],
        "h": "الحرف الأوسط"
      },
      {
        "q": "تراه في المرآة ولكنه لا يراك؟ (يبدأ بحرف الراء)",
        "a": "رأسك",
        "o": ["رأسك", "رجلك", "روحك", "رمشك"],
        "h": "جزء من جسمك"
      }
    ],
    "ز": [
      {
        "q": "مادة شفافة مصنوعة من الرمل؟ (تبدأ بحرف الزاي)",
        "a": "زجاج",
        "o": ["زجاج", "زيت", "زر", "زهر"],
        "h": "قابل للكسر"
      },
      {
        "q": "سائل يطفو فوق الماء ولا يختلط به؟ (يبدأ بحرف الزاي)",
        "a": "زيت",
        "o": ["زيت", "زئبق", "زبدة", "زفت"],
        "h": "للطبخ"
      }
    ],
    "س": [
      {
        "q": "يمشي بلا أرجل ويبكي بلا عيون؟ (يبدأ بحرف السين)",
        "a": "سحاب",
        "o": ["سحاب", "سراب", "سيل", "سد"],
        "h": "مطر"
      },
      {
        "q": "لها عقارب ولا تلدغ؟ (تبدأ بحرف السين)",
        "a": "ساعة",
        "o": ["ساعة", "سيارة", "سفينة", "سلة"],
        "h": "للوقت"
      },
      {
        "q": "شيء إذا أكلته كله مت؟ (يبدأ بحرف السين)",
        "a": "سم",
        "o": ["سم", "سمك", "سكر", "سمن"],
        "h": "قاتل"
      }
    ],
    "ش": [
      {
        "q": "تحرق نفسها لتضيء للآخرين؟ (تبدأ بحرف الشين)",
        "a": "شمعة",
        "o": ["شمعة", "شمس", "شعلة", "شبكة"],
        "h": "تذوب"
      },
      {
        "q": "شيء ترميه عندما تحتاج إليه؟ (يبدأ بحرف الشين)",
        "a": "شبكة (الصيد)",
        "o": ["شبكة", "شوكة", "شجرة", "شنطة"],
        "h": "للسمك"
      }
    ],
    "ص": [
      {
        "q": "شيء إذا نطقته كسرته؟ (يبدأ بحرف الصاد)",
        "a": "صمت",
        "o": ["صمت", "صوت", "صندوق", "صخر"],
        "h": "سكوت"
      },
      {
        "q": "يتكلم كل اللغات وليس له لسان؟ (يبدأ بحرف الصاد)",
        "a": "صدى",
        "o": ["صدى", "صندوق", "صرصور", "صقر"],
        "h": "ارتداد الصوت"
      }
    ],
    "ض": [
      {
        "q": "يدخل الماء ولا يبتل؟ (يبدأ بحرف الضاد)",
        "a": "ضوء",
        "o": ["ضوء", "ضباب", "ضجيج", "ضبع"],
        "h": "ليس مادة"
      }
    ],
    "ط": [
      {
        "q": "يوصلك إلى البيت دون أن يتحرك؟ (يبدأ بحرف الطاء)",
        "a": "طريق",
        "o": ["طريق", "طائرة", "طاحونة", "طاولة"],
        "h": "تمشي عليه"
      },
      {
        "q": "لها أربع أرجل ولا تمشي؟ (تبدأ بحرف الطاء)",
        "a": "طاولة",
        "o": ["طاولة", "طائرة", "طبلة", "طاقية"],
        "h": "جماد"
      }
    ],
    "ظ": [
      {
        "q": "يتبعك في الشمس ويختفي في الظل؟ (يبدأ بحرف الظاء)",
        "a": "ظل",
        "o": ["ظل", "ظلام", "ظفر", "ظهر"],
        "h": "نسختك السوداء"
      },
      {
        "q": "كلما زاد نقص ما تراه؟ (يبدأ بحرف الظاء)",
        "a": "ظلام",
        "o": ["ظلام", "ظل", "ظن", "ظرف"],
        "h": "عتمة"
      }
    ],
    "ع": [
      {
        "q": "كلما زاد نقص (المتبقي منه)؟ (يبدأ بحرف العين)",
        "a": "عمر",
        "o": ["عمر", "عمل", "علم", "عظم"],
        "h": "سنواتك"
      },
      {
        "q": "أخوان لا يريان بعضهما أبداً؟ (يبدأ بحرف العين)",
        "a": "عينان",
        "o": ["عينان", "عمتان", "عجوزان", "عودان"],
        "h": "للرؤية"
      }
    ],
    "غ": [
      {
        "q": "وجبة لا يمكنك تناولها في الفطور؟ (تبدأ بحرف الغين)",
        "a": "غداء",
        "o": ["غداء", "غنم", "غزال", "غبار"],
        "h": "وقتها الظهر"
      },
      {
        "q": "يغطي السماء ويحجب الشمس؟ (يبدأ بحرف الغين)",
        "a": "غيم",
        "o": ["غيم", "غاز", "غطاء", "غابة"],
        "h": "سحاب"
      }
    ],
    "ف": [
      {
        "q": "شهر قد يكون 29 يوماً؟ (يبدأ بحرف الفاء)",
        "a": "فبراير",
        "o": ["فبراير", "فيضان", "فجر", "فلك"],
        "h": "الشهر الثاني"
      },
      {
        "q": "شيء تضعه في الثلاجة ولا يبرد (طبعه حار)؟ (يبدأ بحرف الفاء)",
        "a": "فلفل",
        "o": ["فلفل", "فول", "فجل", "فطر"],
        "h": "حار"
      }
    ],
    "ق": [
      {
        "q": "يكتب ولا يقرأ؟ (يبدأ بحرف القاف)",
        "a": "قلم",
        "o": ["قلم", "قارب", "قفل", "قرد"],
        "h": "أداة"
      },
      {
        "q": "له إبهام وأصابع وليس يداً؟ (يبدأ بحرف القاف)",
        "a": "قفاز",
        "o": ["قفاز", "قبعة", "قميص", "قلادة"],
        "h": "ملابس لليد"
      }
    ],
    "ك": [
      {
        "q": "له جلد وأوراق وليس نباتاً ولا حيواناً؟ (يبدأ بحرف الكاف)",
        "a": "كتاب",
        "o": ["كتاب", "كرسي", "كيس", "كوب"],
        "h": "للقراءة"
      },
      {
        "q": "حيوان معروف بالوفاء؟ (يبدأ بحرف الكاف)",
        "a": "كلب",
        "o": ["كلب", "كبش", "كنغر", "كوبرا"],
        "h": "صديق الإنسان"
      }
    ],
    "ل": [
      {
        "q": "حرف تراه في (الليل) ثلاث مرات وفي (النهار) مرة واحدة؟ (يبدأ بحرف اللام)",
        "a": "لام",
        "o": ["لام", "لون", "ليل", "لوح"],
        "h": "ل ي ل"
      }
    ],
    "م": [
      {
        "q": "له أسنان ولا يعض؟ (يبدأ بحرف الميم)",
        "a": "مشط",
        "o": ["مشط", "مفتاح", "مسمار", "مقص"],
        "h": "للشعر"
      },
      {
        "q": "لا يعمل إلا إذا وضعت أصابعك في عينيه؟ (يبدأ بحرف الميم)",
        "a": "مقص",
        "o": ["مقص", "مشبك", "مسمار", "مفتاح"],
        "h": "يقطع"
      },
      {
        "q": "لا يمشي إلا بالضرب على رأسه؟ (يبدأ بحرف الميم)",
        "a": "مسمار",
        "o": ["مسمار", "مشط", "مقص", "مفتاح"],
        "h": "في الخشب"
      }
    ]
  },
  "medium": {
    "أ": [
      {
        "q": "كلمة واحدة تضم كل الحروف؟ (تبدأ بحرف الألف)",
        "a": "أبجدية",
        "o": ["أبجدية", "أغنية", "أمنية", "أحجية"],
        "h": "من الألف للياء"
      }
    ]
  }
}