{
  "type": "riddles",
  "sub": "logic",
  "easy": {
    "أ": [
      {
        "q": "ابن أمك وأبيك، وليس أختك ولا أخاك.. فمن يكون؟ يبدأ بحرف الألف",
        "a": "أنت",
        "o": ["أنت", "أبي", "أخي", "أمي"],
        "h": "نفسك"
      },
      {
        "q": "شيء تراه في الليل ثلاث مرات وفي النهار مرة واحدة (في الكلمة)؟ يبدأ بحرف الألف",
        "a": "ألف (حرف الألف)",
        "o": ["ألف", "أناناس", "أرنب", "أسد"],
        "h": "الليل - النهار"
      }
    ],
    "ب": [
      {
        "q": "فاكهة حمراء وسكانها سود ومفتاحها حديد (السكين) تبدأ بحرف الباء؟",
        "a": "بطيخة",
        "o": ["بطيخة", "برتقالة", "بصلة", "بيضة"],
        "h": "خضراء من الخارج"
      },
      {
        "q": "شيء تذبحه وتبكي عليه؟ يبدأ بحرف الباء",
        "a": "بصل",
        "o": ["بصل", "بطاطس", "باذنجان", "بقدونس"],
        "h": "يسبب الدموع"
      }
    ],
    "ت": [
      {
        "q": "فاكهة تقرأ اسمها من اليمين واليسار نفس الشيء تبدأ بحرف التاء؟",
        "a": "توت",
        "o": ["توت", "تين", "تفاح", "تمر"],
        "h": "صغيرة ولذيذة"
      },
      {
        "q": "جهاز ترى فيه العالم وأنت في مكانك يبدأ بحرف التاء؟",
        "a": "تلفاز",
        "o": ["تلفاز", "تلسكوب", "تنور", "تمثال"],
        "h": "شاشة"
      }
    ],
    "ث": [
      {
        "q": "ماء جامد يذوب في الحرارة يبدأ بحرف الثاء؟",
        "a": "ثلج",
        "o": ["ثلج", "ثرى", "ثوب", "ثوم"],
        "h": "بارد جداً"
      },
      {
        "q": "حيوان مشهور بالمكر والخديعة يبدأ بحرف الثاء؟",
        "a": "ثعلب",
        "o": ["ثعلب", "ثور", "ثعبان", "ثايتل"],
        "h": "يشبه الكلب والذئب"
      }
    ],
    "ج": [
      {
        "q": "شيء يقرصك ولا تراه؟ يبدأ بحرف الجيم",
        "a": "جوع",
        "o": ["جوع", "جرح", "جدار", "جبل"],
        "h": "شعور بالحاجة للطعام"
      },
      {
        "q": "حيوان سفينة الصحراء يبدأ بحرف الجيم؟",
        "a": "جمل",
        "o": ["جمل", "جاموس", "جدي", "جراد"],
        "h": "يخزن الماء"
      }
    ],
    "ح": [
      {
        "q": "شيء كلما أخذت منه كبر وزاد؟ يبدأ بحرف الحاء",
        "a": "حفرة",
        "o": ["حفرة", "حديقة", "حقيبة", "حجرة"],
        "h": "نقصان في الأرض"
      },
      {
        "q": "شيء يحملك وتحمله في نفس الوقت؟ يبدأ بحرف الحاء",
        "a": "حذاء",
        "o": ["حذاء", "حقيبة", "حزام", "حصان"],
        "h": "في قدمك"
      }
    ],
    "خ": [
      {
        "q": "شيء يخرج من الأرض ويأكله الناس (أساسي) يبدأ بحرف الخاء؟",
        "a": "خبز",
        "o": ["خبز", "خس", "خوخ", "خيار"],
        "h": "مصنوع من الطحين"
      },
      {
        "q": "بيت مصنوع من القماش يسهل حمله يبدأ بحرف الخاء؟",
        "a": "خيمة",
        "o": ["خيمة", "خرقة", "خيط", "خزانة"],
        "h": "للتخييم"
      }
    ],
    "د": [
      {
        "q": "طائر يطير بلا جناح (ناتج عن النار) يبدأ بحرف الدال؟",
        "a": "دخان",
        "o": ["دخان", "ديك", "دبور", "دودة"],
        "h": "أسود أو أبيض"
      },
      {
        "q": "حيوان يصيح في الصباح ليوقظ الناس يبدأ بحرف الدال؟",
        "a": "ديك",
        "o": ["ديك", "دب", "دلفين", "دجاجة"],
        "h": "له عرف أحمر"
      }
    ],
    "ذ": [
      {
        "q": "حيوان يضرب به المثل في الغدر يبدأ بحرف الذال؟",
        "a": "ذئب",
        "o": ["ذئب", "ذباب", "ذهب", "ذرة"],
        "h": "يعوي للقمر"
      },
      {
        "q": "معدن أصفر ثمين يبدأ بحرف الذال؟",
        "a": "ذهب",
        "o": ["ذهب", "ذرة", "ذقن", "ذراع"],
        "h": "للحلي والاستثمار"
      }
    ],
    "ر": [
      {
        "q": "شيء يوجد في وسط باريس (في الكلمة) يبدأ بحرف الراء؟",
        "a": "راء (حرف الراء)",
        "o": ["راء", "رأس", "رمل", "رصيف"],
        "h": "الحرف الثالث"
      },
      {
        "q": "شيء لا يُرى ولكنه يحرك الشجر يبدأ بحرف الراء؟",
        "a": "ريح",
        "o": ["ريح", "ريشة", "رصاصة", "رمح"],
        "h": "هواء قوي"
      }
    ],
    "ز": [
      {
        "q": "مادة شفافة مصنوعة من الرمل تبدأ بحرف الزاي؟",
        "a": "زجاج",
        "o": ["زجاج", "زيت", "زر", "زهرة"],
        "h": "قابل للكسر"
      },
      {
        "q": "سائل لا يختلط بالماء ويطفو فوقه يبدأ بحرف الزاي؟",
        "a": "زيت",
        "o": ["زيت", "زئبق", "زعفران", "زبدة"],
        "h": "للقلي أو السيارات"
      }
    ],
    "س": [
      {
        "q": "يمشي بلا أرجل في السماء ويبكي بلا عيون (المطر) يبدأ بحرف السين؟",
        "a": "سحاب",
        "o": ["سحاب", "سراب", "سيل", "سد"],
        "h": "غيوم"
      },
      {
        "q": "شيء له عقارب ولا يلدغ يبدأ بحرف السين؟",
        "a": "ساعة",
        "o": ["ساعة", "سيارة", "سلة", "سفينة"],
        "h": "لقياس الوقت"
      },
      {
        "q": "يذوب في الماء ويعطي طعماً حلواً يبدأ بحرف السين؟",
        "a": "سكر",
        "o": ["سكر", "سميد", "سمسم", "سمن"],
        "h": "أبيض اللون"
      }
    ],
    "ش": [
      {
        "q": "تحرق نفسها لتضيء للآخرين تبدأ بحرف الشين؟",
        "a": "شمعة",
        "o": ["شمعة", "شمس", "شعلة", "شبكة"],
        "h": "تستخدم عند انقطاع الكهرباء"
      },
      {
        "q": "نجم يضيء الأرض نهاراً يبدأ بحرف الشين؟",
        "a": "شمس",
        "o": ["شمس", "شمعة", "شهاب", "شرارة"],
        "h": "مصدر الحرارة"
      }
    ],
    "ص": [
      {
        "q": "شيء إذا نطقته كسرته (لأنه يذهب) يبدأ بحرف الصاد؟",
        "a": "صمت",
        "o": ["صمت", "صوت", "صندوق", "صخر"],
        "h": "السكوت"
      },
      {
        "q": "يتكلم كل اللغات وليس له لسان (يرد عليك) يبدأ بحرف الصاد؟",
        "a": "صدى",
        "o": ["صدى", "صندوق", "صرصور", "صقر"],
        "h": "ارتداد الصوت"
      }
    ],
    "ض": [
      {
        "q": "شيء يتبعك أينما ذهبت في الشمس يبدأ بحرف الضاد؟",
        "a": "ظل",
        "o": ["ظل", "ضوء", "ضباب", "ضيف"],
        "h": "نسختك السوداء"
      },
      {
        "q": "أسرع شيء في الكون (يقطع 300 ألف كم/ث) يبدأ بحرف الضاد؟",
        "a": "ضوء",
        "o": ["ضوء", "ضباب", "ضجيج", "ضبع"],
        "h": "نور"
      }
    ],
    "ط": [
      {
        "q": "لها أربع أرجل ولا تمشي (جماد) تبدأ بحرف الطاء؟",
        "a": "طاولة",
        "o": ["طاولة", "طائرة", "طبلة", "طاقية"],
        "h": "نضع عليها الطعام"
      },
      {
        "q": "تطير ولها جناح وليس لها ريش تبدأ بحرف الطاء؟",
        "a": "طائرة",
        "o": ["طائرة", "طيارة", "طاحونة", "طوبة"],
        "h": "وسيلة نقل"
      }
    ],
    "ظ": [
      {
        "q": "عكس النور يبدأ بحرف الظاء؟",
        "a": "ظلام",
        "o": ["ظلام", "ظل", "ظفر", "ظهر"],
        "h": "في الليل"
      }
    ],
    "ع": [
      {
        "q": "شيء كلما كثر رخص، وكلما قل غلا يبدأ بحرف العين؟",
        "a": "عقل",
        "o": ["عقل", "عين", "عظم", "عود"],
        "h": "الحكمة"
      },
      {
        "q": "أخوان متجاوران لا يريان بعضهما أبداً يبدأ بحرف العين؟",
        "a": "عينان",
        "o": ["عينان", "عمتان", "عجوزان", "عودان"],
        "h": "في الوجه"
      }
    ],
    "غ": [
      {
        "q": "طائر أسود يضرب به المثل في الشؤم (في القصص) يبدأ بحرف الغين؟",
        "a": "غراب",
        "o": ["غراب", "غزال", "غنم", "غوريلا"],
        "h": "صوته نعيق"
      },
      {
        "q": "يغطي السماء ويحجب الشمس وينزل المطر يبدأ بحرف الغين؟",
        "a": "غيم",
        "o": ["غيم", "غبار", "غاز", "غطاء"],
        "h": "سحاب"
      }
    ],
    "ف": [
      {
        "q": "شهر يمكن أن يكون 28 يوماً يبدأ بحرف الفاء؟",
        "a": "فبراير (وكل الشهور)",
        "o": ["فبراير", "فيضان", "فجر", "فلك"],
        "h": "الشهر الثاني"
      },
      {
        "q": "حيوان ضخم له خرطوم طويل يبدأ بحرف الفاء؟",
        "a": "فيل",
        "o": ["فيل", "فهد", "فأر", "فرس"],
        "h": "أكبر حيوان بري"
      }
    ],
    "ق": [
      {
        "q": "شيء يكتب ولا يقرأ يبدأ بحرف القاف؟",
        "a": "قلم",
        "o": ["قلم", "قارب", "قفل", "قرد"],
        "h": "أداة الكتابة"
      },
      {
        "q": "جسم سماوي ينير الليل ويتغير شكله يبدأ بحرف القاف؟",
        "a": "قمر",
        "o": ["قمر", "قوس", "قارب", "قرص"],
        "h": "يصير بدراً"
      }
    ],
    "ك": [
      {
        "q": "له جلد وأوراق وليس حيواناً ولا نباتاً يبدأ بحرف الكاف؟",
        "a": "كتاب",
        "o": ["كتاب", "كرسي", "كيس", "كوب"],
        "h": "للقراءة"
      },
      {
        "q": "حيوان يعرف بالوفاء يبدأ بحرف الكاف؟",
        "a": "كلب",
        "o": ["كلب", "كبش", "كنغر", "كوبرا"],
        "h": "صديق الإنسان"
      }
    ],
    "ل": [
      {
        "q": "عضو يستخدم للكلام والتذوق (عضلة) يبدأ بحرف اللام؟",
        "a": "لسان",
        "o": ["لسان", "لحم", "لوز", "ليث"],
        "h": "داخل الفم"
      },
      {
        "q": "سائل أبيض مفيد للعظام والأسنان يبدأ بحرف اللام؟",
        "a": "لبن (حليب)",
        "o": ["لبن", "ليمون", "لؤلؤ", "لوز"],
        "h": "من البقر والغنم"
      }
    ],
    "م": [
      {
        "q": "له أسنان كثيرة ولا يعض يبدأ بحرف الميم؟",
        "a": "مشط",
        "o": ["مشط", "مفتاح", "مسمار", "مقص"],
        "h": "للشعر"
      },
      {
        "q": "شيء لا يمشي إلا بالضرب (على رأسه) يبدأ بحرف الميم؟",
        "a": "مسمار",
        "o": ["مسمار", "مفك", "مقص", "مشبك"],
        "h": "يثبت الخشب"
      },
      {
        "q": "أهون موجود وأعز مفقود يبدأ بحرف الميم؟",
        "a": "ماء",
        "o": ["ماء", "مال", "ملح", "موز"],
        "h": "سر الحياة"
      }
    ]
  }
}