{
  "type": "riddles",
  "sub": "math",
  "easy": {
    "أ": [
      {
        "q": "عدد يتكون من واحد وأمامه ثلاثة أصفار يبدأ بحرف الألف؟",
        "a": "ألف",
        "o": ["ألف", "أربعة", "أحد عشر", "أربعمائة"],
        "h": "1000"
      },
      {
        "q": "وحدة بناء الرياضيات (1، 2، 3...) تسمى تبدأ بحرف الألف؟",
        "a": "أرقام (أو أعداد)",
        "o": ["أرقام", "أشكال", "أحجام", "أثقال"],
        "h": "رموز العد"
      }
    ],
    "ب": [
      {
        "q": "ما يتبقى من العدد بعد عملية القسمة أو الطرح يبدأ بحرف الباء؟",
        "a": "باقي",
        "o": ["باقي", "بداية", "بسيط", "بيانات"],
        "h": "الرقم الفائض"
      }
    ],
    "ت": [
      {
        "q": "حاصل ضرب 3 × 3 يبدأ بحرف التاء؟",
        "a": "تسعة",
        "o": ["تسعة", "تسعون", "تسع عشر", "ترتيب"],
        "h": "رقم فردي"
      }
    ],
    "ث": [
      {
        "q": "عدد أضلاع المثلث يبدأ بحرف الثاء؟",
        "a": "ثلاثة",
        "o": ["ثلاثة", "ثمانية", "ثلاثون", "ثمانون"],
        "h": "أقل من أربعة"
      },
      {
        "q": "الكسر الذي يمثل جزءاً من ثلاثة أجزاء (1/3) يبدأ بحرف الثاء؟",
        "a": "ثلث",
        "o": ["ثلث", "ثمن", "ثلاثة", "ثانية"],
        "h": "أكبر من الربع"
      }
    ],
    "ج": [
      {
        "q": "العملية الرياضية التي نستخدم فيها علامة (+) تبدأ بحرف الجيم؟",
        "a": "جمع",
        "o": ["جمع", "جذر", "جبر", "جدول"],
        "h": "زيادة الأعداد"
      },
      {
        "q": "فرع من الرياضيات يستخدم الرموز والحروف (س، ص) يبدأ بحرف الجيم؟",
        "a": "جبر",
        "o": ["جبر", "جمع", "جذر", "جسم"],
        "h": "أسسه الخوارزمي"
      }
    ],
    "ح": [
      {
        "q": "النتيجة النهائية للمسألة الرياضية تسمى تبدأ بحرف الحاء؟",
        "a": "حل",
        "o": ["حل", "حد", "حساب", "حجم"],
        "h": "الجواب"
      },
      {
        "q": "زاوية قياسها أقل من 90 درجة تبدأ بحرف الحاء؟",
        "a": "حادة",
        "o": ["حادة", "حقيقية", "حرجة", "حسابية"],
        "h": "عكس المنفرجة"
      }
    ],
    "خ": [
      {
        "q": "عدد أصابع اليد الواحدة يبدأ بحرف الخاء؟",
        "a": "خمسة",
        "o": ["خمسة", "خمسون", "خمسة عشر", "خارج"],
        "h": "نصف العشرة"
      },
      {
        "q": "أقصر مسافة بين نقطتين تبدأ بحرف الخاء؟",
        "a": "خط (مستقيم)",
        "o": ["خط", "خارج", "خانة", "خطأ"],
        "h": "يرسم بالمسطرة"
      }
    ],
    "د": [
      {
        "q": "شكل هندسي ليس له زوايا ولا أضلاع يبدأ بحرف الدال؟",
        "a": "دائرة",
        "o": ["دائرة", "درجة", "دقيقة", "دالة"],
        "h": "مثل العجلة"
      },
      {
        "q": "وحدة قياس الزوايا تبدأ بحرف الدال؟",
        "a": "درجة",
        "o": ["درجة", "دائرة", "دقيقة", "دالة"],
        "h": "الدائرة = 360 منها"
      }
    ],
    "ذ": [
      {
        "q": "الحساب الذي يتم في العقل دون ورقة وقلم يسمى حساباً... يبدأ بحرف الذال؟",
        "a": "ذهني",
        "o": ["ذهني", "ذري", "ذكي", "ذاتي"],
        "h": "يعتمد على الذاكرة"
      }
    ],
    "ر": [
      {
        "q": "الكسر الذي يساوي (1/4) يبدأ بحرف الراء؟",
        "a": "ربع",
        "o": ["ربع", "رقم", "رمز", "رأس"],
        "h": "نصف النصف"
      },
      {
        "q": "شكل يعبر عن كمية معينة (مثل 5، 7) يبدأ بحرف الراء؟",
        "a": "رقم",
        "o": ["رقم", "ربع", "رمز", "رياضيات"],
        "h": "وحدة العد"
      }
    ],
    "ز": [
      {
        "q": "العدد الذي يقبل القسمة على 2 يسمى عدداً... يبدأ بحرف الزاي؟",
        "a": "زوجي",
        "o": ["زوجي", "زائد", "زاوية", "زمان"],
        "h": "مثل 2، 4، 6"
      },
      {
        "q": "نقطة التقاء ضلعين تشكل... تبدأ بحرف الزاي؟",
        "a": "زاوية",
        "o": ["زاوية", "زوجي", "زائد", "زمرة"],
        "h": "تقاس بالدرجات"
      }
    ],
    "س": [
      {
        "q": "عدد أيام الأسبوع يبدأ بحرف السين؟",
        "a": "سبعة",
        "o": ["سبعة", "ستة", "ستون", "سبعون"],
        "h": "رقم فردي"
      },
      {
        "q": "وحدة قياس الطول (جزء من المتر) تبدأ بحرف السين؟",
        "a": "سنتيمتر",
        "o": ["سنتيمتر", "سنة", "ساعة", "سهم"],
        "h": "المتر فيه 100 منها"
      }
    ],
    "ش": [
      {
        "q": "الهيئة الهندسية للجسم (مربع، دائرة...) تسمى تبدأ بحرف الشين؟",
        "a": "شكل",
        "o": ["شكل", "شهر", "شبر", "شعاع"],
        "h": "صورة الشيء"
      }
    ],
    "ص": [
      {
        "q": "الرقم الذي يعني (لا شيء) يبدأ بحرف الصاد؟",
        "a": "صفر",
        "o": ["صفر", "صحيح", "صغير", "صف"],
        "h": "دائرة فارغة"
      }
    ],
    "ض": [
      {
        "q": "العملية التي هي تكرار للجمع (×) تبدأ بحرف الضاد؟",
        "a": "ضرب",
        "o": ["ضرب", "ضعف", "ضلع", "ضريبة"],
        "h": "جدول الـ..."
      },
      {
        "q": "الخط المستقيم الذي يحد الشكل الهندسي يسمى تبدأ بحرف الضاد؟",
        "a": "ضلع",
        "o": ["ضلع", "ضرب", "ضعف", "ضخامة"],
        "h": "المثلث له 3 منها"
      }
    ],
    "ط": [
      {
        "q": "عملية إنقاص عدد من آخر (-) تبدأ بحرف الطاء؟",
        "a": "طرح",
        "o": ["طرح", "طول", "طن", "طرف"],
        "h": "عكس الجمع"
      },
      {
        "q": "المسافة من بداية الشيء لنهايته تسمى تبدأ بحرف الطاء؟",
        "a": "طول",
        "o": ["طول", "طرح", "طن", "طبقة"],
        "h": "يقاس بالمتر"
      }
    ],
    "ظ": [
      {
        "q": "في الهندسة، إسقاط الشكل على سطح يسمى تبدأ بحرف الظاء؟",
        "a": "ظل (إسقاط)",
        "o": ["ظل", "ظهر", "ظرف", "ظاهر"],
        "h": "انعكاس الشكل"
      }
    ],
    "ع": [
      {
        "q": "حاصل جمع 5 + 5 يبدأ بحرف العين؟",
        "a": "عشرة",
        "o": ["عشرة", "عشرون", "عدد", "عامود"],
        "h": "أول عدد من خانتين"
      },
      {
        "q": "الكمية المحسوبة (1، 2، 3...) تسمى تبدأ بحرف العين؟",
        "a": "عدد",
        "o": ["عدد", "عرض", "عمق", "عامل"],
        "h": "رقم"
      }
    ],
    "غ": [
      {
        "q": "وحدة قياس الوزن الصغيرة تبدأ بحرف الغين؟",
        "a": "غرام",
        "o": ["غرام", "غرفة", "غلا", "غرض"],
        "h": "الكيلو فيه 1000 منها"
      }
    ],
    "ف": [
      {
        "q": "العدد الذي لا يقبل القسمة على 2 (مثل 1، 3) يبدأ بحرف الفاء؟",
        "a": "فردي",
        "o": ["فردي", "فرق", "فرع", "فئة"],
        "h": "عكس الزوجي"
      },
      {
        "q": "ناتج عملية الطرح يسمى تبدأ بحرف الفاء؟",
        "a": "فرق",
        "o": ["فرق", "فردي", "فرصة", "فاصلة"],
        "h": "المسافة بين رقمين"
      }
    ],
    "ق": [
      {
        "q": "العملية العكسية للضرب (÷) تبدأ بحرف القاف؟",
        "a": "قسمة",
        "o": ["قسمة", "قطر", "قاعدة", "قيمة"],
        "h": "توزيع بالتساوي"
      },
      {
        "q": "الخط الذي يقسم الدائرة لنصفين ماراً بالمركز يبدأ بحرف القاف؟",
        "a": "قطر",
        "o": ["قطر", "قسمة", "قاعدة", "قوس"],
        "h": "أطول وتر في الدائرة"
      }
    ],
    "ك": [
      {
        "q": "العدد الذي يمثل جزءاً من الواحد (بسط ومقام) يبدأ بحرف الكاف؟",
        "a": "كسر",
        "o": ["كسر", "كيلو", "كتلة", "كمية"],
        "h": "مثل النصف والربع"
      },
      {
        "q": "وحدة وزن تساوي 1000 غرام تبدأ بحرف الكاف؟",
        "a": "كيلوجرام",
        "o": ["كيلوجرام", "كسر", "كوب", "كثافة"],
        "h": "وزن كيس سكر"
      }
    ],
    "ل": [
      {
        "q": "مفهوم رياضي يعني (لا حدود له) يبدأ بحرف اللام؟",
        "a": "لانهاية",
        "o": ["لانهاية", "لتر", "لغز", "لوغاريتم"],
        "h": "رمزه ∞"
      },
      {
        "q": "وحدة قياس السوائل تبدأ بحرف اللام؟",
        "a": "لتر",
        "o": ["لتر", "لانهاية", "لمحة", "لون"],
        "h": "زجاجة الماء الكبيرة"
      }
    ],
    "م": [
      {
        "q": "شكل هندسي له ثلاثة أضلاع يبدأ بحرف الميم؟",
        "a": "مثلث",
        "o": ["مثلث", "مربع", "مستطيل", "معين"],
        "h": "مجموع زواياه 180"
      },
      {
        "q": "شكل رباعي أضلاعه متساوية وزواياه قائمة يبدأ بحرف الميم؟",
        "a": "مربع",
        "o": ["مربع", "مثلث", "مستطيل", "مخروط"],
        "h": "حالة خاصة من المستطيل"
      },
      {
        "q": "وحدة قياس الطول الأساسية تبدأ بحرف الميم؟",
        "a": "متر",
        "o": ["متر", "ميل", "مساحة", "محيط"],
        "h": "يساوي 100 سم"
      }
    ]
  },
  "medium": {
    "أ": [
      {
        "q": "عدد لا يقبل القسمة إلا على نفسه وعلى الواحد الصحيح يبدأ بحرف الألف؟",
        "a": "أولي",
        "o": ["أولي", "أحادي", "أصلي", "أساسي"],
        "h": "مثل 2، 3، 5، 7"
      }
    ]
  }
}