{
  "type": "riddles",
  "sub": "patterns",
  "easy": {
    "أ": [
      {
        "q": "أكمل النمط: أحمر، أزرق، أحمر، ...؟ (يبدأ بحرف الألف)",
        "a": "أزرق",
        "o": ["أزرق", "أصفر", "أخضر", "أسود"],
        "h": "تكرار اللونين"
      },
      {
        "q": "أكمل النمط: يناير، فبراير، مارس، ...؟ (يبدأ بحرف الألف)",
        "a": "أبريل",
        "o": ["أبريل", "أغسطس", "أكتوبر", "أيار"],
        "h": "الشهور الميلادية"
      }
    ],
    "ب": [
      {
        "q": "أكمل النمط: بيضة، كتكوت، دجاجة، ...؟ (تبدأ بحرف الباء - دورة حياة جديدة)",
        "a": "بيضة",
        "o": ["بيضة", "بطة", "بجعة", "بومة"],
        "h": "تعود الدورة من البداية"
      },
      {
        "q": "أكمل النمط: أ، ...، ت، ث؟ (يبدأ بحرف الباء)",
        "a": "باء (حرف الباء)",
        "o": ["باء", "باب", "بيت", "بئر"],
        "h": "الحروف الهجائية"
      }
    ],
    "ت": [
      {
        "q": "أكمل النمط: 10، 30، 50، 70، ...؟ (تبدأ بحرف التاء)",
        "a": "تسعين",
        "o": ["تسعين", "تسعة", "ثلاثين", "ثمانين"],
        "h": "زيادة 20"
      },
      {
        "q": "أكمل النمط: 1، 3، 5، 7، ...؟ (تبدأ بحرف التاء)",
        "a": "تسعة",
        "o": ["تسعة", "ثلاثة", "ثمانية", "تسع"],
        "h": "أعداد فردية"
      }
    ],
    "ث": [
      {
        "q": "أكمل النمط: سبت، أحد، اثنين، ...؟ (تبدأ بحرف الثاء)",
        "a": "ثلاثاء",
        "o": ["ثلاثاء", "ثمانية", "ثور", "ثالث"],
        "h": "أيام الأسبوع"
      },
      {
        "q": "أكمل النمط: 2، 4، 6، ...؟ (تبدأ بحرف الثاء)",
        "a": "ثمانية",
        "o": ["ثمانية", "ثلاثة", "ثلاثين", "ثلث"],
        "h": "أعداد زوجية"
      }
    ],
    "ج": [
      {
        "q": "أكمل النمط: أربعاء، خميس، ...؟ (تبدأ بحرف الجيم)",
        "a": "جمعة",
        "o": ["جمعة", "جمادى", "جدي", "جرس"],
        "h": "نهاية الأسبوع"
      },
      {
        "q": "أكمل النمط: شمال، شرق، غرب، ...؟ (تبدأ بحرف الجيم)",
        "a": "جنوب",
        "o": ["جنوب", "جدار", "جانب", "جبل"],
        "h": "الاتجاهات"
      }
    ],
    "ح": [
      {
        "q": "أكمل النمط: حلو، حامض، حلو، ...؟ (تبدأ بحرف الحاء)",
        "a": "حامض",
        "o": ["حامض", "حار", "حلوى", "حديد"],
        "h": "تكرار الطعم"
      },
      {
        "q": "أكمل النمط: ج، ...، خ، د؟ (تبدأ بحرف الحاء)",
        "a": "حاء",
        "o": ["حاء", "حوت", "حبل", "حجر"],
        "h": "الحرف المفقود"
      }
    ],
    "خ": [
      {
        "q": "أكمل النمط: صيف، ...، شتاء، ربيع؟ (تبدأ بحرف الخاء)",
        "a": "خريف",
        "o": ["خريف", "خميس", "خمسة", "خس"],
        "h": "فصول السنة"
      },
      {
        "q": "أكمل النمط: ثلاثاء، أربعاء، ...؟ (تبدأ بحرف الخاء)",
        "a": "خميس",
        "o": ["خميس", "خريف", "خمسة", "خيار"],
        "h": "أيام الأسبوع"
      },
      {
        "q": "أكمل النمط: 1، 2، 3، 4، ...؟ (تبدأ بحرف الخاء)",
        "a": "خمسة",
        "o": ["خمسة", "خمسين", "خميس", "خط"],
        "h": "العد المتسلسل"
      }
    ],
    "د": [
      {
        "q": "أكمل النمط: مربع، دائرة، مربع، ...؟ (تبدأ بحرف الدال)",
        "a": "دائرة",
        "o": ["دائرة", "درجة", "دقيقة", "درهم"],
        "h": "الأشكال"
      },
      {
        "q": "أكمل النمط: ثانية، ...، ساعة؟ (تبدأ بحرف الدال)",
        "a": "دقيقة",
        "o": ["دقيقة", "دائرة", "درجة", "دهر"],
        "h": "وحدات الوقت"
      }
    ],
    "ذ": [
      {
        "q": "أكمل النمط: فضة، ...، فضة، ذهب؟ (تبدأ بحرف الذال)",
        "a": "ذهب",
        "o": ["ذهب", "ذرة", "ذئب", "ذيل"],
        "h": "معادن ثمينة"
      }
    ],
    "ر": [
      {
        "q": "أكمل النمط: محرم، صفر، ...؟ (تبدأ بحرف الراء)",
        "a": "ربيع أول",
        "o": ["ربيع أول", "رجب", "رمضان", "ربع"],
        "h": "الشهور الهجرية"
      },
      {
        "q": "أكمل النمط: نصف، ثلث، ...؟ (تبدأ بحرف الراء)",
        "a": "ربع",
        "o": ["ربع", "رطل", "رقم", "رمح"],
        "h": "الكسور"
      }
    ],
    "ز": [
      {
        "q": "أكمل النمط: 2، 4، 6، 8... هي أعداد؟ (تبدأ بحرف الزاي)",
        "a": "زوجية",
        "o": ["زوجية", "زائدة", "زرقاء", "زهرية"],
        "h": "تقبل القسمة على 2"
      }
    ],
    "س": [
      {
        "q": "أكمل النمط: 1، 3، 5، ...؟ (تبدأ بحرف السين)",
        "a": "سبعة",
        "o": ["سبعة", "ستة", "ستين", "سبعين"],
        "h": "أعداد فردية"
      },
      {
        "q": "أكمل النمط: 2، 4، ...؟ (تبدأ بحرف السين)",
        "a": "ستة",
        "o": ["ستة", "سبعة", "ستين", "سبعين"],
        "h": "أعداد زوجية"
      },
      {
        "q": "أكمل النمط: خميس، جمعة، ...؟ (تبدأ بحرف السين)",
        "a": "سبت",
        "o": ["سبت", "سنة", "ساعة", "سهم"],
        "h": "أيام العطلة"
      }
    ],
    "ش": [
      {
        "q": "أكمل النمط: خريف، صيف، ربيع، ...؟ (تبدأ بحرف الشين)",
        "a": "شتاء",
        "o": ["شتاء", "شمال", "شهر", "شمس"],
        "h": "الفصل البارد"
      },
      {
        "q": "أكمل النمط: جنوب، غرب، شرق، ...؟ (تبدأ بحرف الشين)",
        "a": "شمال",
        "o": ["شمال", "شمس", "شهر", "شاطئ"],
        "h": "الاتجاهات"
      },
      {
        "q": "أكمل النمط: قمر، ...، قمر، شمس؟ (تبدأ بحرف الشين)",
        "a": "شمس",
        "o": ["شمس", "شتاء", "شمال", "شهر"],
        "h": "تعاقب الليل والنهار"
      }
    ],
    "ص": [
      {
        "q": "أكمل النمط: 3، 2، 1، ...؟ (تبدأ بحرف الصاد)",
        "a": "صفر",
        "o": ["صفر", "صندوق", "صحن", "صقر"],
        "h": "العد التنازلي"
      },
      {
        "q": "أكمل النمط: شتاء، ربيع، ...؟ (تبدأ بحرف الصاد)",
        "a": "صيف",
        "o": ["صيف", "صفر", "صباح", "صخر"],
        "h": "الفصل الحار"
      }
    ],
    "ض": [
      {
        "q": "أكمل النمط: ظلام، ...، ظلام، ضوء؟ (تبدأ بحرف الضاد)",
        "a": "ضوء",
        "o": ["ضوء", "ضباب", "ضجيج", "ضلع"],
        "h": "عكس الظلام"
      }
    ],
    "ط": [
      {
        "q": "أكمل النمط: سيارة، قطار، ...؟ (تبدأ بحرف الطاء)",
        "a": "طائرة",
        "o": ["طائرة", "طاولة", "طير", "طين"],
        "h": "وسائل النقل"
      }
    ],
    "ظ": [
      {
        "q": "أكمل النمط: نور، ...، نور، ظلام؟ (تبدأ بحرف الظاء)",
        "a": "ظلام",
        "o": ["ظلام", "ظل", "ظهر", "ظبي"],
        "h": "عكس النور"
      }
    ],
    "ع": [
      {
        "q": "أكمل النمط: 7، 8، 9، ...؟ (تبدأ بحرف العين)",
        "a": "عشرة",
        "o": ["عشرة", "عشرين", "عدد", "عام"],
        "h": "الرقم التالي"
      },
      {
        "q": "أكمل النمط: ظهر، ...، مغرب؟ (تبدأ بحرف العين)",
        "a": "عصر",
        "o": ["عصر", "عشاء", "عام", "عيد"],
        "h": "أوقات الصلاة"
      },
      {
        "q": "أكمل النمط: 10، ...، 30؟ (تبدأ بحرف العين)",
        "a": "عشرين",
        "o": ["عشرين", "عشرة", "عام", "عدد"],
        "h": "مضاعفات العشرة"
      }
    ],
    "غ": [
      {
        "q": "أكمل النمط: فطور، ...، عشاء؟ (تبدأ بحرف الغين)",
        "a": "غداء",
        "o": ["غداء", "غنم", "غابة", "غيم"],
        "h": "وجبات اليوم"
      },
      {
        "q": "أكمل النمط: أمس، اليوم، ...؟ (تبدأ بحرف الغين)",
        "a": "غداً",
        "o": ["غداً", "غرب", "غياب", "غاية"],
        "h": "المستقبل القريب"
      }
    ],
    "ف": [
      {
        "q": "أكمل النمط: يناير، ...، مارس؟ (تبدأ بحرف الفاء)",
        "a": "فبراير",
        "o": ["فبراير", "فجر", "فول", "فلك"],
        "h": "الشهر الثاني"
      },
      {
        "q": "أكمل النمط: عشاء، ...، ظهر؟ (تبدأ بحرف الفاء - ترتيب الصلاة)",
        "a": "فجر",
        "o": ["فجر", "فلك", "فيل", "فم"],
        "h": "أول صلاة"
      }
    ],
    "ق": [
      {
        "q": "أكمل النمط: شمس، ...، شمس، قمر؟ (تبدأ بحرف القاف)",
        "a": "قمر",
        "o": ["قمر", "قطار", "قلم", "قصر"],
        "h": "تعاقب"
      },
      {
        "q": "أكمل النمط: سيارة، حافلة، ...؟ (تبدأ بحرف القاف - وسيلة نقل)",
        "a": "قطار",
        "o": ["قطار", "قارب", "قصر", "قلم"],
        "h": "يمشي على سكة"
      }
    ],
    "ك": [
      {
        "q": "أكمل النمط: صغير، متوسط، ...؟ (تبدأ بحرف الكاف)",
        "a": "كبير",
        "o": ["كبير", "كثير", "كامل", "كيس"],
        "h": "الأحجام"
      },
      {
        "q": "أكمل النمط: قلم، دفتر، ...؟ (تبدأ بحرف الكاف)",
        "a": "كتاب",
        "o": ["كتاب", "كرسي", "كوب", "كرة"],
        "h": "أدوات الدراسة"
      }
    ],
    "ل": [
      {
        "q": "أكمل النمط: نهار، ...، نهار، ليل؟ (تبدأ بحرف اللام)",
        "a": "ليل",
        "o": ["ليل", "لون", "لوح", "لحم"],
        "h": "عكس النهار"
      }
    ],
    "م": [
      {
        "q": "أكمل النمط: يناير، فبراير، ...؟ (تبدأ بحرف الميم)",
        "a": "مارس",
        "o": ["مارس", "مايو", "محرم", "مسجد"],
        "h": "الشهر الثالث"
      },
      {
        "q": "أكمل النمط: دائرة، مربع، ...؟ (تبدأ بحرف الميم)",
        "a": "مثلث",
        "o": ["مثلث", "مستطيل", "معين", "مخروط"],
        "h": "شكل هندسي"
      },
      {
        "q": "أكمل النمط: عصر، ...، عشاء؟ (تبدأ بحرف الميم)",
        "a": "مغرب",
        "o": ["مغرب", "مارس", "مسجد", "مدرسة"],
        "h": "وقت الغروب"
      }
    ]
  }
}