{
  "type": "riddles",
  "sub": "wordplay",
  "easy": {
    "أ": [
      {
        "q": "شيء لك، ولكن الناس يستخدمونه أكثر منك يبدأ بحرف الألف؟",
        "a": "اسمك",
        "o": ["اسمك", "أملك", "أمرك", "أجرك"],
        "h": "ينادونك به"
      },
      {
        "q": "كلمة تجمع كل الحروف (من الألف للياء) تبدأ بحرف الألف؟",
        "a": "أبجدية",
        "o": ["أبجدية", "أغنية", "أمنية", "أحجية"],
        "h": "الحروف الهجائية"
      }
    ],
    "ب": [
      {
        "q": "مدينة حمراء، أسوارها خضراء، وسكانها سود تبدأ بحرف الباء؟",
        "a": "بطيخة",
        "o": ["بطيخة", "بصلة", "بامية", "بطاطا"],
        "h": "فاكهة صيفية"
      },
      {
        "q": "طائر إذا قلبت اسمه أصبح (عجب) يبدأ بحرف الباء؟",
        "a": "بجع",
        "o": ["بجع", "بوم", "بط", "باز"],
        "h": "ع ج ب -> ب ج ع"
      }
    ],
    "ت": [
      {
        "q": "شهر ميلادي إذا حذفت أوله تحول إلى اسم فاكهة يبدأ بحرف التاء؟",
        "a": "تموز",
        "o": ["تموز", "تشرين", "تهامة", "تاريخ"],
        "h": "تموز -> موز"
      },
      {
        "q": "فاكهة تقرأ اسمها من اليمين واليسار نفس الشيء تبدأ بحرف التاء؟",
        "a": "توت",
        "o": ["توت", "تين", "تمر", "تفاح"],
        "h": "صغيرة ولذيذة"
      }
    ],
    "ث": [
      {
        "q": "ابن الماء وإذا وضعته في الماء مات يبدأ بحرف الثاء؟",
        "a": "ثلج",
        "o": ["ثلج", "ثور", "ثوب", "ثقب"],
        "h": "يذوب"
      }
    ],
    "ج": [
      {
        "q": "شيء يقرصك ولا تراه يبدأ بحرف الجيم؟",
        "a": "جوع",
        "o": ["جوع", "جرح", "جدار", "جبل"],
        "h": "شعور داخلي"
      }
    ],
    "ح": [
      {
        "q": "شيء يحملك وتحمله في نفس الوقت يبدأ بحرف الحاء؟",
        "a": "حذاء",
        "o": ["حذاء", "حقيبة", "حزام", "حصان"],
        "h": "في قدمك"
      },
      {
        "q": "شيء كلما أخذت منه كبر وزاد يبدأ بحرف الحاء؟",
        "a": "حفرة",
        "o": ["حفرة", "حديقة", "حقيبة", "حجرة"],
        "h": "نقصان في الأرض"
      }
    ],
    "خ": [
      {
        "q": "بحر لا يوجد فيه ماء يبدأ بحرف الخاء؟",
        "a": "خريطة",
        "o": ["خريطة", "خيمة", "خزنة", "خندق"],
        "h": "مرسوم"
      },
      {
        "q": "شيء يخرج من الأرض ويأكله الناس (أساسي) يبدأ بحرف الخاء؟",
        "a": "خبز",
        "o": ["خبز", "خس", "خوخ", "خيار"],
        "h": "عيش"
      }
    ],
    "د": [
      {
        "q": "طائر يطير بلا جناح (ناتج عن النار) يبدأ بحرف الدال؟",
        "a": "دخان",
        "o": ["دخان", "ديك", "دبور", "دودة"],
        "h": "يتصاعد للسماء"
      },
      {
        "q": "له تاج وليس ملكاً، ويدلك على الوقت يبدأ بحرف الدال؟",
        "a": "ديك",
        "o": ["ديك", "دب", "دلفين", "دجاج"],
        "h": "يصيح فجراً"
      }
    ],
    "ذ": [
      {
        "q": "شيء يتبع الكلب أينما ذهب يبدأ بحرف الذال؟",
        "a": "ذيله",
        "o": ["ذيله", "ذبابة", "ذهنه", "ذنبه"],
        "h": "جزء منه"
      }
    ],
    "ر": [
      {
        "q": "شيء يوجد في وسط (باريس) يبدأ بحرف الراء؟",
        "a": "راء (حرف الراء)",
        "o": ["راء", "رأس", "رمل", "رصيف"],
        "h": "الحرف الأوسط"
      }
    ],
    "ز": [
      {
        "q": "مادة مصنوعة من الرمل وتسمح بمرور الضوء تبدأ بحرف الزاي؟",
        "a": "زجاج",
        "o": ["زجاج", "زيت", "زر", "زهر"],
        "h": "النوافذ"
      }
    ],
    "س": [
      {
        "q": "يمشي بلا أرجل ويبكي بلا عيون يبدأ بحرف السين؟",
        "a": "سحاب",
        "o": ["سحاب", "سراب", "سيل", "سد"],
        "h": "ينزل المطر"
      },
      {
        "q": "لها عقارب ولا تلدغ تبدأ بحرف السين؟",
        "a": "ساعة",
        "o": ["ساعة", "سيارة", "سلة", "سفينة"],
        "h": "للوقت"
      },
      {
        "q": "نصفه (سم) وكله غذاء مفيد يبدأ بحرف السين؟",
        "a": "سمسم",
        "o": ["سمسم", "سكر", "سميد", "سمن"],
        "h": "يوضع على المعجنات"
      }
    ],
    "ش": [
      {
        "q": "تحرق نفسها لتضيء للآخرين تبدأ بحرف الشين؟",
        "a": "شمعة",
        "o": ["شمعة", "شمس", "شعلة", "شبكة"],
        "h": "تذوب"
      }
    ],
    "ص": [
      {
        "q": "شيء إذا نطقته كسرته يبدأ بحرف الصاد؟",
        "a": "صمت",
        "o": ["صمت", "صوت", "صندوق", "صخر"],
        "h": "السكوت"
      },
      {
        "q": "يتكلم كل اللغات وليس له لسان (يرد عليك) يبدأ بحرف الصاد؟",
        "a": "صدى",
        "o": ["صدى", "صندوق", "صرصور", "صقر"],
        "h": "في الجبال"
      }
    ],
    "ض": [
      {
        "q": "شيء يدخل الماء ولا يبتل يبدأ بحرف الضاد؟",
        "a": "ضوء",
        "o": ["ضوء", "ضباب", "ضجيج", "ضبع"],
        "h": "ليس مادة"
      }
    ],
    "ط": [
      {
        "q": "يوصلك إلى البيت دون أن يتحرك يبدأ بحرف الطاء؟",
        "a": "طريق",
        "o": ["طريق", "طائرة", "طاحونة", "طاولة"],
        "h": "تمشي عليه"
      }
    ],
    "ظ": [
      {
        "q": "كلما زاد نقص ما تراه (عكس النور) يبدأ بحرف الظاء؟",
        "a": "ظلام",
        "o": ["ظلام", "ظل", "ظرف", "ظهر"],
        "h": "الليل"
      }
    ],
    "ع": [
      {
        "q": "شيء كلما زاد نقص (أيامك في الدنيا) يبدأ بحرف العين؟",
        "a": "عمر",
        "o": ["عمر", "علم", "عمل", "عظم"],
        "h": "السنوات"
      },
      {
        "q": "أخوان لا يريان بعضهما أبداً (في وجهك) يبدأ بحرف العين؟",
        "a": "عينان",
        "o": ["عينان", "عمتان", "عجوزان", "عودان"],
        "h": "للرؤية"
      }
    ],
    "غ": [
      {
        "q": "وجبة لا يمكنك تناولها في الفطور أبداً تبدأ بحرف الغين؟",
        "a": "غداء",
        "o": ["غداء", "غنم", "غزال", "غبار"],
        "h": "لأن وقتها الظهر"
      }
    ],
    "ف": [
      {
        "q": "شيء تضعه في الثلاجة ولا يبرد (طبعه حار) يبدأ بحرف الفاء؟",
        "a": "فلفل",
        "o": ["فلفل", "فول", "فجل", "فطر"],
        "h": "حار"
      }
    ],
    "ق": [
      {
        "q": "يكتب ولا يقرأ يبدأ بحرف القاف؟",
        "a": "قلم",
        "o": ["قلم", "قارب", "قفل", "قرد"],
        "h": "أداة"
      },
      {
        "q": "شيء له إبهام وأصابع وليس يداً يبدأ بحرف القاف؟",
        "a": "قفاز",
        "o": ["قفاز", "قبعة", "قميص", "قلادة"],
        "h": "تلبسه في اليد"
      }
    ],
    "ك": [
      {
        "q": "له جلد وليس حيواناً، وله أوراق وليس نباتاً يبدأ بحرف الكاف؟",
        "a": "كتاب",
        "o": ["كتاب", "كرسي", "كيس", "كوب"],
        "h": "للقراءة"
      }
    ],
    "ل": [
      {
        "q": "حرف تراه في (الليل) ثلاث مرات وفي (النهار) مرة واحدة يبدأ بحرف اللام؟",
        "a": "لام",
        "o": ["لام", "لون", "ليل", "لوح"],
        "h": "ل ي ل - ن هـ ا ر (السؤال هنا لغز كلاسيكي لكن حسب الرسم الإملائي)"
      }
    ],
    "م": [
      {
        "q": "له أسنان ولا يعض يبدأ بحرف الميم؟",
        "a": "مشط",
        "o": ["مشط", "مفتاح", "مسمار", "مقص"],
        "h": "للشعر"
      },
      {
        "q": "لا يعمل إلا إذا وضعت أصابعك في عينيه يبدأ بحرف الميم؟",
        "a": "مقص",
        "o": ["مقص", "مشبك", "مسمار", "مفتاح"],
        "h": "للقص"
      }
    ]
  },
  "medium": {
    "أ": [
      {
        "q": "تحذف آخره يصبح فرداً من العائلة (اسم ولد) يبدأ بحرف الألف؟",
        "a": "أمجد (أم)",
        "o": ["أمجد", "أحمد", "أكرم", "أسعد"],
        "h": "أول حرفين"
      }
    ]
  }
}