{
  "type": "animals",
  "sub": "arabia_wildlife",
  "easy": [
    { "w": "جمل", "h": "سفينة الصحراء ويتحمل العطش" },
    { "w": "صقر", "h": "طائر جارح يستخدم في الصيد" },
    { "w": "ضب", "h": "زاحف صحراوي ذيله شوكي" },
    { "w": "مها", "h": "حيوان بري جميل العيون (الوحيضي)" },
    { "w": "ذئب", "h": "حيوان مفترس يعوي للقمر" },
    { "w": "نمر", "h": "مفترس منقط يعيش في الجبال" },
    { "w": "وبر", "h": "حيوان صغير يعيش بين الصخور" },
    { "w": "بومة", "h": "طائر ينشط في الليل" },
    { "w": "قنفذ", "h": "حيوان صغير يغطيه الشوك" },
    { "w": "ثعلب", "h": "حيوان ماكر يسمى الحصني" },
    { "w": "عقرب", "h": "كائن سام يلدغ بذيله" },
    { "w": "نعامة", "h": "طائر ضخم لا يطير (انقرض محلياً)" },
    { "w": "ورل", "h": "زاحف كبير يشبه التمساح" },
    { "w": "ناقة", "h": "أنثى الجمل" },
    { "w": "غزال", "h": "حيوان رشيق وسريع الجري" }
  ],
  "medium": [
    { "w": "يربوع", "h": "قارض صحراوي يقفز كالكنغر" },
    { "w": "حبارى", "h": "طائر الصيد الأول عند الصقارين" },
    { "w": "شيهانة", "h": "أنثى الصقر (الأكبر حجماً)" },
    { "w": "سلوقي", "h": "كلب صيد نحيل وسريع جداً" },
    { "w": "حرباء", "h": "زاحف يغير لونه للتخفي" },
    { "w": "سقنقور", "h": "زاحف يسبح داخل الرمال (دميسة)" },
    { "w": "جراد", "h": "حشرة طائرة كانت تؤكل قديماً" },
    { "w": "خنافس", "h": "حشرات سوداء تعيش في الصحراء" },
    { "w": "عنكبوت", "h": "ينسج خيوطه لصيد الفرائس" },
    { "w": "هامور", "h": "سمكة مشهورة في الخليج العربي" },
    { "w": "قمري", "h": "طائر مهاجر يشبه الحمام" },
    { "w": "نيص", "h": "حيوان ليلي ذو أشواك طويلة" },
    { "w": "قطا", "h": "طائر يقطع مسافات لنقل الماء" },
    { "w": "نمس", "h": "حيوان يقاتل الثعابين" },
    { "w": "يعسوب", "h": "حشرة طائرة تسمى (الواش)" }
  ],
  "hard": [
    { "w": "أطوم", "h": "حيوان بحري نادر (بقر البحر)" },
    { "w": "وشق", "h": "قط بري يصطاد الطيور بالقفز" },
    { "w": "غرير", "h": "آكل العسل (حيوان شجاع جداً)" },
    { "w": "إدمي", "h": "نوع من الغزلان يعيش في الجبال" },
    { "w": "طهر", "h": "حيوان جبلي نادر في عمان" },
    { "w": "عوسق", "h": "صقر صغير يصطاد الفئران" },
    { "w": "شبوط", "h": "طائر جارح سريع المناورة" },
    { "w": "دعلج", "h": "الاسم المحلي لحيوان النيص" },
    { "w": "حجل", "h": "طائر بري يشبه الدجاج الصغير" },
    { "w": "شنقب", "h": "طائر مائي مهاجر منقاره طويل" },
    { "w": "عظاية", "h": "نوع من الزواحف الصغيرة" },
    { "w": "أم جنيب", "h": "أفعى سامة تدفن نفسها" },
    { "w": "قرش", "h": "مفترس بحري يعيش في البحر الأحمر" },
    { "w": "سحلاة", "h": "الاسم العام للزواحف الصغيرة" },
    { "w": "صل", "h": "ثعبان أسود سام جداً" }
  ]
}