{
  "type": "animals",
  "sub": "classification_behavior",
  "easy": [
    { "w": "ثدييات", "h": "حيوانات ترضع صغارها ويغطيها الشعر" },
    { "w": "زواحف", "h": "حيوانات تبيض وجلدها حرشفي" },
    { "w": "طيور", "h": "يغطي جسمها الريش ولها منقار" },
    { "w": "أسماك", "h": "تعيش في الماء وتتنفس بالخياشيم" },
    { "w": "حشرات", "h": "لها ستة أرجل وقرون استشعار" },
    { "w": "عنكبوت", "h": "له ثمانية أرجل وينسج شباكاً" },
    { "w": "فقاريات", "h": "حيوانات لها عمود فقري" },
    { "w": "لاحم", "h": "حيوان يأكل اللحوم فقط" },
    { "w": "عاشب", "h": "حيوان يأكل النباتات فقط" },
    { "w": "قارت", "h": "حيوان يأكل اللحوم والنباتات" },
    { "w": "ليلي", "h": "ينشط ويبحث عن طعامه في الليل" },
    { "w": "هجرة", "h": "انتقال موسمي للطيور والحيوانات" },
    { "w": "سبات", "h": "نوم طويل خلال فصل الشتاء" },
    { "w": "بيوض", "h": "يضع البيض للتكاثر" },
    { "w": "ولود", "h": "يلد صغاراً أحياء" }
  ],
  "medium": [
    { "w": "برمائيات", "h": "تعيش في الماء واليابسة (ضفادع)" },
    { "w": "لافقاريات", "h": "ليس لها عمود فقري (أغلبية الحيوانات)" },
    { "w": "مفصليات", "h": "أرجلها مقسمة (حشرات وقشريات)" },
    { "w": "رخويات", "h": "جسمها طري وغالباً لها صدفة" },
    { "w": "قشريات", "h": "حيوانات مائية لها قشرة صلبة" },
    { "w": "جرابيات", "h": "تربي صغارها في كيس (كنغر)" },
    { "w": "كظاميات", "h": "ثدييات تضع البيض (منقار البط)" },
    { "w": "مشيميات", "h": "ثدييات يكتمل جنينها في الرحم" },
    { "w": "تمويه", "h": "التخفي والاندماج مع البيئة" },
    { "w": "تطفل", "h": "علاقة تضر أحد الطرفين" },
    { "w": "تكافل", "h": "علاقة تفيد الطرفين معاً" },
    { "w": "خياشيم", "h": "أعضاء تنفس الأسماك" },
    { "w": "زعانف", "h": "تساعد الأسماك على السباحة" },
    { "w": "حراشف", "h": "تغطي جسم الزواحف والأسماك" },
    { "w": "يرقة", "h": "المرحلة الأولى بعد البيضة للحشرات" }
  ],
  "hard": [
    { "w": "لاسعات", "h": "حيوانات بحرية تلسع (قنديل البحر)" },
    { "w": "مساميات", "h": "حيوانات بدائية مليئة بالثقوب (إسفنج)" },
    { "w": "شوكيات", "h": "حيوانات بحرية جلدها شوكي (نجم البحر)" },
    { "w": "رأسقدميات", "h": "أقدامها متصلة برأسها (أخطبوط)" },
    { "w": "إندوطيرم", "h": "الاسم العلمي لذوات الدم الحار" },
    { "w": "إكتوطيرم", "h": "الاسم العلمي لذوات الدم البارد" },
    { "w": "تطبع", "h": "تعلم مبكر جداً عند الصغار" },
    { "w": "فرمونات", "h": "مواد كيميائية للتواصل (نمل)" },
    { "w": "كتلة حيوية", "h": "مجموع وزن الكائنات في منطقة" },
    { "w": "نظام بيئي", "h": "تفاعل الكائنات مع بيئتها" },
    { "w": "سلسلة غذائية", "h": "انتقال الطاقة من كائن لآخر" },
    { "w": "انقراض", "h": "اختفاء نوع كامل من الوجود" },
    { "w": "تطور", "h": "تغير الصفات عبر الأجيال" },
    { "w": "تكيف", "h": "ملاءمة الكائن لبيئته" },
    { "w": "غريزة", "h": "سلوك فطري غير متعلم" }
  ]
}