{
  "type": "animals",
  "sub": "diet_foodchain",
  "easy": [
    { "w": "نبات", "h": "كائن يصنع غذاءه بنفسه" },
    { "w": "لحوم", "h": "غذاء الأسد والنمر" },
    { "w": "عشب", "h": "غذاء البقرة والخروف" },
    { "w": "أسد", "h": "حيوان مفترس (ملك الغابة)" },
    { "w": "صيد", "h": "عملية الإمساك بالفريسة" },
    { "w": "شمس", "h": "مصدر الطاقة للنباتات" },
    { "w": "ماء", "h": "سائل ضروري للحياة" },
    { "w": "بذور", "h": "غذاء العصافير" },
    { "w": "عسل", "h": "غذاء يصنعه النحل" },
    { "w": "بيض", "h": "غذاء يسرقه الثعلب" },
    { "w": "دودة", "h": "غذاء الطيور المبكرة" },
    { "w": "فأر", "h": "فريسة مفضلة للقطط" },
    { "w": "جزر", "h": "غذاء مفضل للأرانب" },
    { "w": "سمك", "h": "غذاء الدببة والبطاريق" },
    { "w": "موز", "h": "غذاء مفضل للقرود" }
  ],
  "medium": [
    { "w": "مفترس", "h": "حيوان يصطاد ليأكل" },
    { "w": "فريسة", "h": "حيوان يتم اصطياده" },
    { "w": "منتجات", "h": "الكائنات التي تصنع الغذاء (النباتات)" },
    { "w": "مستهلك", "h": "كائن يعتمد على غيره في الغذاء" },
    { "w": "طحالب", "h": "نباتات بحرية دقيقة (أساس الغذاء)" },
    { "w": "حشرات", "h": "غذاء الضفادع والعناكب" },
    { "w": "فطريات", "h": "كائنات تحلل البقايا" },
    { "w": "رحيق", "h": "غذاء الفراشات والنحل" },
    { "w": "سلسلة", "h": "انتقال الطاقة من كائن لآخر" },
    { "w": "طاقة", "h": "ما يحصل عليه الكائن عند الأكل" },
    { "w": "لاحم", "h": "حيوان يأكل اللحوم فقط" },
    { "w": "عاشب", "h": "حيوان يأكل الأعشاب فقط" },
    { "w": "قارت", "h": "حيوان يأكل اللحوم والنباتات" },
    { "w": "جيف", "h": "بقايا الحيوانات الميتة" },
    { "w": "سماد", "h": "بقايا عضوية مفيدة للنبات" }
  ],
  "hard": [
    { "w": "كلوروفيل", "h": "المادة الخضراء الصانعة للغذاء" },
    { "w": "بناء ضوئي", "h": "عملية صنع الغذاء في النبات" },
    { "w": "محللات", "h": "بكتيريا وفطريات تفكك الجثث" },
    { "w": "تطفل", "h": "علاقة غذائية تضر المضيف" },
    { "w": "تكافل", "h": "علاقة غذائية تفيد الطرفين" },
    { "w": "تعايش", "h": "علاقة تفيد طرفاً ولا تضر الآخر" },
    { "w": "خيزران", "h": "الغذاء الأساسي للباندا" },
    { "w": "يوكاليبتوس", "h": "الغذاء الأساسي للكوالا" },
    { "w": "بلانكتون", "h": "عوالق بحرية (غذاء الحيتان)" },
    { "w": "بروتين", "h": "عنصر غذائي موجود في اللحوم" },
    { "w": "انقراض", "h": "اختفاء نوع بسبب نقص الغذاء أو الصيد" },
    { "w": "قمامة", "h": "حيوانات تتغذى على الفضلات والجيف" },
    { "w": "كريل", "h": "قشريات صغيرة جداً يأكلها الحوت" },
    { "w": "شبكة غذائية", "h": "تداخل عدة سلاسل غذائية" },
    { "w": "نظام بيئي", "h": "مجتمع من الكائنات يتفاعل مع بيئته" }
  ]
}