{
  "type": "animals",
  "sub": "facts_records",
  "easy": [
    { "w": "فهد", "h": "أسرع حيوان بري في العالم" },
    { "w": "حوت", "h": "أضخم حيوان على كوكب الأرض" },
    { "w": "فيل", "h": "حيوان بخرطوم وذاكرة قوية جداً" },
    { "w": "زرافة", "h": "أطول حيوان بري (ارتفاعاً)" },
    { "w": "سلحفاة", "h": "من الحيوانات المعمرة ولها درقة" },
    { "w": "نملة", "h": "حشرة تحمل أضعاف وزنها بكثير" },
    { "w": "نعامة", "h": "طائر يمتلك أكبر بيضة ولا يطير" },
    { "w": "خفاش", "h": "الثديي الوحيد القادر على الطيران" },
    { "w": "حصان", "h": "حيوان يستطيع النوم وهو واقف" },
    { "w": "قرش", "h": "يشم رائحة الدم من مسافات بعيدة" },
    { "w": "أسد", "h": "حيوان صوته (الزئير) يسمع من بعيد" },
    { "w": "كلب", "h": "حيوان يملك حاسة شم قوية جداً" },
    { "w": "بعوضة", "h": "أكثر كائن يتسبب في وفاة البشر" },
    { "w": "حرباء", "h": "زاحف يغير لونه للتخفي" },
    { "w": "دب", "h": "يشم الطعام من مسافة أميال" }
  ],
  "medium": [
    { "w": "كسلان", "h": "أبطأ حيوان ثديي في العالم" },
    { "w": "أخطبوط", "h": "حيوان له 3 قلوب ودم أزرق" },
    { "w": "دلفين", "h": "ينام ونصف دماغه مستيقظ" },
    { "w": "كنغر", "h": "حيوان لا يستطيع المشي للخلف" },
    { "w": "كوالا", "h": "حيوان بصماته تشبه بصمات الإنسان" },
    { "w": "طنّان", "h": "الطائر الوحيد الذي يطير للخلف" },
    { "w": "شاهين", "h": "أسرع كائن حي عند الانقضاض" },
    { "w": "عقرب", "h": "يستطيع حبس أنفاسه لمدة 6 أيام" },
    { "w": "صرصور", "h": "يعيش بلا رأس لعدة أيام" },
    { "w": "بطريق", "h": "طائر ماهر جداً في السباحة" },
    { "w": "قندس", "h": "حيوان يبني السدود بمهارة هندسية" },
    { "w": "شمبانزي", "h": "أذكى الحيوانات استخداماً للأدوات" },
    { "w": "بومة", "h": "تدير رأسها بزاوية كبيرة جداً" },
    { "w": "تمساح", "h": "صاحب أقوى عضة في العالم" },
    { "w": "خرشنة", "h": "طائر يهاجر من القطب للقطب" }
  ],
  "hard": [
    { "w": "بلاتبوس", "h": "ثديي يبيض وله منقار بطة" },
    { "w": "تارديغراد", "h": "دب الماء (يعيش في الفضاء)" },
    { "w": "قنديل", "h": "يوجد نوع منه خالد بيولوجياً" },
    { "w": "روبيان", "h": "نوع منه يطلق فقاعة صوتية كالمسدس" },
    { "w": "عنكبوت", "h": "ينسج خيوطاً أقوى من الفولاذ" },
    { "w": "حبار", "h": "يمتلك أكبر عين في عالم الحيوان" },
    { "w": "برغوث", "h": "يقفز مئات أضعاف طول جسمه" },
    { "w": "إسفنج", "h": "حيوان بلا دماغ ولا قلب ولا دم" },
    { "w": "يعسوب", "h": "الحشرة الأنجح في الصيد (نسبة نجاح عالية)" },
    { "w": "ومبت", "h": "حيوان فضلاته مربعة الشكل" },
    { "w": "أناكوندا", "h": "أضخم أفعى في العالم وزناً" },
    { "w": "ظربان", "h": "يطلق سائلاً كريه الرائحة للدفاع" },
    { "w": "موراي", "h": "سمكة لها فكان (واحد في الحلق)" },
    { "w": "بلروة", "h": "الاسم الآخر لحيوان الهيدرا (متعدد الرؤوس)" },
    { "w": "نجم", "h": "يجدد أذرعه المقطوعة بالكامل" }
  ]
}