{
  "type": "animals",
  "sub": "habitats_adaptation",
  "easy": [
    { "w": "صحراء", "h": "بيئة جافة وحارة جداً" },
    { "w": "غابة", "h": "بيئة كثيفة الأشجار والأمطار" },
    { "w": "بحر", "h": "بيئة مائية مالحة" },
    { "w": "نهر", "h": "مجرى مائي عذب" },
    { "w": "قطب", "h": "أبرد مكان على وجه الأرض" },
    { "w": "كهف", "h": "بيت الدب والخفاش في الجبل" },
    { "w": "عش", "h": "بيت العصفور فوق الشجر" },
    { "w": "جحر", "h": "حفرة تحت الأرض للأرانب" },
    { "w": "فرو", "h": "يغطي جسم الدب للدفء" },
    { "w": "ريش", "h": "يغطي جسم الطيور للطيران" },
    { "w": "خف", "h": "قدم الجمل العريضة" },
    { "w": "ذيل", "h": "يساعد السمكة على السباحة" },
    { "w": "لون", "h": "يتغير عند الحرباء للتخفي" },
    { "w": "ماء", "h": "ضروري لحياة السمك والضفدع" },
    { "w": "ليل", "h": "وقت نشاط البومة والخفاش" }
  ],
  "medium": [
    { "w": "سافانا", "h": "مراعي عشبية مفتوحة (موطن الأسد)" },
    { "w": "تندرا", "h": "بيئة قطبية تربتها متجمدة" },
    { "w": "محيط", "h": "أكبر مسطح مائي على الأرض" },
    { "w": "مستنقع", "h": "أرض رطبة تعيش فيها التماسيح" },
    { "w": "تمويه", "h": "الاختفاء والاندماج مع البيئة" },
    { "w": "سبات", "h": "نوم طويل طوال الشتاء" },
    { "w": "هجرة", "h": "سفر الطيور بحثاً عن الدفء" },
    { "w": "خياشيم", "h": "تتنفس بها الأسماك تحت الماء" },
    { "w": "زعانف", "h": "أطراف الدلفين والسمك للسباحة" },
    { "w": "مخالب", "h": "أظافر حادة للصيد (النسور)" },
    { "w": "منقار", "h": "فم الطائر (يختلف شكله حسب الأكل)" },
    { "w": "درقة", "h": "صدفة السلحفاة الصلبة" },
    { "w": "أشواك", "h": "تحمي القنفذ والصبار" },
    { "w": "خرطوم", "h": "أنف طويل يستخدمه الفيل" },
    { "w": "شعاب", "h": "بيئة بحرية مرجانية ملونة" }
  ],
  "hard": [
    { "w": "تايغا", "h": "غابات صنوبرية باردة" },
    { "w": "أمازون", "h": "أكبر غابة مطيرة (رئة الأرض)" },
    { "w": "مصب", "h": "منطقة التقاء النهر بالبحر" },
    { "w": "محاكاة", "h": "تقليد حيوان لآخر (للحماية)" },
    { "w": "فسيولوجي", "h": "تكيف وظيفي داخلي (مثل السم)" },
    { "w": "سلوكي", "h": "تكيف في التصرفات (مثل الهجرة)" },
    { "w": "تركيبي", "h": "تكيف في شكل الجسم (مثل المنقار)" },
    { "w": "خمول", "h": "سبات صيفي (للهروب من الحر)" },
    { "w": "صدا", "h": "طريقة الخفافيش للرؤية بالصوت" },
    { "w": "دهن", "h": "طبقة عازلة للحيتان (Blubber)" },
    { "w": "عوالق", "h": "كائنات دقيقة هي أساس غذاء المحيط" },
    { "w": "مدغشقر", "h": "جزيرة منعزلة موطن الليمور" },
    { "w": "انقراض", "h": "اختفاء النوع لعدم التكيف" },
    { "w": "منظومة", "h": "تفاعل الكائنات مع بيئتها (Eco)" },
    { "w": "تنوع", "h": "اختلاف الكائنات في البيئة الواحدة" }
  ]
}