{
  "type": "riddles",
  "sub": "lateral",
  "easy": [
    {
      "q": "سائق شاحنة يسير في الطريق المعاكس أمام الشرطي، ولم يخالفه الشرطي. لماذا؟",
      "a": "كان يمشي على قدميه",
      "o": ["كان يمشي على قدميه", "الشرطي نائم", "الشاحنة صغيرة", "لديه واسطة"],
      "h": "لم يكن يقود الشاحنة"
    },
    {
      "q": "خرج رجل تحت المطر الغزير بدون مظلة أو قبعة، ولم يبتل شعره. كيف؟",
      "a": "لأنه أصلع",
      "o": ["لأنه أصلع", "المطر توقف", "كان يركض", "غطى رأسه بيده"],
      "h": "لا يوجد شعر ليبتل"
    },
    {
      "q": "كيف يمكنك رمي بيضة نيئة على أرضية خرسانية دون أن تكسرها؟",
      "a": "الأرضية الخرسانية لا تنكسر بسهولة",
      "o": ["الأرضية الخرسانية لا تنكسر", "البيضة مطبوخة", "ترميها برفق", "تغلفها بقطن"],
      "h": "تلاعب باللفظ: تكسر (الأرضية) أم (البيضة)؟"
    },
    {
      "q": "ما هو الشيء الذي ينزل ولا يصعد أبداً؟",
      "a": "المطر",
      "o": ["المطر", "السلم", "المصعد", "الطائرة"],
      "h": "يسقط من السماء"
    },
    {
      "q": "في أي شهر يتحدث الناس أقل من غيره؟",
      "a": "فبراير",
      "o": ["فبراير", "رمضان", "أغسطس", "ديسمبر"],
      "h": "لأنه أقصر شهر (أقل أياماً)"
    },
    {
      "q": "بيت من طابق واحد، كل شيء فيه وردي (الجدران، الأثاث، السجاد). ما لون السلم؟",
      "a": "لا يوجد سلم",
      "o": ["لا يوجد سلم", "وردي", "أبيض", "خشبي"],
      "h": "البيت من طابق واحد"
    },
    {
      "q": "ما هو الشيء الذي يمكنك إمساكه بيدك اليمنى ولكن لا يمكنك إمساكه بيدك اليسرى؟",
      "a": "كوعك الأيسر (أو يدك اليسرى)",
      "o": ["يدك اليسرى", "قلمك", "هاتفك", "رأسك"],
      "h": "حاول أن تمسك كوعك الأيسر بيدك اليسرى"
    },
    {
      "q": "إذا كان هناك 3 تفاحات وأخذت اثنتين، كم تفاحة معك؟",
      "a": "اثنتان",
      "o": ["اثنتان", "واحدة", "ثلاثة", "صفر"],
      "h": "أنت الذي أخذت، فما معك هو ما أخذته"
    },
    {
      "q": "ما هو الشيء الذي كلما كثر لدينا غلا، وكلما قل رخص؟",
      "a": "العقل",
      "o": ["العقل", "الماء", "الطعام", "الذهب"],
      "h": "الحكمة قيمتها عالية"
    },
    {
      "q": "سلة بها 5 تفاحات، وزعتها على 5 أطفال، وأخذ كل طفل تفاحة، وبقيت تفاحة في السلة. كيف؟",
      "a": "آخر طفل أخذ السلة وبها التفاحة",
      "o": ["أخذ السلة بالتفاحة", "أحدهم أرجعها", "كانت هناك تفاحة سادسة", "لم يأكلها"],
      "h": "أخذ حصته مع الوعاء"
    },
    {
      "q": "ما هو السؤال الذي لا يمكنك الإجابة عليه بـ 'نعم' أبداً؟",
      "a": "هل أنت نائم؟ (أو ميت)",
      "o": ["هل أنت نائم؟", "هل أنت جائع؟", "هل أنت في البيت؟", "ما اسمك؟"],
      "h": "إذا كنت نائماً لن تجيب"
    },
    {
      "q": "شيء تأكل منه ولا يؤكل؟",
      "a": "الصحن",
      "o": ["الصحن", "الملعقة", "التفاح", "الخبز"],
      "h": "تضع الطعام فيه"
    },
    {
      "q": "أين يأتي يوم الجمعة قبل يوم الخميس؟",
      "a": "في القاموس",
      "o": ["في القاموس", "في السنة الكبيسة", "في المستقبل", "مستحيل"],
      "h": "ترتيب أبجدي: (ج) قبل (خ)"
    }
  ],
  "medium": [
    {
      "q": "رجل يدفع سيارته، وعندما وصل إلى فندق فقد كل ثروته. ماذا حدث؟",
      "a": "كان يلعب مونوبولي",
      "o": ["كان يلعب مونوبولي", "سرقت سيارته", "دفع تكاليف الفندق", "خسر رهان"],
      "h": "لعبة بنك الحظ"
    },
    {
      "q": "طائرة تحطمت على الحدود بين دولتين، أين يدفن الناجون؟",
      "a": "الناجون لا يدفنون",
      "o": ["الناجون لا يدفنون", "في بلدهم", "على الحدود", "في الدولة الأقرب"],
      "h": "هم أحياء"
    },
    {
      "q": "ما هو الشيء الذي يملك عيناً واحدة ولكنه لا يستطيع الرؤية؟",
      "a": "الإبرة (أو الإعصار)",
      "o": ["الإبرة", "الأعور", "الدبوس", "القلم"],
      "h": "ثقب الخيط يسمى عيناً"
    },
    {
      "q": "أبوان وابنان ذهبوا للصيد، اصطاد كل واحد سمكة، ومجموع السمك 3. كيف؟",
      "a": "هم: جد، وأب، وابن",
      "o": ["جد وأب وابن", "أحدهم لم يصطد", "سمكة هربت", "حساب خطأ"],
      "h": "الأب هو (ابن) للجد و (أب) للابن"
    },
    {
      "q": "كيف يمكن لرجل أن ينام 8 أيام متواصلة؟",
      "a": "ينام في الليل فقط",
      "o": ["ينام في الليل", "مستحيل", "في غيبوبة", "يسافر عبر الزمن"],
      "h": "ينام ليلاً ويبقى مستيقظاً نهاراً لمدة 8 أيام"
    },
    {
      "q": "قطار كهربائي يسير جنوباً، والهواء يأتي من الشمال. أين يتجه الدخان؟",
      "a": "القطار الكهربائي لا دخان له",
      "o": ["لا دخان له", "جنوباً", "شمالاً", "شرقاً"],
      "h": "كهربائي"
    },
    {
      "q": "كم حيواناً من كل نوع حمل موسى عليه السلام معه في السفينة؟",
      "a": "صفر (سفينة نوح)",
      "o": ["صفر", "زوجين", "واحد", "ثلاثة"],
      "h": "النبي نوح هو صاحب السفينة"
    },
    {
      "q": "دخلت غرفة مظلمة ومعك عود كبريت واحد. يوجد مدفأة غاز، وشمعة، ومصباح زيت. ماذا تشعل أولاً؟",
      "a": "عوت الكبريت",
      "o": ["عوت الكبريت", "الشمعة", "المدفأة", "المصباح"],
      "h": "لتبدأ النار"
    },
    {
      "q": "طبيب أعطاك 3 أقراص دواء، وقال لك خذ قرصاً كل نصف ساعة. كم من الوقت تحتاج لإنهائها؟",
      "a": "ساعة واحدة",
      "o": ["ساعة واحدة", "ساعة ونصف", "ساعتان", "30 دقيقة"],
      "h": "القرص الأول (0)، الثاني (30)، الثالث (60)"
    },
    {
      "q": "ما الذي يحدث إذا رميت قبعة بيضاء في البحر الأحمر؟",
      "a": "تبتل",
      "o": ["تبتل", "تصبح حمراء", "تغرق", "تطفو"],
      "h": "تصبح مبللة فقط"
    },
    {
      "q": "ما هو الشيء الذي له رقبة وليس له رأس، وله ذراعان وليس له يد؟",
      "a": "القميص",
      "o": ["القميص", "الكرسي", "الزجاجة", "الإبريق"],
      "h": "قطعة ملابس"
    },
    {
      "q": "ما هو الشيء الذي يمشي بـ 4 أرجل في الصباح، ورجلين في الظهر، و3 أرجل في المساء؟",
      "a": "الإنسان",
      "o": ["الإنسان", "القرد", "السلحفاة", "لغز بلا حل"],
      "h": "طفل يحبو، شاب يمشي، عجوز بعكاز"
    }
  ],
  "hard": [
    {
      "q": "وجد رجل ميتاً في حقل، وبجانبه حقيبة مغلقة لم تفتح. لو فتحت لكان حياً. ماذا في الحقيبة؟",
      "a": "مظلة هبوط (باراشوت)",
      "o": ["مظلة هبوط", "دواء", "طعام", "هاتف"],
      "h": "سقط من الطائرة ولم تفتح المظلة"
    },
    {
      "q": "امرأة أطلقت النار على زوجها، ثم أمسكته ووضعته تحت الماء 5 دقائق، ثم علقته. وبعد ذلك خرجوا للعشاء معاً. كيف؟",
      "a": "هي مصورة (تحمض الصور)",
      "o": ["هي مصورة", "كانت تحلم", "هو ساحر", "لم يمت"],
      "h": "أطلقت (اللقطة)، وضعت (الصورة) في المحلول، وعلقتها لتجف"
    },
    {
      "q": "رجل يعيش في الطابق الـ 20. عندما ينزل يستخدم المصعد، وعندما يصعد يستخدم المصعد للطابق 10 ثم يكمل على الدرج (إلا إذا كان المطر يهطل). لماذا؟",
      "a": "لأنه قصير القامة",
      "o": ["لأنه قصير القامة", "المصعد معطل", "يحب الرياضة", "الدرج أسرع"],
      "h": "لا يطال زر الطابق 20، لكن بالمظلة يطاله"
    },
    {
      "q": "شخص يولد مرة واحدة ويموت مرتين، فمن هو؟",
      "a": "الطائر (البيضة ثم الطائر)",
      "o": ["الطائر", "الإنسان", "السمك", "النبات"],
      "h": "خروجه من البيضة يعتبر ولادة ثانية"
    },
    {
      "q": "أنت في سباق جري، وتجاوزت المتسابق الأخير. في أي مركز أنت الآن؟",
      "a": "مستحيل (كيف تتجاوز الأخير؟)",
      "o": ["مستحيل", "قبل الأخير", "الأخير", "الأول"],
      "h": "لا يوجد أحد خلف الأخير لتتجاوزه"
    },
    {
      "q": "رجل نظر من النافذة في الطابق 30 وقفز، ولم يصب بأذى. كيف؟",
      "a": "قفز إلى داخل الغرفة",
      "o": ["قفز للداخل", "سقط على شبكة", "كان يطير", "النافذة قريبة للأرض"],
      "h": "كان واقفاً على الحافة وقفز للداخل"
    },
    {
      "q": "ما هو الشيء الذي كلما ركضت خلفه ابتعد عنك، وكلما ركضت أمامه تبعك؟",
      "a": "ظلك",
      "o": ["ظلك", "الكلب", "السراب", "المستقبل"],
      "h": "متصل بك"
    },
    {
      "q": "كيف تقف خلف والدك، ويقف والدك خلفك في نفس الوقت؟",
      "a": "تقفان ظهراً لظهر",
      "o": ["ظهراً لظهر", "في المرآة", "تدوران", "مستحيل"],
      "h": "الظهور متقابلة"
    },
    {
      "q": "ما هو الشيء الذي يكسو الناس وهو عارٍ دون ملابس؟",
      "a": "الإبرة",
      "o": ["الإبرة", "الخروف", "القطن", "الخياط"],
      "h": "تصنع الثياب"
    },
    {
      "q": "سجن فيه سجينان، هرب أحدهما من النافذة والآخر من الباب، لكن الحراس لم يجدوا أي أثر لكسر أو فتح. كيف؟",
      "a": "السجن ليس له جدران (لعبة)",
      "o": ["ليس له جدران", "الحراس ساعدوهم", "كان حلماً", "ماتا"],
      "h": "قد يكون سجناً في لعبة أطفال أو رسمة"
    },
    {
      "q": "خمسة رجال مروا عبر ممر ضيق جداً دون أن يلمس أحدهم الآخر. كيف؟",
      "a": "مروا في أوقات مختلفة",
      "o": ["في أوقات مختلفة", "كانوا صغاراً", "كانوا أشباحاً", "مشوا فوق بعض"],
      "h": "لم يقل أنهم مروا معاً"
    },
    {
      "q": "كيف تضع فيلاً داخل الثلاجة في 3 خطوات؟",
      "a": "افتح الباب، أدخل الفيل، أغلق الباب",
      "o": ["افتح، أدخل، أغلق", "قطعه، ضعه، أغلق", "مستحيل", "اشتر ثلاجة كبيرة"],
      "h": "لغز كلاسيكي عن البساطة"
    },
    {
      "q": "كيف تضع زرافة داخل الثلاجة في 4 خطوات؟",
      "a": "افتح، أخرج الفيل، أدخل الزرافة، أغلق",
      "o": ["افتح، أخرج، أدخل، أغلق", "افتح، أدخل، أغلق، اربط", "نفس الفيل", "مستحيل"],
      "h": "يجب إخراج الفيل أولاً"
    }
  ]
}