{
  "type": "riddles",
  "sub": "logic",
  "easy": [
    {
      "q": "ما هو الشيء الذي له أسنان ولكنه لا يعض؟",
      "a": "المشط",
      "o": ["المشط", "المفتاح", "المنشار", "القرش"],
      "h": "يستخدم للشعر"
    },
    {
      "q": "أبو مريم لديه 5 بنات: نانا، نيني، نونو، نينو... ما اسم البنت الخامسة؟",
      "a": "مريم",
      "o": ["مريم", "نونة", "نونا", "ناني"],
      "h": "مذكور في السؤال (أبو مريم)"
    },
    {
      "q": "ما هو الشيء الذي كلما أخذت منه كبر وزاد؟",
      "a": "الحفرة",
      "o": ["الحفرة", "البحر", "المال", "العمر"],
      "h": "في الأرض"
    },
    {
      "q": "ما هو الشيء الذي يكتب ولا يقرأ؟",
      "a": "القلم",
      "o": ["القلم", "الكتاب", "النظارة", "المسطرة"],
      "h": "هو أداة الكتابة"
    },
    {
      "q": "شيء لك، ولكن الناس يستخدمونه أكثر منك؟",
      "a": "اسمك",
      "o": ["اسمك", "سيارتك", "قلمك", "نقودك"],
      "h": "ينادونك به"
    },
    {
      "q": "ما هو الشيء الذي يوجد في الدقيقة مرتين، ولا يوجد في القرن أبداً؟",
      "a": "حرف القاف",
      "o": ["حرف القاف", "حرف الدال", "حرف النون", "الوقت"],
      "h": "انظر لحروف الكلمة"
    },
    {
      "q": "أخت خالك وليست خالتك، من تكون؟",
      "a": "مك",
      "o": ["مك", "جدتك", "أختك", "زوجة خالك"],
      "h": "والدتك"
    },
    {
      "q": "ما هو الشيء الذي له رقبة وليس له رأس؟",
      "a": "القميص (أو الزجاجة)",
      "o": ["القميص", "الزرافة", "الجمل", "النعامة"],
      "h": "تلبسه"
    },
    {
      "q": "إذا كنت في سباق وتجاوزت المتسابق الثاني، فما هو ترتيبك؟",
      "a": "الثاني",
      "o": ["الثاني", "الأول", "الثالث", "الأخير"],
      "h": "أخذت مكانه"
    },
    {
      "q": "ما هو البيت الذي ليس فيه أبواب ولا نوافذ؟",
      "a": "بيت الشعر",
      "o": ["بيت الشعر", "بيت النمل", "الكهف", "الخيمة"],
      "h": "قصيدة"
    },
    {
      "q": "شيء يحملك وتحمله في نفس الوقت؟",
      "a": "الحذاء",
      "o": ["الحذاء", "الحقيبة", "السيارة", "السرير"],
      "h": "في قدمك"
    },
    {
      "q": "ابن أمك وأبيك، وليس أختك ولا أخاك.. فمن يكون؟",
      "a": "أنت",
      "o": ["أنت", "خالك", "عمك", "جدك"],
      "h": "نفسك"
    },
    {
      "q": "ما هو الشيء الذي له عين واحدة ولا يرى؟",
      "a": "الإبرة",
      "o": ["الإبرة", "الأعور", "الدبوس", "المسمار"],
      "h": "يدخل فيها الخيط"
    },
    {
      "q": "يسمع بلا أذن ويتكلم بلا لسان، فما هو؟",
      "a": "الهاتف",
      "o": ["الهاتف", "الراديو", "التلفاز", "الصدى"],
      "h": "تستخدمه للاتصال"
    }
  ],
  "medium": [
    {
      "q": "بعض الأشهر فيها 31 يوماً، وبعضها 30، فكم شهراً فيه 28 يوماً؟",
      "a": "كل الأشهر (12 شهراً)",
      "o": ["كل الأشهر", "شهر واحد (فبراير)", "6 أشهر", "5 أشهر"],
      "h": "كل شهر يحتوي على 28 يوماً على الأقل"
    },
    {
      "q": "ما هو الشيء الذي يقرصك ولا تراه؟",
      "a": "الجوع",
      "o": ["الجوع", "البعوضة", "النملة", "الهواء"],
      "h": "شعور داخلي"
    },
    {
      "q": "عائلة مؤلفة من 6 بنات، ولكل بنت أخ واحد، فكم عدد أفراد العائلة (الأبناء)؟",
      "a": "7 أفراد",
      "o": ["7 أفراد", "12 فرداً", "13 فرداً", "6 أفراد"],
      "h": "الأخ هو نفسه للجميع"
    },
    {
      "q": "أين يقع البحر الذي لا يوجد فيه ماء؟",
      "a": "على الخريطة",
      "o": ["على الخريطة", "في الصحراء", "البحر الميت", "في الأحلام"],
      "h": "رسم فقط"
    },
    {
      "q": "ما هو الشيء الذي يمشى بلا رجلين ويبكي بلا عينين؟",
      "a": "السحاب (المطر)",
      "o": ["السحاب", "الطفل", "النهر", "الرياح"],
      "h": "ينزل قطرات"
    },
    {
      "q": "ثلاثة عبروا الجسر، الأول رأى الجسر ومشى عليه، والثاني رأى الجسر ولم يمش عليه، والثالث لم ير الجسر ولم يمش عليه.. كيف؟",
      "a": "امرأة حامل تحمل ابنها الصغير",
      "o": ["امرأة حامل تحمل ابنها الصغير", "رجل أعمى ورجل كسيح", "ثلاثة طيور", "لغز لا حل له"],
      "h": "الأم مشت، والجنين لم يمش ولم ير"
    },
    {
      "q": "ما هو الشيء الذي يجري ولا يستطيع المشي؟",
      "a": "النهر",
      "o": ["النهر", "الفهد", "الهواء", "الوقت"],
      "h": "ماء جاري"
    },
    {
      "q": "ما هو الشيء الذي تأكل منه مع أنه لا يؤكل؟",
      "a": "الطبق (الصحن)",
      "o": ["الطبق", "الملعقة", "التفاحة", "الخبز"],
      "h": "تضع الطعام فيه"
    },
    {
      "q": "شخص ولد في العشاء ومات في المغرب بنفس اليوم، كيف؟",
      "a": "ولد في (وقت) العشاء ومات في (دولة) المغرب",
      "o": ["ولد في (وقت) العشاء ومات في (دولة) المغرب", "سافر عبر الزمن", "عاش دقائق فقط", "لغز غير منطقي"],
      "h": "تلاعب بالألفاظ"
    },
    {
      "q": "ما هو الشيء الذي إذا نطقته كسرته؟",
      "a": "الصمت",
      "o": ["الصمت", "الزجاج", "الوعد", "السر"],
      "h": "السكوت"
    },
    {
      "q": "ما هو الشيء الذي كلما كثر لدينا غلا، وكلما قل رخص؟",
      "a": "العقل",
      "o": ["العقل", "الماء", "الذهب", "الطعام"],
      "h": "عكس قانون العرض والطلب"
    },
    {
      "q": "ما هو القفص الذي لا تستطيع حبس أي طائر فيه؟",
      "a": "القفص الصدري",
      "o": ["القفص الصدري", "قفص الاتهام", "قفص الرسم", "قفص كبير"],
      "h": "عظام في جسمك"
    },
    {
      "q": "رجل وقف تحت المطر ولم يبتل شعره، لماذا؟",
      "a": "لأنه أصلع",
      "o": ["لأنه أصلع", "معه مظلة", "كان يركض", "المطر خفيف"],
      "h": "ليس لديه شعر"
    },
    {
      "q": "ما هو الشيء الذي لا يبتل حتى لو دخل الماء؟",
      "a": "الضوء (أو الظل)",
      "o": ["الضوء", "السمك", "السفينة", "الزيت"],
      "h": "ليس مادة ملموسة"
    }
  ],
  "hard": [
    {
      "q": "رجل ينظر إلى صورة ويقول: 'لا إخوة لي ولا أخوات، لكن والد هذا الرجل هو ابن أبي'. من في الصورة؟",
      "a": "ابنه",
      "o": ["ابنه", "هو نفسه", "أبوه", "عمه"],
      "h": "ابن أبي = أنا. والد هذا الرجل = أنا. إذن الرجل هو ابني."
    },
    {
      "q": "خمسة قطط تستغرق 5 دقائق لتصيد 5 فئران. كم دقيقة تستغرق 100 قطة لتصيد 100 فأر؟",
      "a": "5 دقائق",
      "o": ["5 دقائق", "100 دقيقة", "دقيقة واحدة", "50 دقيقة"],
      "h": "كل قطة تحتاج 5 دقائق لفأرها (العمل متوازي)"
    },
    {
      "q": "ما هو الشيء الذي يكسو الناس وهو عارٍ دون ملابس؟",
      "a": "الإبرة",
      "o": ["الإبرة", "المسمار", "الخيط", "القماش"],
      "h": "تخيط الثياب"
    },
    {
      "q": "أنا بداية النهاية، ونهاية الزمان والمكان، أنا بداية النبات، ونهاية الإنسان والحوان. فمن أنا؟",
      "a": "حرف النون",
      "o": ["حرف النون", "الموت", "التراب", "الماء"],
      "h": "موجود في الكلمات (النهاية، الزمان، المكان...)"
    },
    {
      "q": "ما هو الشيء الذي ترميه كلما احتجت إليه؟",
      "a": "شبكة الصيد (أو المرساة)",
      "o": ["شبكة الصيد", "القلم", "الكرة", "المال"],
      "h": "للقبض على السمك"
    },
    {
      "q": "قاتل محكوم بالإعدام، عرضوا عليه 3 غرف: الأولى نار مشتعلة، الثانية قتلة ببنادق، الثالثة أسود لم تأكل منذ 3 سنوات. أيهم يختار لينجو؟",
      "a": "الغرفة الثالثة",
      "o": ["الغرفة الثالثة", "الغرفة الأولى", "الغرفة الثانية", "لا يوجد نجاة"],
      "h": "الأسود التي لم تأكل منذ 3 سنوات ميتة"
    },
    {
      "q": "ما هو الشيء الذي لا يمشي إلا بالضرب؟",
      "a": "المسمار",
      "o": ["المسمار", "الكرة", "الحصان", "الساعة"],
      "h": "على رأسه"
    },
    {
      "q": "ما هو الشيء الذي تذبحه وتبكي عليه؟",
      "a": "البصل",
      "o": ["البصل", "الدجاج", "الخروف", "الوقت"],
      "h": "يسبب دموعاً"
    },
    {
      "q": "حامل ومحمول، نصفه ناشف ونصفه مبلول، فما هو؟",
      "a": "السفينة",
      "o": ["السفينة", "السمكة", "الغواصة", "الدلو"],
      "h": "تحمل الناس ويحملها الماء"
    },
    {
      "q": "امرأة عقيم، هل تنجب ابنتها أطفالاً؟",
      "a": "ليس لديها ابنة أصلاً",
      "o": ["ليس لديها ابنة", "نعم", "لا", "حسب زوجها"],
      "h": "هي عقيم!"
    },
    {
      "q": "ما هو الشيء الذي يوجد وسط باريس؟",
      "a": "حرف الراء",
      "o": ["حرف الراء", "برج إيفل", "متحف اللوفر", "نهر السين"],
      "h": "في الكلمة نفسها"
    },
    {
      "q": "سار عدد من الأولاد في صف، فكان أحدهم أمام ثلاثة، وآخر خلف ثلاثة، وآخر بين ثلاثة، فكم عدد الأولاد؟",
      "a": "5 أولاد",
      "o": ["5 أولاد", "7 أولاد", "3 أولاد", "9 أولاد"],
      "h": "ارسم الصف ستجد الحل"
    },
    {
      "q": "ما هو الشيء الذي كلما خطيت خطوة تركت شيئاً منه وراءك؟",
      "a": "آثار الأقدام",
      "o": ["آثار الأقدام", "العمر", "الذكريات", "الأرض"],
      "h": "تطبع في التراب"
    },
    {
      "q": "ما هو الشيء الذي يدور حول الغرفة دون أن يتحرك؟",
      "a": "الحائط (الجدار)",
      "o": ["الحائط", "الهواء", "الساعة", "الظل"],
      "h": "يحيط بها"
    },
    {
      "q": "ما هو الشيء الذي يملأ الغرفة ولكنه لا يشغل حيزاً؟",
      "a": "الضوء (أو الهواء)",
      "o": ["الضوء", "الأثاث", "الغبار", "السجاد"],
      "h": "ليس مادة صلبة"
    }
  ]
}