{
  "type": "riddles",
  "sub": "math",
  "easy": [
    {
      "q": "ما هو الرقم الذي إذا ضربته في نفسه كان الناتج 25؟",
      "a": "5",
      "o": ["5", "6", "4", "10"],
      "h": "جدول الضرب 5×5"
    },
    {
      "q": "كم عدد أضلاع المربع؟",
      "a": "4 أضلاع",
      "o": ["4 أضلاع", "3 أضلاع", "5 أضلاع", "6 أضلاع"],
      "h": "شكل رباعي متساوي الأضلاع"
    },
    {
      "q": "ما هو نصف العدد 20؟",
      "a": "10",
      "o": ["10", "5", "15", "2"],
      "h": "20 ÷ 2"
    },
    {
      "q": "إذا كان عندك 3 تفاحات وأخذت منها تفاحتين، فكم تفاحة معك؟",
      "a": "تفاحتان",
      "o": ["تفاحتان", "واحدة", "ثلاثة", "صفر"],
      "h": "أنت أخذت 2، إذاً معك 2"
    },
    {
      "q": "ما هو الرقم التالي في النمط: 2، 4، 6، 8، ...؟",
      "a": "10",
      "o": ["10", "12", "9", "11"],
      "h": "زيادة 2 في كل مرة"
    },
    {
      "q": "كم دقيقة في الساعة والنصف؟",
      "a": "90 دقيقة",
      "o": ["90 دقيقة", "60 دقيقة", "100 دقيقة", "120 دقيقة"],
      "h": "60 + 30"
    },
    {
      "q": "أي الأرقام التالية هو عدد زوجي؟",
      "a": "8",
      "o": ["8", "7", "3", "11"],
      "h": "يقبل القسمة على 2"
    },
    {
      "q": "10 زائد 10 ضرب 0 يساوي؟",
      "a": "10",
      "o": ["10", "0", "20", "100"],
      "h": "الضرب يسبق الجمع: 10 + (10×0)"
    },
    {
      "q": "ما هو الشكل الذي ليس له بداية ولا نهاية؟",
      "a": "الدائرة",
      "o": ["الدائرة", "المثلث", "المربع", "المستطيل"],
      "h": "خط منحني مغلق"
    },
    {
      "q": "كم عدد أصابع اليدين والقدمين معاً لشخص واحد؟",
      "a": "20",
      "o": ["20", "10", "5", "40"],
      "h": "10 + 10"
    },
    {
      "q": "رقم إذا قلبته صار أصغر بمقدار 3؟ (شكل الرقم)",
      "a": "9",
      "o": ["9", "6", "8", "0"],
      "h": "يصبح 6"
    },
    {
      "q": "شيء أثقل: كيلو حديد أم كيلو قطن؟",
      "a": "متساويان",
      "o": ["متساويان", "الحديد", "القطن", "لا يمكن المقارنة"],
      "h": "كلاهما 1 كيلو"
    },
    {
      "q": "كم صفراً في المليون؟",
      "a": "6 أصفار",
      "o": ["6 أصفار", "5 أصفار", "9 أصفار", "3 أصفار"],
      "h": "1 وأمامه ستة أصفار"
    },
    {
      "q": "ما هو الرقم الذي لا قيمة له إذا جاء على اليسار؟",
      "a": "صفر",
      "o": ["صفر", "واحد", "تسعة", "خمسة"],
      "h": "على يسار الرقم الصحيح"
    }
  ],
  "medium": [
    {
      "q": "ما هو الرقم التالي في النمط: 1، 1، 2، 3، 5، 8، ...؟",
      "a": "13",
      "o": ["13", "11", "15", "10"],
      "h": "مجموع الرقمين السابقين (فيبوناتشي)"
    },
    {
      "q": "عدد إذا ضربته في 4 ثم أضفت إليه 4 أصبح الناتج 24، فما هو؟",
      "a": "5",
      "o": ["5", "4", "6", "10"],
      "h": "4×5=20 + 4 = 24"
    },
    {
      "q": "ربع الـ 200 هو؟",
      "a": "50",
      "o": ["50", "25", "100", "40"],
      "h": "200 ÷ 4"
    },
    {
      "q": "سعر قميص 50 ريالاً، عليه خصم 10%، كم يصبح سعره؟",
      "a": "45 ريالاً",
      "o": ["45 ريالاً", "40 ريالاً", "55 ريالاً", "10 ريالات"],
      "h": "الخصم 5 ريالات"
    },
    {
      "q": "كيف نحصل على 1000 باستخدام الرقم 8 ثماني مرات (بالجمع)؟",
      "a": "888 + 88 + 8 + 8 + 8",
      "o": ["888 + 88 + 8 + 8 + 8", "888 + 8 + 8 + 8 + 8 + 8", "88 + 88 + 888", "مستحيل"],
      "h": "اجمعها رأسياً"
    },
    {
      "q": "ما هو العدد الذي يقبل القسمة على كل الأرقام من 1 إلى 10 دون باقٍ؟ (أصغر عدد)",
      "a": "2520",
      "o": ["2520", "1000", "5040", "100"],
      "h": "رقم شهير في الرياضيات"
    },
    {
      "q": "ساعة تدق كل ساعة (دقة واحدة للساعة 1، دقتين للساعة 2...)، كم مرة تدق في الساعة 3؟",
      "a": "3 مرات",
      "o": ["3 مرات", "6 مرات", "مرة واحدة", "صفر"],
      "h": "حسب رقم الساعة"
    },
    {
      "q": "ما هو الجذر التربيعي للرقم 81؟",
      "a": "9",
      "o": ["9", "8", "7", "6"],
      "h": "9 × 9 = 81"
    },
    {
      "q": "أيهما أكبر: خُمس الخمسين أم نِصف العشرة؟",
      "a": "خمس الخمسين (10)",
      "o": ["خمس الخمسين", "نصف العشرة", "متساويان", "لا أعلم"],
      "h": "10 مقابل 5"
    },
    {
      "q": "خمس قطط تصيد خمسة فئران في خمس دقائق، كم قطة تلزم لصيد مائة فأر في مائة دقيقة؟",
      "a": "5 قطط",
      "o": ["5 قطط", "100 قطة", "قطة واحدة", "50 قطة"],
      "h": "نفس المعدل (كل قطة تصيد فأراً كل 5 دقائق)"
    },
    {
      "q": "ما هو مجموع زوايا المثلث؟",
      "a": "180 درجة",
      "o": ["180 درجة", "360 درجة", "90 درجة", "100 درجة"],
      "h": "نصف الدائرة"
    },
    {
      "q": "كم ثمن في الربع؟",
      "a": "2",
      "o": ["2", "4", "8", "1"],
      "h": "1/8 + 1/8 = 2/8 = 1/4"
    },
    {
      "q": "عمر الأب 40 وعمر الابن 10. بعد كم سنة يصبح عمر الأب ضعف عمر الابن؟",
      "a": "بعد 20 سنة",
      "o": ["بعد 20 سنة", "بعد 10 سنوات", "بعد 5 سنوات", "بعد 30 سنة"],
      "h": "الأب 60 والابن 30"
    },
    {
      "q": "عدد فردي إذا أضفت إليه عدداً زوجياً، الناتج يكون؟",
      "a": "فردي",
      "o": ["فردي", "زوجي", "صفر", "يقبل القسمة على 5"],
      "h": "مثال: 3 + 2 = 5"
    },
    {
      "q": "ما هو الرقم المفقود: 3، 9، 27، 81، ...؟",
      "a": "243",
      "o": ["243", "162", "100", "300"],
      "h": "ضرب في 3"
    }
  ],
  "hard": [
    {
      "q": "مضرب وكرة سعرهما معاً 1.10 دولار. المضرب أغلى من الكرة بدولار واحد. كم سعر الكرة؟",
      "a": "0.05 دولار",
      "o": ["0.05 دولار", "0.10 دولار", "0.01 دولار", "1 دولار"],
      "h": "1.05 + 0.05 = 1.10"
    },
    {
      "q": "ما هو العدد الذي إذا قسمته على 2، 3، 4، 5، 6 يكون الباقي دائماً 1، وإذا قسمته على 7 لا يبقى شيء؟",
      "a": "301",
      "o": ["301", "701", "121", "49"],
      "h": "يقبل القسمة على 7"
    },
    {
      "q": "إذا كان 1=5، 2=25، 3=125، 4=625، فماذا يساوي 5؟",
      "a": "1",
      "o": ["1", "3125", "5", "25"],
      "h": "لأن في البداية قلنا 1=5، فالمساواة تبادلية (أو نمط 3125 إذا كان أسس)"
    },
    {
      "q": "بئر عمقها 20 متراً، يصعد قرد 3 أمتار في النهار وينزلق مترين في الليل. في أي يوم يصل للقمة؟",
      "a": "اليوم 18",
      "o": ["اليوم 18", "اليوم 20", "اليوم 17", "اليوم 10"],
      "h": "في اليوم الأخير يصعد الـ 3 أمتار ويخرج ولا ينزلق"
    },
    {
      "q": "رقم يتكون من 3 خانات، الرقم الثاني 4 أضعاف الثالث، والأول أصغر من الثاني بـ 3. ما هو؟",
      "a": "141",
      "o": ["141", "140", "441", "123"],
      "h": "الخانة الثالثة 1، الثانية 4، الأولى 1"
    },
    {
      "q": "كم مرة يطرح الرقم 5 من الرقم 50؟",
      "a": "مرة واحدة",
      "o": ["مرة واحدة", "10 مرات", "5 مرات", "ولا مرة"],
      "h": "بعد المرة الأولى يصبح الرقم 45"
    },
    {
      "q": "أنت سائق حافلة، ركب 5، نزل 2، ركب 3. ما عمر السائق؟",
      "a": "عمرك أنت",
      "o": ["عمرك أنت", "50 سنة", "غير معروف", "30 سنة"],
      "h": "أول جملة: 'أنت سائق الحافلة'"
    },
    {
      "q": "ما هو العدد الذي مربعه يساوي ضعفه؟",
      "a": "2",
      "o": ["2", "4", "1", "0"],
      "h": "2×2=4 و 2+2=4"
    },
    {
      "q": "إذا كانت الساعة الآن 3:00، فكم تكون الزاوية بين العقربين؟",
      "a": "90 درجة",
      "o": ["90 درجة", "180 درجة", "45 درجة", "0 درجة"],
      "h": "ربع دائرة"
    },
    {
      "q": "كيف يمكنك الحصول على الرقم 100 باستخدام الرقم 9 أربع مرات وعمليات حسابية؟",
      "a": "99 + 9/9",
      "o": ["99 + 9/9", "9x9 + 9+9", "999/9", "مستحيل"],
      "h": "99 + 1 = 100"
    },
    {
      "q": "كم مثلثاً في نجمة خماسية (بما في ذلك المثلثات الداخلية)؟",
      "a": "10 مثلثات",
      "o": ["10 مثلثات", "5 مثلثات", "6 مثلثات", "8 مثلثات"],
      "h": "5 صغيرة و 5 كبيرة"
    },
    {
      "q": "ما احتمال ظهور الرقم 6 عند رمي حجر نرد مرة واحدة؟",
      "a": "1/6",
      "o": ["1/6", "1/2", "50%", "1/3"],
      "h": "وجه واحد من ستة"
    },
    {
      "q": "أب لديه 7 بنات، وكل بنت لها أخ واحد. كم عدد أفراد الأسرة (مع الأب والأم)؟",
      "a": "10",
      "o": ["10", "16", "9", "14"],
      "h": "7 بنات + 1 أخ + 1 أب + 1 أم"
    },
    {
      "q": "ما هو نصف 2 + 2؟",
      "a": "3",
      "o": ["3", "2", "1", "4"],
      "h": "نصف الـ 2 هو 1، زائد 2 يساوي 3 (أولوية القسمة)"
    },
    {
      "q": "عدد يقبل القسمة على 2، 3، 4، 5، 6 والباقي 1، ويقبل القسمة على 7 بدون باق (نفس لغز 301 للتأكيد)؟",
      "a": "301",
      "o": ["301", "61", "121", "421"],
      "h": "مكرر بصيغة أخرى للتثبيت"
    }
  ]
}