{
  "type": "riddles",
  "sub": "wordplay",
  "easy": [
    {
      "q": "ما هي الفاكهة التي لونها مثل اسمها؟",
      "a": "البرتقال",
      "o": ["البرتقال", "الموز", "التفاح", "العنب"],
      "h": "لونها برتقالي واسمها برتقال"
    },
    {
      "q": "ما هو الشيء الذي لك، ولكن الناس يستخدمونه أكثر منك؟",
      "a": "اسمك",
      "o": ["اسمك", "سيارتك", "قلمك", "نقودك"],
      "h": "ينادونك به"
    },
    {
      "q": "كلمة واحدة يبطل معناها إذا نطقت بها؟",
      "a": "الصمت",
      "o": ["الصمت", "الكلام", "السر", "العهد"],
      "h": "إذا نطقت لم تعد صامتاً"
    },
    {
      "q": "ما هو البيت الذي ليس فيه أبواب ولا نوافذ؟",
      "a": "بيت الشعر",
      "o": ["بيت الشعر", "بيت النمل", "الكهف", "الخيمة"],
      "h": "القصيدة تتكون من أبيات"
    },
    {
      "q": "أخت خالك وليست خالتك، فمن تكون؟",
      "a": "أمك",
      "o": ["أمك", "جدتك", "أختك", "زوجة خالك"],
      "h": "شقيقة خالك"
    },
    {
      "q": "ما هو الشيء الذي يقرصك ولا تراه؟",
      "a": "الجوع",
      "o": ["الجوع", "النملة", "البرد", "الهواء"],
      "h": "شعور داخلي"
    },
    {
      "q": "ما هو الشيء الذي يحملك وتحمله في نفس الوقت؟",
      "a": "الحذاء",
      "o": ["الحذاء", "الحقيبة", "الثوب", "القبعة"],
      "h": "تلبسه في قدمك ويمشي بك"
    },
    {
      "q": "ما هو الشيء الذي كلما أخذت منه كبر؟",
      "a": "الحفرة",
      "o": ["الحفرة", "المال", "العمر", "البحر"],
      "h": "فراغ في الأرض"
    },
    {
      "q": "ابن أمك وأبيك وليس أخاك ولا أختك، من هو؟",
      "a": "أنت",
      "o": ["أنت", "خالك", "عمك", "جدك"],
      "h": "نفسك"
    },
    {
      "q": "ما هو الشيء الذي له أسنان ولا يعض؟",
      "a": "المشط",
      "o": ["المشط", "المنشار", "المفتاح", "القرش"],
      "h": "يستخدم للشعر"
    },
    {
      "q": "مدينة حمراء، أسوارها خضراء، وسكانها سود؟",
      "a": "البطيخة",
      "o": ["البطيخة", "الرمانة", "التفاحة", "الفراولة"],
      "h": "سكانها هم البذور"
    },
    {
      "q": "شهر ميلادي إذا حذفت أوله تحول إلى اسم فاكهة؟",
      "a": "تموز (موز)",
      "o": ["تموز", "يوليو", "أبريل", "مارس"],
      "h": "احذف التاء"
    },
    {
      "q": "ما هو الشيء الذي يكسو الناس وهو عارٍ؟",
      "a": "الإبرة",
      "o": ["الإبرة", "القماش", "الخيط", "المقص"],
      "h": "تصنع الملابس ولا تلبسها"
    },
    {
      "q": "شيء تذبحه وتبكي عليه؟",
      "a": "البصل",
      "o": ["البصل", "الدجاج", "الخروف", "السمك"],
      "h": "يسبب الدموع عند تقطيعه"
    }
  ],
  "medium": [
    {
      "q": "ما هو الشيء الذي أكله كله يحييك، وأكل نصفه يميتك؟",
      "a": "سمسم (نصفه سم)",
      "o": ["سمسم", "فلفل", "سكر", "ملح"],
      "h": "النصف الأول من الكلمة هو 'سم'"
    },
    {
      "q": "كلمة في القاموس مكتوبة بشكل 'غير صحيح' دائماً؟",
      "a": "كلمة (غير صحيح)",
      "o": ["كلمة (غير صحيح)", "كلمة (خطأ)", "كلمة (غلط)", "كلمة (قاموس)"],
      "h": "السؤال يقول الكلمة نفسها هي 'غير صحيح'"
    },
    {
      "q": "شيء يجففنا ويبتل هو؟",
      "a": "المنشفة",
      "o": ["المنشفة", "الشمس", "الهواء", "الملابس"],
      "h": "تمتص الماء"
    },
    {
      "q": "أين يقع البحر الذي لا يوجد فيه ماء؟",
      "a": "على الخريطة",
      "o": ["على الخريطة", "في الصحراء", "في السراب", "في الحلم"],
      "h": "بحر مرسوم"
    },
    {
      "q": "ما هو الشيء الذي يتكلم جميع لغات العالم؟",
      "a": "الصدى",
      "o": ["الصدى", "المترجم", "الهاتف", "التلفاز"],
      "h": "يكرر ما تقوله"
    },
    {
      "q": "امرأة عقيم، هل تنجب ابنتها أطفالاً؟",
      "a": "ليس لديها ابنة",
      "o": ["ليس لديها ابنة", "نعم", "لا", "حسب الظروف"],
      "h": "لأنها عقيم أصلاً"
    },
    {
      "q": "ما هو الشيء الذي تراه في الليل ثلاث مرات وفي النهار مرة واحدة؟",
      "a": "حرف اللام",
      "o": ["حرف اللام", "القمر", "الظلام", "النجم"],
      "h": "انظر لحروف الكلمتين"
    },
    {
      "q": "ما هو الشيء الذي يوجد وسط باريس؟",
      "a": "حرف الراء",
      "o": ["حرف الراء", "برج إيفل", "نهر السين", "اللوفر"],
      "h": "با - ر - يس"
    },
    {
      "q": "طائر إذا قلبت اسمه أصبح 'عجب'؟",
      "a": "بجع",
      "o": ["بجع", "ببغاء", "صقر", "نسر"],
      "h": "اقرأ الكلمة بالمقلوب"
    },
    {
      "q": "كلمة تتكون من 8 حروف، ولكنها تجمع كل الحروف؟",
      "a": "أبجدية",
      "o": ["أبجدية", "موسوعة", "قاموس", "مكتبة"],
      "h": "تشمل جميع الحروف"
    },
    {
      "q": "شيء إذا وضعناه في الثلاجة لا يبرد؟",
      "a": "الفلفل الحار",
      "o": ["الفلفل الحار", "الماء", "الثلج", "الزيت"],
      "h": "طبعه حار"
    },
    {
      "q": "شيء يمشي بلا رجلين ويبكي بلا عينين؟",
      "a": "السحاب (المطر)",
      "o": ["السحاب", "النهر", "الطفل", "الرياح"],
      "h": "دموعه المطر"
    },
    {
      "q": "ما هو الشيء الذي له رقبة وليس له رأس؟",
      "a": "الزجاجة (أو القميص)",
      "o": ["الزجاجة", "الزرافة", "النعامة", "الجمل"],
      "h": "تصب منها الماء"
    },
    {
      "q": "ما هو الباب الذي لا يمكن فتحه؟",
      "a": "الباب المفتوح",
      "o": ["الباب المفتوح", "باب الحديد", "باب الخشب", "باب السر"],
      "h": "لأنه مفتوح أصلاً"
    },
    {
      "q": "شيء تملكه، ولكنك لا تستطيع لمسه (غير مادي)؟",
      "a": "صوتك",
      "o": ["صوتك", "أذنك", "أنفك", "شعرك"],
      "h": "يخرج منك وتسمعه"
    }
  ],
  "hard": [
    {
      "q": "شيء موجود في السماء، وإذا أضفت له حرفاً أصبح في الأرض؟",
      "a": "نجم (منجم)",
      "o": ["نجم", "قمر", "شمس", "سحب"],
      "h": "نجم + م = منجم"
    },
    {
      "q": "ما هو الشيء الذي أوله في لبنان وآخره في الأردن؟",
      "a": "حرف النون",
      "o": ["حرف النون", "نهر", "جبل", "طريق"],
      "h": "أول حرف وآخر حرف"
    },
    {
      "q": "اسم ولد من 4 حروف، إذا حذفت آخره أصبح فرداً من العائلة؟",
      "a": "أمجد (أم)",
      "o": ["أمجد", "أحمد", "خالد", "سعيد"],
      "h": "أول حرفين 'أم'"
    },
    {
      "q": "شيء تراه في الظلام في كل مكان، وفي النور لا تراه؟",
      "a": "الظلام نفسه",
      "o": ["الظلام", "النجوم", "البومة", "القمر"],
      "h": "النور يمحوه"
    },
    {
      "q": "كلمة من 5 حروف، إذا حذفنا أول حرفين بقي (حرف)؟",
      "a": "محرف (حرف)",
      "o": ["محرف", "منحرف", "يعرف", "ظرف"],
      "h": "تلاعب لفظي"
    },
    {
      "q": "ما هو الشيء الذي يوصلك إلى البيت دون أن يتحرك؟",
      "a": "الطريق",
      "o": ["الطريق", "السيارة", "الحافلة", "الساق"],
      "h": "ثابت على الأرض"
    },
    {
      "q": "أنا بداية النهاية، ونهاية الزمان والمكان، فمن أنا؟",
      "a": "حرف النون",
      "o": ["حرف النون", "الموت", "التراب", "العدم"],
      "h": "موجود في الكلمات"
    },
    {
      "q": "جملة مفيدة تقرأها من اليمين ومن اليسار بنفس المعنى؟",
      "a": "دام علا العماد",
      "o": ["دام علا العماد", "أكل الولد التفاحة", "ذهب محمد", "صباح الخير"],
      "h": "جملة متناظرة (Palindrome)"
    },
    {
      "q": "شيء له جلد وليس حيواناً، وله أوراق وليس نباتاً، وله لسان ولا يتكلم؟",
      "a": "الكتاب",
      "o": ["الكتاب", "الحقيبة", "الحذاء", "الشجرة"],
      "h": "لسانه هو شريط العلامة"
    },
    {
      "q": "ما هو الشيء الذي كلما زاد نقص؟",
      "a": "العمر",
      "o": ["العمر", "المال", "الوزن", "الماء"],
      "h": "تنقص أيامك"
    },
    {
      "q": "شيء إذا غليته جمد؟",
      "a": "البيض",
      "o": ["البيض", "الماء", "الزيت", "الحليب"],
      "h": "يتحول من سائل لصلب بالحرارة"
    },
    {
      "q": "ما هو الشيء الذي لا يبتل حتى لو دخل الماء؟",
      "a": "الضوء",
      "o": ["الضوء", "الإسفنج", "الخشب", "الحديد"],
      "h": "ليس مادة"
    },
    {
      "q": "عقرب لا يلدغ ولا يخيف أحداً، ولا يموت؟",
      "a": "عقرب الساعة",
      "o": ["عقرب الساعة", "عقرب الرمل", "العقرب الأسود", "عقرب البحر"],
      "h": "يدور في مكانه"
    },
    {
      "q": "ابن الماء، وإذا وضعته في الماء مات؟",
      "a": "الثلج",
      "o": ["الثلج", "السمك", "الملح", "الإسفنج"],
      "h": "يذوب ويختفي"
    },
    {
      "q": "حيوان مائي، إذا قلبت اسمه أصبح اسم حيوان بري (مفترس)؟",
      "a": "دلفين (نمر؟ لا.. قرش - شرق؟ لا). الحوت (توح؟ لا). لغز صعب: بحر - رحب. الإجابة: ليث (أسد) - ثيل (نبات). لا، الإجابة هي: فرس النهر (لا). الحل: نمر - رمن (لا). لنجرب: سبع - عبس. الجواب: حبار (رباح - قرد).",
      "o": ["حبار (رباح)", "قرش", "دلفين", "حوت"],
      "h": "اقرأ حبار بالمقلوب"
    }
  ]
}