{
  "type": "islamic",
  "sub": "fiqh",
  "easy": [
    {
      "q": "كم عدد أركان الإسلام؟",
      "a": "5 أركان",
      "o": ["5 أركان", "6 أركان", "4 أركان", "3 أركان"],
      "h": "بني الإسلام على خمس"
    },
    {
      "q": "كم عدد أركان الإيمان؟",
      "a": "6 أركان",
      "o": ["6 أركان", "5 أركان", "7 أركان", "3 أركان"],
      "h": "أن تؤمن بالله وملائكته..."
    },
    {
      "q": "ما هي قبلة المسلمين في الصلاة؟",
      "a": "الكعبة المشرفة",
      "o": ["الكعبة المشرفة", "المسجد الأقصى", "المسجد النبوي", "جبل أحد"],
      "h": "في مكة المكرمة"
    },
    {
      "q": "ما هو الركن الأول من أركان الإسلام؟",
      "a": "الشهادتان",
      "o": ["الشهادتان", "الصلاة", "الزكاة", "الصوم"],
      "h": "مفتاح الدخول في الإسلام"
    },
    {
      "q": "في أي شهر يجب صوم الفريضة؟",
      "a": "شهر رمضان",
      "o": ["شهر رمضان", "شهر شعبان", "شهر رجب", "شهر محرم"],
      "h": "أنزل فيه القرآن"
    },
    {
      "q": "كم عدد الصلوات المفروضة في اليوم والليلة؟",
      "a": "5 صلوات",
      "o": ["5 صلوات", "3 صلوات", "4 صلوات", "6 صلوات"],
      "h": "الفجر، الظهر، العصر، المغرب، العشاء"
    },
    {
      "q": "ماذا نقول في السجود؟",
      "a": "سبحان ربي الأعلى",
      "o": ["سبحان ربي الأعلى", "سبحان ربي العظيم", "سمع الله لمن حمده", "الله أكبر"],
      "h": "أقرب ما يكون العبد من ربه"
    },
    {
      "q": "ما هو الوضوء؟",
      "a": "غسل أعضاء معينة بنية الطهارة",
      "o": ["غسل أعضاء معينة", "غسل الجسم كامل", "غسل اليدين فقط", "مسح الرأس فقط"],
      "h": "شرط لصحة الصلاة"
    },
    {
      "q": "ما هو الركن الخامس من أركان الإسلام؟",
      "a": "حج البيت لمن استطاع إليه سبيلاً",
      "o": ["الحج", "الزكاة", "الصوم", "الشهادة"],
      "h": "مرة في العمر"
    },
    {
      "q": "من هم الملائكة؟",
      "a": "مخلوقات من نور لا يعصون الله",
      "o": ["مخلوقات من نور", "مخلوقات من نار", "مخلوقات من طين", "بشر صالحون"],
      "h": "خلقوا لعبادة الله وتنفيذ أوامره"
    },
    {
      "q": "ما هي الزكاة؟",
      "a": "حق واجب في مال الأغنياء للفقراء",
      "o": ["حق واجب في المال", "صدقة تطوعية", "هدية", "ضريبة"],
      "h": "الركن الثالث"
    },
    {
      "q": "ما معنى (لا إله إلا الله)؟",
      "a": "لا معبود بحق إلا الله",
      "o": ["لا معبود بحق إلا الله", "لا خالق إلا الله", "لا رازق إلا الله", "لا موجود إلا الله"],
      "h": "نفي الألوهية عن غير الله وإثباتها له"
    },
    {
      "q": "ما هو الكتاب الذي أنزل على عيسى عليه السلام؟",
      "a": "الإنجيل",
      "o": ["الإنجيل", "التوراة", "الزبور", "القرآن"],
      "h": "مصدقاً لما بين يديه"
    }
  ],
  "medium": [
    {
      "q": "ما هو (التيمم)؟",
      "a": "مسح الوجه واليدين بالتراب عند فقد الماء",
      "o": ["مسح بالتراب", "غسل بالماء", "مسح بالحجر", "الصلاة بلا طهارة"],
      "h": "بديل الوضوء"
    },
    {
      "q": "كم مقدار زكاة المال (الذهب والفضة والنقود)؟",
      "a": "2.5% (ربع العشر)",
      "o": ["2.5%", "5%", "10%", "20%"],
      "h": "في كل 1000، 25"
    },
    {
      "q": "ما هو (توحيد الألوهية)؟",
      "a": "إفراد الله بالعبادة",
      "o": ["إفراد الله بالعبادة", "إفراد الله بالخلق", "إفراد الله بالأسماء", "الإيمان بالقدر"],
      "h": "أن لا تدعو إلا الله"
    },
    {
      "q": "من هو الملك الموكل بالنفخ في الصور؟",
      "a": "إسرافيل",
      "o": ["إسرافيل", "ميكائيل", "جبريل", "مالك"],
      "h": "يوم القيامة"
    },
    {
      "q": "ما هو الركن الأعظم في الحج؟",
      "a": "الوقوف بعرفة",
      "o": ["الوقوف بعرفة", "طواف الإفاضة", "السعي", "رمي الجمرات"],
      "h": "الحج عرفة"
    },
    {
      "q": "ما معنى (الإحسان) كما ورد في حديث جبريل؟",
      "a": "أن تعبد الله كأنك تراه",
      "o": ["أن تعبد الله كأنك تراه", "أن تتصدق كثيراً", "أن تحسن للجار", "أن تصلي الليل"],
      "h": "أعلى مراتب الدين"
    },
    {
      "q": "ما حكم صلاة الوتر؟",
      "a": "سنة مؤكدة",
      "o": ["سنة مؤكدة", "فرض عين", "مكروهة", "مباحة"],
      "h": "ختام صلاة الليل"
    },
    {
      "q": "متى يبدأ وقت صلاة المغرب؟",
      "a": "عند غروب الشمس",
      "o": ["عند غروب الشمس", "عند زوال الشمس", "عند اصفرار الشمس", "عند طلوع الفجر"],
      "h": "اختفاء القرص"
    },
    {
      "q": "ما هو (الشرك الأصغر)؟",
      "a": "الرياء (كأن يصلي ليراه الناس)",
      "o": ["الرياء", "عبادة الأصنام", "دعاء الأموات", "إنكار الخالق"],
      "h": "أخوف ما أخاف على أمتي"
    },
    {
      "q": "ما هي (صلاة الكسوف)؟",
      "a": "صلاة عند ذهاب ضوء الشمس",
      "o": ["عند ذهاب الشمس", "عند ذهاب القمر", "عند المطر", "عند العيد"],
      "h": "آية من آيات الله"
    },
    {
      "q": "من هم (أولو العزم) من الرسل؟",
      "a": "نوح، إبراهيم، موسى، عيسى، محمد",
      "o": ["نوح، إبراهيم، موسى، عيسى، محمد", "كل الأنبياء", "آدم، إدريس، هود، صالح، شعيب", "داود، سليمان، يوسف، يونس، لوط"],
      "h": "أصحاب الصبر العظيم"
    },
    {
      "q": "ما هو حكم الأضحية؟",
      "a": "سنة مؤكدة",
      "o": ["سنة مؤكدة", "فرض عين", "واجبة على الجميع", "مستحبة فقط"],
      "h": "تذبح في عيد الأضحى"
    },
    {
      "q": "ما هي كفارة اليمين (لمن حلف وحنث)؟",
      "a": "إطعام 10 مساكين أو كسوتهم أو تحرير رقبة",
      "o": ["إطعام 10 مساكين", "صيام 3 أيام مباشرة", "ذبح شاة", "صيام شهر"],
      "h": "فإن لم يجد فصيام ثلاثة أيام"
    },
    {
      "q": "ما هو (النصاب) في الزكاة؟",
      "a": "الحد الأدنى للمال الذي تجب فيه الزكاة",
      "o": ["الحد الأدنى للمال", "دفع المال كله", "نصف المال", "المال الحرام"],
      "h": "مثل 85 جرام ذهب"
    }
  ],
  "hard": [
    {
      "q": "ما هو (التوحيد الربوبية)؟",
      "a": "الإيمان بأن الله هو الخالق الرازق المدبر",
      "o": ["الله الخالق الرازق", "الله المعبود وحده", "الله له الأسماء الحسنى", "الإيمان بالرسل"],
      "h": "أقر به كفار قريش ولم يدخلهم في الإسلام"
    },
    {
      "q": "ما هو الفرق بين (الفرض) و (الواجب) عند الجمهور (غير الأحناف)؟",
      "a": "هما بمعنى واحد",
      "o": ["هما بمعنى واحد", "الفرض آكد من الواجب", "الواجب آكد", "لا علاقة بينهما"],
      "h": "ما يثاب فاعله ويعاقب تاركه"
    },
    {
      "q": "ما هي (العورة المغلظة) للرجل؟",
      "a": "السوأتان (القبل والدبر)",
      "o": ["السوأتان", "من السرة للركبة", "الفخذ", "الظهر"],
      "h": "ما يجب ستره بشدة"
    },
    {
      "q": "ما هو (سجود السهو)؟",
      "a": "سجدتان لجبر الخلل في الصلاة (نسيان)",
      "o": ["سجدتان للنسيان", "سجدة للشكر", "سجدة للتلاوة", "سجدة للسهاد"],
      "h": "قبل السلام أو بعده"
    },
    {
      "q": "ما هو (الحد) في الفقه؟",
      "a": "عقوبة مقدرة شرعاً (حق الله)",
      "o": ["عقوبة مقدرة شرعاً", "عقوبة يحددها القاضي", "القصاص", "الدية"],
      "h": "مثل حد السرقة والزنا"
    },
    {
      "q": "متى تسقط الصلاة عن المسلم البالغ العاقل؟",
      "a": "لا تسقط أبداً (إلا للمرأة الحائض/النفاس)",
      "o": ["لا تسقط أبداً", "في السفر", "في المرض", "في الحرب"],
      "h": "يصلي قائماً أو قاعداً أو على جنب"
    },
    {
      "q": "ما هي (صلاة الأوابين)؟",
      "a": "صلاة الضحى",
      "o": ["صلاة الضحى", "قيام الليل", "سنة المغرب", "صلاة الوتر"],
      "h": "حين ترمض الفصال"
    },
    {
      "q": "ما حكم صلاة الجماعة للرجال (على الراجح)؟",
      "a": "واجبة",
      "o": ["واجبة", "سنة مؤكدة", "مستحبة", "فرض كفاية"],
      "h": "من سمع النداء فلم يجب..."
    },
    {
      "q": "ما هو (الاستسقاء)؟",
      "a": "طلب نزول المطر من الله",
      "o": ["طلب المطر", "طلب الرزق", "طلب الشفاء", "طلب العلم"],
      "h": "صلاة خاصة في الخلاء"
    },
    {
      "q": "ما هو (النية) في العبادة؟",
      "a": "عزم القلب على فعل العبادة تقرباً لله",
      "o": ["عزم القلب", "التلفظ بها", "الوضوء", "البدء بالعمل"],
      "h": "محلها القلب"
    },
    {
      "q": "ما معنى اسم الله (القدوس)؟",
      "a": "المنزه عن كل نقص وعيب",
      "o": ["المنزه عن النقص", "القوي", "الخالق", "الرحيم"],
      "h": "الطاهر المبارك"
    },
    {
      "q": "ما هو (الغسل)؟",
      "a": "تعميم البدن بالماء بنية الطهارة",
      "o": ["تعميم البدن بالماء", "غسل الوجه فقط", "الوضوء", "غسل اليدين"],
      "h": "واجب بعد الجنابة"
    },
    {
      "q": "ما هو (اللحـد) في القبر؟",
      "a": "حفرة في جانب القبر جهة القبلة",
      "o": ["حفرة في الجانب", "حفرة في الوسط", "بناء فوق القبر", "التابوت"],
      "h": "اللحد لنا والشق لغيرنا"
    },
    {
      "q": "ما هو (الميقات) في الحج؟",
      "a": "المكان الذي يحرم منه الحاج",
      "o": ["مكان الإحرام", "يوم عرفة", "يوم العيد", "مكان الطواف"],
      "h": "مثل ذي الحليفة والسيل الكبير"
    },
    {
      "q": "ما حكم أكل لحم الخنزير؟",
      "a": "حرام قطعاً",
      "o": ["حرام", "مكروه", "مباح للضرورة فقط", "مباح"],
      "h": "حرمت عليكم الميتة والدم ولحم الخنزير"
    }
  ]
}