{
  "type": "islamic",
  "sub": "hadith",
  "easy": [
    {
      "q": "في أي عام ولد النبي محمد ﷺ؟",
      "a": "عام الفيل",
      "o": ["عام الفيل", "عام الحزن", "عام الوفود", "عام الهجرة"],
      "h": "العام الذي حاول فيه أبرهة هدم الكعبة"
    },
    {
      "q": "ما هو اسم والدة النبي ﷺ؟",
      "a": "آمنة بنت وهب",
      "o": ["آمنة بنت وهب", "حليمة السعدية", "فاطمة بنت أسد", "بركة (أم أيمن)"],
      "h": "توفيت بالأبواء وهو صغير"
    },
    {
      "q": "من هو الصحابي الذي رافق النبي ﷺ في رحلة الهجرة؟",
      "a": "أبو بكر الصديق",
      "o": ["أبو بكر الصديق", "عمر بن الخطاب", "علي بن أبي طالب", "عثمان بن عفان"],
      "h": "ثاني اثنين إذ هما في الغار"
    },
    {
      "q": "أكمل الحديث: (إنما الأعمال بـ...)؟",
      "a": "بالنيات",
      "o": ["بالنيات", "بالخواتيم", "بالاجتهاد", "بالنتائج"],
      "h": "وإنما لكل امرئ ما نوى"
    },
    {
      "q": "إلى أين كانت الهجرة الأولى للمسلمين؟",
      "a": "الحبشة",
      "o": ["الحبشة", "المدينة", "الطائف", "اليمن"],
      "h": "حيث ملك لا يظلم عنده أحد"
    },
    {
      "q": "من هي أول زوجات النبي ﷺ؟",
      "a": "خديجة بنت خويلد",
      "o": ["خديجة بنت خويلد", "عائشة بنت أبي بكر", "حفصة بنت عمر", "زينب بنت جحش"],
      "h": "أم المؤمنين وأم أولاده ما عدا إبراهيم"
    },
    {
      "q": "ما اسم ناقة الرسول ﷺ التي هاجر عليها؟",
      "a": "القصواء",
      "o": ["القصواء", "العضباء", "الجدعاء", "الدلدل"],
      "h": "التي بركت في مكان المسجد النبوي"
    },
    {
      "q": "أكمل الحديث: (خيركم من تعلم القرآن و...)?",
      "a": "وعلمه",
      "o": ["وعلمه", "وحفظه", "وفهمه", "وتلاه"],
      "h": "نقل العلم للغير"
    },
    {
      "q": "في أي غزوة كسرت رباعية النبي ﷺ وشج وجهه؟",
      "a": "غزوة أحد",
      "o": ["غزوة أحد", "غزوة بدر", "غزوة الخندق", "غزوة حنين"],
      "h": "عندما خالف الرماة الأمر"
    },
    {
      "q": "من هو (مؤذن الرسول) ﷺ؟",
      "a": "بلال بن رباح",
      "o": ["بلال بن رباح", "عبدالله بن أم مكتوم", "أبو محذورة", "سعد بن أبي وقاص"],
      "h": "أحد السابقين للإسلام من الحبشة"
    },
    {
      "q": "ما هو (عام الحزن)؟",
      "a": "العام الذي توفيت فيه خديجة وأبو طالب",
      "o": ["وفاة خديجة وأبو طالب", "وفاة حمزة", "هزيمة أحد", "وفاة إبراهيم ابن النبي"],
      "h": "فقد فيه النبي نصيره الداخلي والخارجي"
    },
    {
      "q": "أكمل الحديث: (المسلم من سلم المسلمون من ... ويده)؟",
      "a": "لسانه",
      "o": ["لسانه", "قلبه", "شره", "أذاه"],
      "h": "الكلام الجارح"
    },
    {
      "q": "كم عدد الخلفاء الراشدين؟",
      "a": "4",
      "o": ["4", "3", "5", "6"],
      "h": "أبو بكر، عمر، عثمان، علي"
    }
  ],
  "medium": [
    {
      "q": "من هو الصحابي الذي نام في فراش النبي ﷺ ليلة الهجرة؟",
      "a": "علي بن أبي طالب",
      "o": ["علي بن أبي طالب", "أبو بكر الصديق", "عمار بن ياسر", "صهيب الرومي"],
      "h": "لرد الأمانات إلى أهلها"
    },
    {
      "q": "ما هو الغار الذي اختبأ فيه النبي ﷺ وأبو بكر أثناء الهجرة؟",
      "a": "غار ثور",
      "o": ["غار ثور", "غار حراء", "غار الكهف", "غار التنعيم"],
      "h": "غير الغار الذي نزل فيه الوحي"
    },
    {
      "q": "متى وقعت غزوة بدر الكبرى؟",
      "a": "2 هـ",
      "o": ["2 هـ", "3 هـ", "5 هـ", "1 هـ"],
      "h": "في شهر رمضان"
    },
    {
      "q": "من هو الصحابي الذي لقب بـ (سيف الله المسلول)؟",
      "a": "خالد بن الوليد",
      "o": ["خالد بن الوليد", "حمزة بن عبد المطلب", "أبو دجانة", "سعد بن معاذ"],
      "h": "لم يهزم في معركة قط"
    },
    {
      "q": "ماذا يعني مصطلح (متفق عليه) في الحديث؟",
      "a": "رواه البخاري ومسلم",
      "o": ["رواه البخاري ومسلم", "رواه الأئمة الأربعة", "حديث صحيح", "حديث حسن"],
      "h": "أعلى درجات الصحة"
    },
    {
      "q": "من هو أول سفير في الإسلام؟",
      "a": "مصعب بن عمير",
      "o": ["مصعب بن عمير", "جعفر بن أبي طالب", "دحية الكلبي", "عثمان بن عفان"],
      "h": "أرسله النبي إلى المدينة ليعلم أهلها"
    },
    {
      "q": "أكمل الحديث: (لا يؤمن أحدكم حتى يحب لأخيه...)?",
      "a": "ما يحب لنفسه",
      "o": ["ما يحب لنفسه", "الخير", "الجنة", "المال"],
      "h": "قمة الإيثار"
    },
    {
      "q": "من هو اليهودي الذي سحر النبي ﷺ (كما في الصحيحين)؟",
      "a": "لبيد بن الأعصم",
      "o": ["لبيد بن الأعصم", "كعب بن الأشرف", "حيي بن أخطب", "عبدالله بن سبأ"],
      "h": "نزلت المعوذتان للرقية منه"
    },
    {
      "q": "في أي سنة كان فتح مكة؟",
      "a": "8 هـ",
      "o": ["8 هـ", "6 هـ", "10 هـ", "9 هـ"],
      "h": "بعد نقض قريش لصلح الحديبية"
    },
    {
      "q": "من هي زوجة النبي ﷺ التي كانت تسمى (أم المساكين)؟",
      "a": "زينب بنت خزيمة",
      "o": ["زينب بنت خزيمة", "زينب بنت جحش", "أم سلمة", "سودة بنت زمعة"],
      "h": "لم تعش طويلاً بعد زواجها بالنبي"
    },
    {
      "q": "ما هو (حديث الجبريل)؟",
      "a": "حديث بيان أركان الإسلام والإيمان والإحسان",
      "o": ["بيان الأركان", "حديث الوحي", "حديث الإسراء", "حديث الشفاعة"],
      "h": "جاء رجل شديد بياض الثياب..."
    },
    {
      "q": "من هو قاتل حمزة بن عبد المطلب في غزوة أحد؟",
      "a": "وحشي بن حرب",
      "o": ["وحشي بن حرب", "أبو لؤلؤة", "مسلمة الكذاب", "ابن ملجم"],
      "h": "أسلم لاحقاً وقتل مسيلمة الكذاب"
    },
    {
      "q": "ما اسم الراهب الذي رأى علامات النبوة على الرسول وهو صغير؟",
      "a": "بحيرى",
      "o": ["بحيرى", "ورقة بن نوفل", "سلمان", "نسطور"],
      "h": "كان في بصرى الشام"
    },
    {
      "q": "أكمل الحديث: (الدين ...)?",
      "a": "النصيحة",
      "o": ["النصيحة", "المعاملة", "اليسر", "الأخلاق"],
      "h": "قلنا لمن؟ قال لله ولكتابه..."
    },
    {
      "q": "ما هي آخر غزوة غزاها النبي ﷺ بنفسه؟",
      "a": "غزوة تبوك",
      "o": ["غزوة تبوك", "غزوة حنين", "فتح مكة", "غزوة خيبر"],
      "h": "في عام العسرة"
    }
  ],
  "hard": [
    {
      "q": "من هو الصحابي الذي أشار على النبي ﷺ بحفر الخندق؟",
      "a": "سلمان الفارسي",
      "o": ["سلمان الفارسي", "المقداد بن عمرو", "حذيفة بن اليمان", "عمار بن ياسر"],
      "h": "من بلاد فارس حيث كانت هذه المكيدة معروفة"
    },
    {
      "q": "ما هو (بيعة الرضوان)؟",
      "a": "بيعة تحت الشجرة قبل صلح الحديبية",
      "o": ["بيعة تحت الشجرة", "بيعة العقبة الأولى", "بيعة العقبة الثانية", "بيعة الفتح"],
      "h": "لقد رضي الله عن المؤمنين إذ يبايعونك تحت الشجرة"
    },
    {
      "q": "من هو الصحابي الذي اهتز عرش الرحمن لموته؟",
      "a": "سعد بن معاذ",
      "o": ["سعد بن معاذ", "حمزة بن عبد المطلب", "مصعب بن عمير", "عثمان بن مظعون"],
      "h": "سيد الأوس وحكم في بني قريظة"
    },
    {
      "q": "من هو (حِبّ رسول الله) وابن حبه؟",
      "a": "أسامة بن زيد",
      "o": ["أسامة بن زيد", "الحسن بن علي", "عمار بن ياسر", "عبدالله بن عمر"],
      "h": "أبوه زيد بن حارثة"
    },
    {
      "q": "ما هو الكتاب الذي يعتبر أصح الكتب بعد كتاب الله؟",
      "a": "صحيح البخاري",
      "o": ["صحيح البخاري", "صحيح مسلم", "موطأ مالك", "مسند أحمد"],
      "h": "الجامع المسند الصحيح المختصر..."
    },
    {
      "q": "من هو الصحابي الذي غسلته الملائكة (غسيل الملائكة)؟",
      "a": "حنظلة بن أبي عامر",
      "o": ["حنظلة بن أبي عامر", "خبيب بن عدي", "عاصم بن ثابت", "جعفر الطيار"],
      "h": "خرج للجهاد وهو جنب"
    },
    {
      "q": "في أي عام فرض الحج؟",
      "a": "9 هـ",
      "o": ["9 هـ", "6 هـ", "10 هـ", "8 هـ"],
      "h": "عام الوفود، وحج النبي في العام التالي"
    },
    {
      "q": "من هي الصحابية التي قتلت 7 من الروم بعمود خيمتها في معركة اليرموك؟ (أو أسماء بنت يزيد في اليرموك؟)",
      "a": "أسماء بنت يزيد",
      "o": ["أسماء بنت يزيد", "خولة بنت الأزور", "نسيبة بنت كعب", "أم عمارة"],
      "h": "دافعت عن الإسلام بشجاعة"
    },
    {
      "q": "ما هي (حجة الوداع)؟",
      "a": "الحجة الوحيدة التي حجها النبي ﷺ",
      "o": ["الحجة الوحيدة", "الحجة الأخيرة", "أول حجة", "حجة أبي بكر"],
      "h": "قال فيها: لعلي لا ألقاكم بعد عامي هذا"
    },
    {
      "q": "من هو الصحابي الذي أوتي مزماراً من مزامير آل داود (لحسن صوته)؟",
      "a": "أبو موسى الأشعري",
      "o": ["أبو موسى الأشعري", "أبي بن كعب", "عبدالله بن مسعود", "سالم مولى أبي حذيفة"],
      "h": "قال له النبي: لو رأيتني وأنا أستمع لقراءتك"
    },
    {
      "q": "ما هو الحديث القدسي؟",
      "a": "ما رواه النبي عن ربه بلفظه ومعناه من الله (أو معناه من الله ولفظه من النبي)",
      "o": ["عن ربه عز وجل", "كلام جبريل", "منام الأنبياء", "اجتهاد النبي"],
      "h": "يبدأ بـ: قال الله تعالى"
    },
    {
      "q": "من هو الصحابي الذي نزلت الملائكة تستمع لقراءته (سورة الكهف)؟",
      "a": "أسيد بن حضير",
      "o": ["أسيد بن حضير", "عباد بن بشر", "سعد بن عبادة", "البراء بن عازب"],
      "h": "جالت فرسه فرأى مثل الظلة"
    },
    {
      "q": "من هو الذي ادعى النبوة في زمن الرسول وقتل في حروب الردة؟",
      "a": "مسيلمة الكذاب",
      "o": ["مسيلمة الكذاب", "الأسود العنسي", "سجاح", "طليحة الأسدي"],
      "h": "من بني حنيفة"
    },
    {
      "q": "كم عدد الغزوات التي قاتل فيها النبي ﷺ بنفسه (تقريباً)؟",
      "a": "9 غزوات (من أصل 27)",
      "o": ["9 غزوات", "27 غزوة", "15 غزوة", "50 غزوة"],
      "h": "التي حدث فيها قتال فعلي"
    },
    {
      "q": "ما هو (التحنث) الذي كان يفعله النبي قبل البعثة؟",
      "a": "التعبد",
      "o": ["التعبد", "الصيام", "الصدقة", "الطواف"],
      "h": "الليالي ذوات العدد في غار حراء"
    }
  ]
}