{
  "type": "islamic",
  "sub": "history",
  "easy": [
    {
      "q": "من هو أول الخلفاء الراشدين؟",
      "a": "أبو بكر الصديق",
      "o": ["أبو بكر الصديق", "عمر بن الخطاب", "عثمان بن عفان", "علي بن أبي طالب"],
      "h": "رفيق الهجرة"
    },
    {
      "q": "من هو القائد المسلم الذي فتح القدس (بيت المقدس) وتسلم مفاتيحها؟",
      "a": "عمر بن الخطاب",
      "o": ["عمر بن الخطاب", "صلاح الدين الأيوبي", "خالد بن الوليد", "أبو عبيدة بن الجراح"],
      "h": "ثاني الخلفاء الراشدين"
    },
    {
      "q": "من هو القائد الذي انتصر على الصليبيين في معركة حطين؟",
      "a": "صلاح الدين الأيوبي",
      "o": ["صلاح الدين الأيوبي", "نور الدين زنكي", "عماد الدين زنكي", "الظاهر بيبرس"],
      "h": "حرر القدس"
    },
    {
      "q": "ما هي عاصمة الدولة الأموية؟",
      "a": "دمشق",
      "o": ["دمشق", "بغداد", "الكوفة", "المدينة المنورة"],
      "h": "في الشام"
    },
    {
      "q": "من هو القائد الذي فتح القسطنطينية (إسطنبول)؟",
      "a": "محمد الفاتح",
      "o": ["محمد الفاتح", "سليمان القانوني", "سليم الأول", "مراد الثاني"],
      "h": "نعم الأمير أميرها"
    },
    {
      "q": "ما هي عاصمة الدولة العباسية؟",
      "a": "بغداد",
      "o": ["بغداد", "دمشق", "القاهرة", "البصرة"],
      "h": "بناها أبو جعفر المنصور"
    },
    {
      "q": "من هو فاتح الأندلس؟",
      "a": "طارق بن زياد",
      "o": ["طارق بن زياد", "موسى بن نصير", "عبدالرحمن الداخل", "يوسف بن تاشفين"],
      "h": "عبر المضيق المسمى باسمه"
    },
    {
      "q": "من هو الخليفة الراشد الذي تستحي منه الملائكة؟",
      "a": "عثمان بن عفان",
      "o": ["عثمان بن عفان", "علي بن أبي طالب", "عمر بن الخطاب", "أبو بكر الصديق"],
      "h": "ذو النورين"
    },
    {
      "q": "في عهد أي خليفة كثرت الفتوحات الإسلامية وسقطت إمبراطورية الفرس؟",
      "a": "عمر بن الخطاب",
      "o": ["عمر بن الخطاب", "أبو بكر الصديق", "عثمان بن عفان", "علي بن أبي طالب"],
      "h": "الفاروق"
    },
    {
      "q": "من هو آخر الخلفاء الراشدين؟",
      "a": "علي بن أبي طالب",
      "o": ["علي بن أبي طالب", "الحسن بن علي", "عمر بن عبدالعزيز", "معاوية بن أبي سفيان"],
      "h": "ابن عم الرسول"
    },
    {
      "q": "ما هي الدولة التي أسسها عثمان بن أرطغرل؟",
      "a": "الدولة العثمانية",
      "o": ["الدولة العثمانية", "الدولة السلجوقية", "الدولة المملوكية", "الدولة الأيوبية"],
      "h": "استمرت 600 سنة"
    },
    {
      "q": "من هو القائد الذي لقب بـ (سيف الله المسلول)؟",
      "a": "خالد بن الوليد",
      "o": ["خالد بن الوليد", "أبو عبيدة", "سعد بن أبي وقاص", "عمرو بن العاص"],
      "h": "لم يهزم في معركة"
    },
    {
      "q": "أي مدينة بناها جوهر الصقلي في مصر؟",
      "a": "القاهرة",
      "o": ["القاهرة", "الفسطاط", "الإسكندرية", "القطائع"],
      "h": "عاصمة مصر الحالية"
    }
  ],
  "medium": [
    {
      "q": "من هو الخليفة الأموي الذي لقب بـ (خامس الخلفاء الراشدين) لعدله؟",
      "a": "عمر بن عبدالعزيز",
      "o": ["عمر بن عبدالعزيز", "معاوية بن أبي سفيان", "عبدالملك بن مروان", "هشام بن عبدالملك"],
      "h": "حفيد عمر بن الخطاب من جهة الأم"
    },
    {
      "q": "ما هي المعركة التي انتصر فيها المسلمون على المغول (التتار) وأوقفت زحفهم؟",
      "a": "عين جالوت",
      "o": ["عين جالوت", "حطين", "اليرموك", "القادسية"],
      "h": "بقيادة قطز وبيبرس"
    },
    {
      "q": "من هو القائد المسلم الذي قاد معركة القادسية ضد الفرس؟",
      "a": "سعد بن أبي وقاص",
      "o": ["سعد بن أبي وقاص", "المثنى بن حارثة", "خالد بن الوليد", "النعمان بن مقرن"],
      "h": "خال الرسول ﷺ"
    },
    {
      "q": "من هو مؤسس الدولة الأموية في الأندلس (صقر قريش)؟",
      "a": "عبدالرحمن الداخل",
      "o": ["عبدالرحمن الداخل", "عبدالرحمن الناصر", "الحكم المستنصر", "المنصور بن أبي عامر"],
      "h": "هرب من العباسيين إلى الأندلس"
    },
    {
      "q": "من هو الخليفة العباسي الذي بلغت الدولة في عهده العصر الذهبي؟",
      "a": "هارون الرشيد",
      "o": ["هارون الرشيد", "المأمون", "المعتصم", "أبو العباس السفاح"],
      "h": "خاطب السحابة قائلاً: أمطري حيث شئت"
    },
    {
      "q": "ما هي المعركة الفاصلة بين المسلمين والروم (البيزنطيين) في الشام؟",
      "a": "اليرموك",
      "o": ["اليرموك", "أجنادين", "مؤتة", "ذات السواري"],
      "h": "بقيادة خالد بن الوليد وأبو عبيدة"
    },
    {
      "q": "من هو القائد الذي فتح مصر؟",
      "a": "عمرو بن العاص",
      "o": ["عمرو بن العاص", "عبدالله بن سعد", "عقبة بن نافع", "موسى بن نصير"],
      "h": "داهية العرب"
    },
    {
      "q": "من هو مؤسس الدولة العباسية؟",
      "a": "أبو العباس السفاح",
      "o": ["أبو العباس السفاح", "أبو جعفر المنصور", "هارون الرشيد", "المأمون"],
      "h": "أول خلفاء بني العباس"
    },
    {
      "q": "ما هو الجامع الذي بناه الأمويون في دمشق؟",
      "a": "الجامع الأموي",
      "o": ["الجامع الأموي", "جامع القيروان", "الجامع الأزهر", "جامع قرطبة"],
      "h": "من روائع العمارة الإسلامية"
    },
    {
      "q": "من هو القائد الذي وصل بفتوحاته إلى الصين والهند؟",
      "a": "قتيبة بن مسلم الباهلي",
      "o": ["قتيبة بن مسلم", "محمد بن القاسم", "موسى بن نصير", "عقبة بن نافع"],
      "h": "فتح بلاد ما وراء النهر"
    },
    {
      "q": "من هو القائد الذي فتح بلاد السند (باكستان حالياً)؟",
      "a": "محمد بن القاسم الثقفي",
      "o": ["محمد بن القاسم", "قتيبة بن مسلم", "المهلب بن أبي صفرة", "طارق بن زياد"],
      "h": "كان عمره 17 سنة"
    },
    {
      "q": "من هو السلطان المملوكي الذي قاد المسلمين في عين جالوت؟",
      "a": "سيف الدين قطز",
      "o": ["سيف الدين قطز", "الظاهر بيبرس", "عز الدين أيبك", "قلاوون"],
      "h": "صاح: وا إسلاماه"
    }
  ],
  "hard": [
    {
      "q": "في أي عام سقطت بغداد في يد المغول وانتهت الخلافة العباسية؟",
      "a": "656 هـ (1258 م)",
      "o": ["656 هـ", "583 هـ", "92 هـ", "132 هـ"],
      "h": "دمرها هولاكو"
    },
    {
      "q": "ما هي المعركة التي أوقف فيها شارل مارتل زحف المسلمين في فرنسا (بلاط الشهداء)؟",
      "a": "معركة تور (بواتييه)",
      "o": ["معركة تور", "معركة تولوز", "معركة ليون", "معركة الزلاقة"],
      "h": "استشهد فيها عبدالرحمن الغافقي"
    },
    {
      "q": "من هو القائد المرابطي الذي انتصر في معركة الزلاقة بالأندلس؟",
      "a": "يوسف بن تاشفين",
      "o": ["يوسف بن تاشفين", "يعقوب المنصور", "أبو يوسف يعقوب", "عبدالمومن بن علي"],
      "h": "مؤسس دولة المرابطين"
    },
    {
      "q": "من هو آخر ملوك غرناطة (آخر معاقل المسلمين في الأندلس)؟",
      "a": "أبو عبدالله الصغير",
      "o": ["أبو عبدالله الصغير", "أبو الحسن علي", "يوسف الأول", "محمد بن الأحمر"],
      "h": "بكى كالنساء ملكاً لم يحافظ عليه كالرجال"
    },
    {
      "q": "من هو الخليفة العباسي الذي أمر بترجمة الكتب اليونانية وأسس بيت الحكمة؟",
      "a": "المأمون",
      "o": ["المأمون", "هارون الرشيد", "المعتصم", "الواثق"],
      "h": "ابن هارون الرشيد"
    },
    {
      "q": "ما هي المعركة البحرية التي انتصر فيها المسلمون على الروم في عهد عثمان بن عفان؟",
      "a": "ذات السواري",
      "o": ["ذات السواري", "موقعة الصواري", "معركة قبرص", "فتح رودس"],
      "h": "لكثرة صواري السفن فيها"
    },
    {
      "q": "من هو مؤسس الدولة الفاطمية؟",
      "a": "عبيد الله المهدي",
      "o": ["عبيد الله المهدي", "المعز لدين الله", "الحاكم بأمر الله", "المستنصر بالله"],
      "h": "بدأت في المغرب ثم انتقلت لمصر"
    },
    {
      "q": "من هو القائد السلجوقي الذي انتصر على الروم في معركة ملاذ كرد؟",
      "a": "ألب أرسلان",
      "o": ["ألب أرسلان", "طغرل بك", "ملكشاه", "علاء الدين كيقباد"],
      "h": "فتح أبواب الأناضول للأتراك"
    },
    {
      "q": "ما هو اللقب الذي أطلق على سليمان القانوني في أوروبا؟",
      "a": "سليمان العظيم (Magnificent)",
      "o": ["العظيم", "الفاتح", "السفاح", "الرشيد"],
      "h": "بلغت الدولة العثمانية قمتها في عهده"
    },
    {
      "q": "من هو الخليفة الأموي الذي بنى قبة الصخرة في القدس؟",
      "a": "عبدالملك بن مروان",
      "o": ["عبدالملك بن مروان", "الوليد بن عبدالملك", "معاوية بن أبي سفيان", "يزيد بن معاوية"],
      "h": "مؤسس الدولة الأموية الثاني"
    },
    {
      "q": "في أي عام سقطت غرناطة وانتهى الوجود الإسلامي في الأندلس؟",
      "a": "1492 م",
      "o": ["1492 م", "1453 م", "1258 م", "1099 م"],
      "h": "نفس عام اكتشاف أمريكا"
    },
    {
      "q": "من هو السلطان الذي قضى على الدولة الفاطمية في مصر وأعادها للخلافة العباسية؟",
      "a": "صلاح الدين الأيوبي",
      "o": ["صلاح الدين الأيوبي", "نور الدين زنكي", "أسد الدين شيركوه", "نجم الدين أيوب"],
      "h": "محرر القدس"
    }
  ]
}