{
  "type": "islamic",
  "sub": "prophets",
  "easy": [
    {
      "q": "من هو أبو البشر وأول الأنبياء؟",
      "a": "آدم عليه السلام",
      "o": ["آدم عليه السلام", "نوح عليه السلام", "إبراهيم عليه السلام", "إدريس عليه السلام"],
      "h": "خلقه الله من طين"
    },
    {
      "q": "من هو النبي الذي لقب بـ (خليل الله) وأبو الأنبياء؟",
      "a": "إبراهيم عليه السلام",
      "o": ["إبراهيم عليه السلام", "موسى عليه السلام", "عيسى عليه السلام", "نوح عليه السلام"],
      "h": "بنى الكعبة مع ابنه"
    },
    {
      "q": "من هو النبي الذي كلم الله (كليم الله)؟",
      "a": "موسى عليه السلام",
      "o": ["موسى عليه السلام", "عيسى عليه السلام", "إبراهيم عليه السلام", "محمد ﷺ"],
      "h": "أرسل إلى فرعون"
    },
    {
      "q": "من هو النبي الذي خلقه الله من غير أب، وتكلم في المهد؟",
      "a": "عيسى عليه السلام",
      "o": ["عيسى عليه السلام", "يحيى عليه السلام", "آدم عليه السلام", "صالح عليه السلام"],
      "h": "ابن مريم"
    },
    {
      "q": "من هو النبي الذي التقمه الحوت (ذا النون)؟",
      "a": "يونس عليه السلام",
      "o": ["يونس عليه السلام", "يوسف عليه السلام", "يحيى عليه السلام", "يعقوب عليه السلام"],
      "h": "دعا في الظلمات: لا إله إلا أنت سبحانك"
    },
    {
      "q": "من هو النبي الذي اشتهر بالجمال وسجن ظلماً؟",
      "a": "يوسف عليه السلام",
      "o": ["يوسف عليه السلام", "يحيى عليه السلام", "موسى عليه السلام", "داود عليه السلام"],
      "h": "ابن يعقوب الكريم ابن الكريم"
    },
    {
      "q": "من هو الصحابي الملقب بـ (الصديق)؟",
      "a": "أبو بكر الصديق",
      "o": ["أبو بكر الصديق", "عمر بن الخطاب", "علي بن أبي طالب", "عثمان بن عفان"],
      "h": "صاحب النبي في الغار"
    },
    {
      "q": "من هو النبي الذي بنى السفينة (الفلك) بأمر الله؟",
      "a": "نوح عليه السلام",
      "o": ["نوح عليه السلام", "هود عليه السلام", "صالح عليه السلام", "لوط عليه السلام"],
      "h": "أغرق الله قومه بالطوفان"
    },
    {
      "q": "من هو الصحابي الذي فرق الله به بين الحق والباطل (الفاروق)؟",
      "a": "عمر بن الخطاب",
      "o": ["عمر بن الخطاب", "أبو بكر الصديق", "حمزة بن عبد المطلب", "خالد بن الوليد"],
      "h": "ثاني الخلفاء الراشدين"
    },
    {
      "q": "من هو النبي الذي سخر الله له الجن والريح؟",
      "a": "سليمان عليه السلام",
      "o": ["سليمان عليه السلام", "داود عليه السلام", "زكريا عليه السلام", "صالح عليه السلام"],
      "h": "ابن داود الملك النبي"
    },
    {
      "q": "من هو الصحابي الملقب بـ (ذو النورين)؟",
      "a": "عثمان بن عفان",
      "o": ["عثمان بن عفان", "علي بن أبي طالب", "سعد بن أبي وقاص", "عبدالرحمن بن عوف"],
      "h": "تزوج ابنتي النبي ﷺ"
    },
    {
      "q": "من هو النبي الذي ألان الله له الحديد؟",
      "a": "داود عليه السلام",
      "o": ["داود عليه السلام", "سليمان عليه السلام", "زكريا عليه السلام", "يحيى عليه السلام"],
      "h": "صاحب المزامير"
    },
    {
      "q": "من هو الصحابي الملقب بـ (سيف الله المسلول)؟",
      "a": "خالد بن الوليد",
      "o": ["خالد بن الوليد", "أبو عبيدة بن الجراح", "حمزة بن عبد المطلب", "علي بن أبي طالب"],
      "h": "قائد معركة اليرموك"
    }
  ],
  "medium": [
    {
      "q": "من هو النبي الذي أرسل إلى قوم (عاد)؟",
      "a": "هود عليه السلام",
      "o": ["هود عليه السلام", "صالح عليه السلام", "شعيب عليه السلام", "لوط عليه السلام"],
      "h": "كانوا يسكنون الأحقاف"
    },
    {
      "q": "من هو النبي الذي كانت معجزته (الناقة)؟",
      "a": "صالح عليه السلام",
      "o": ["صالح عليه السلام", "هود عليه السلام", "شعيب عليه السلام", "إسماعيل عليه السلام"],
      "h": "أرسل إلى قوم ثمود"
    },
    {
      "q": "من هو النبي الذي ابتلاه الله بالمرض فصبر (مضرب المثل في الصبر)؟",
      "a": "أيوب عليه السلام",
      "o": ["أيوب عليه السلام", "يعقوب عليه السلام", "يونس عليه السلام", "زكريا عليه السلام"],
      "h": "نادى ربه: أني مسني الضر"
    },
    {
      "q": "من هو خطيب الأنبياء الذي أرسل إلى قوم مدين؟",
      "a": "شعيب عليه السلام",
      "o": ["شعيب عليه السلام", "موسى عليه السلام", "هارون عليه السلام", "لوط عليه السلام"],
      "h": "كان قومه يطففون الميزان"
    },
    {
      "q": "من هو النبي الذي أمره الله بذبح ابنه ففداه الله بذبح عظيم؟",
      "a": "إبراهيم عليه السلام",
      "o": ["إبراهيم عليه السلام", "إسماعيل عليه السلام", "إسحاق عليه السلام", "يعقوب عليه السلام"],
      "h": "والابن هو إسماعيل"
    },
    {
      "q": "من هو الصحابي الملقب بـ (أمين هذه الأمة)؟",
      "a": "أبو عبيدة بن الجراح",
      "o": ["أبو عبيدة بن الجراح", "مصعب بن عمير", "سعد بن معاذ", "سالم مولى أبي حذيفة"],
      "h": "فاتح الشام"
    },
    {
      "q": "من هو النبي الذي كفل مريم عليها السلام؟",
      "a": "زكريا عليه السلام",
      "o": ["زكريا عليه السلام", "يحيى عليه السلام", "عيسى عليه السلام", "عمران"],
      "h": "رزقه الله الولد على كبر"
    },
    {
      "q": "من هو النبي الذي لم يمت، ورفعه الله إليه؟",
      "a": "عيسى عليه السلام",
      "o": ["عيسى عليه السلام", "إدريس عليه السلام", "إلياس عليه السلام", "يحيى عليه السلام"],
      "h": "سينزل في آخر الزمان"
    },
    {
      "q": "من هو الصحابي الذي نزلت الملائكة لتغسيله (غسيل الملائكة)؟",
      "a": "حنظلة بن أبي عامر",
      "o": ["حنظلة بن أبي عامر", "خبيب بن عدي", "مصعب بن عمير", "جعفر بن أبي طالب"],
      "h": "استشهد في أحد وهو جنب"
    },
    {
      "q": "من هو النبي الملقب بـ (إسرائيل)؟",
      "a": "يعقوب عليه السلام",
      "o": ["يعقوب عليه السلام", "إسحاق عليه السلام", "يوسف عليه السلام", "داود عليه السلام"],
      "h": "والد يوسف وإخوته"
    },
    {
      "q": "من هو الصحابي الذي أشار بحفر الخندق؟",
      "a": "سلمان الفارسي",
      "o": ["سلمان الفارسي", "المقداد بن عمرو", "عمار بن ياسر", "حذيفة بن اليمان"],
      "h": "باحث عن الحقيقة من بلاد فارس"
    },
    {
      "q": "من هو النبي الذي كان يعمل نجاراً؟",
      "a": "زكريا عليه السلام",
      "o": ["زكريا عليه السلام", "داود عليه السلام", "نوح عليه السلام", "إدريس عليه السلام"],
      "h": "كان يأكل من عمل يده"
    },
    {
      "q": "من هي الصحابية الملقبة بـ (ذات النطاقين)؟",
      "a": "أسماء بنت أبي بكر",
      "o": ["أسماء بنت أبي بكر", "عائشة بنت أبي بكر", "فاطمة بنت محمد", "نسيبة بنت كعب"],
      "h": "شقت نطاقها لتحمل الطعام للنبي في الهجرة"
    },
    {
      "q": "من هو النبي الذي كان وزيراً وأخاً لموسى عليه السلام؟",
      "a": "هارون عليه السلام",
      "o": ["هارون عليه السلام", "يوشع بن نون", "شعيب عليه السلام", "يوسف عليه السلام"],
      "h": "هو أفصح مني لساناً"
    }
  ],
  "hard": [
    {
      "q": "من هو النبي الذي رفعه الله مكاناً علياً (أول من خط بالقلم)؟",
      "a": "إدريس عليه السلام",
      "o": ["إدريس عليه السلام", "إلياس عليه السلام", "شيث عليه السلام", "نوح عليه السلام"],
      "h": "جاء بعد آدم وشيث"
    },
    {
      "q": "من هو النبي الذي يفر من زوجته يوم القيامة (صاحبة)؟ (في سورة عبس: وصاحبته وبنيه - المقصود الإنسان عامة، لكن من هو النبي الذي كانت زوجته كافرة؟)",
      "a": "لوط عليه السلام (ونوح أيضاً)",
      "o": ["لوط عليه السلام", "إبراهيم عليه السلام", "موسى عليه السلام", "أيوب عليه السلام"],
      "h": "ضرب الله مثلاً للذين كفروا امرأة نوح وامرأة..."
    },
    {
      "q": "من هو الصحابي الذي لقب بـ (الشهيد الحي)؟",
      "a": "طلحة بن عبيد الله",
      "o": ["طلحة بن عبيد الله", "الزبير بن العوام", "سعد بن أبي وقاص", "سعيد بن زيد"],
      "h": "وقى النبي بيده يوم أحد فشلت"
    },
    {
      "q": "من هو النبي الذي قتل جالوت؟",
      "a": "داود عليه السلام",
      "o": ["داود عليه السلام", "سليمان عليه السلام", "طالوت", "يوشع بن نون"],
      "h": "وقتل داود جالوت وآتاه الله الملك"
    },
    {
      "q": "من هو الصحابي الذي كان يشبه النبي ﷺ في الخَلق والخُلق؟ (من آل البيت)",
      "a": "الحسن بن علي",
      "o": ["الحسن بن علي", "جعفر بن أبي طالب", "الفضل بن العباس", "عبدالله بن جعفر"],
      "h": "سبط رسول الله وسيد شباب أهل الجنة"
    },
    {
      "q": "من هو النبي الذي بعث لأهل (بعلبك) وكانوا يعبدون صنماً اسمه (بعل)؟",
      "a": "إلياس عليه السلام",
      "o": ["إلياس عليه السلام", "اليسع عليه السلام", "ذو الكفل عليه السلام", "يونس عليه السلام"],
      "h": "أتدعون بعلاً وتذرون أحسن الخالقين"
    },
    {
      "q": "من هو النبي الملقب بـ (ذو الكفل)؟",
      "a": "ذو الكفل عليه السلام",
      "o": ["ذو الكفل عليه السلام", "اليسع عليه السلام", "عزير", "يوشع"],
      "h": "من الصابرين"
    },
    {
      "q": "من هو الصحابي الذي اهتز لموته عرش الرحمن؟",
      "a": "سعد بن معاذ",
      "o": ["سعد بن معاذ", "سعد بن عبادة", "حمزة بن عبد المطلب", "مصعب بن عمير"],
      "h": "سيد الأوس"
    },
    {
      "q": "من هو النبي الذي حبست له الشمس؟",
      "a": "يوشع بن نون",
      "o": ["يوشع بن نون", "موسى عليه السلام", "هارون عليه السلام", "داود عليه السلام"],
      "h": "فتا موسى عليه السلام"
    },
    {
      "q": "من هو حواري رسول الله ﷺ؟",
      "a": "الزبير بن العوام",
      "o": ["الزبير بن العوام", "طلحة بن عبيد الله", "سعد بن أبي وقاص", "علي بن أبي طالب"],
      "h": "ابن عمة النبي (صفية)"
    },
    {
      "q": "من هو النبي الذي صام عن الكلام ثلاثة أيام (آيته)؟",
      "a": "زكريا عليه السلام",
      "o": ["زكريا عليه السلام", "يحيى عليه السلام", "عيسى عليه السلام", "أيوب عليه السلام"],
      "h": "آيتك ألا تكلم الناس ثلاثة أيام إلا رمزاً"
    },
    {
      "q": "من هو الصحابي الوحيد الذي ذكر اسمه في القرآن؟",
      "a": "زيد بن حارثة",
      "o": ["زيد بن حارثة", "أبو بكر الصديق", "عمر بن الخطاب", "علي بن أبي طالب"],
      "h": "فلما قضى زيد منها وطراً"
    },
    {
      "q": "من هو النبي الذي دعا ربه (رب لا تذرني فرداً وأنت خير الوارثين)؟",
      "a": "زكريا عليه السلام",
      "o": ["زكريا عليه السلام", "إبراهيم عليه السلام", "أيوب عليه السلام", "نوح عليه السلام"],
      "h": "طلب الولد"
    },
    {
      "q": "من هو قائد جيش المسلمين الذي استشهد في مؤتة وقطعت يداه؟",
      "a": "جعفر بن أبي طالب",
      "o": ["جعفر بن أبي طالب", "زيد بن حارثة", "عبدالله بن رواحة", "خالد بن الوليد"],
      "h": "أبدله الله جناحين يطير بهما في الجنة"
    }
  ]
}