{
  "type": "islamic",
  "sub": "quran",
  "easy": [
    {
      "q": "كم عدد سور القرآن الكريم؟",
      "a": "114 سورة",
      "o": ["114 سورة", "110 سور", "120 سورة", "113 سورة"],
      "h": "تبدأ بالفاتحة وتنتهي بالناس"
    },
    {
      "q": "ما هي أطول سورة في القرآن الكريم؟",
      "a": "سورة البقرة",
      "o": ["سورة البقرة", "سورة آل عمران", "سورة النساء", "سورة المائدة"],
      "h": "سنام القرآن"
    },
    {
      "q": "ما هي السورة التي تعدل ثلث القرآن (في الأجر)؟",
      "a": "سورة الإخلاص",
      "o": ["سورة الإخلاص", "سورة الفلق", "سورة الناس", "سورة الكافرون"],
      "h": "قل هو الله أحد"
    },
    {
      "q": "أين نزل الوحي أول مرة على النبي ﷺ؟",
      "a": "غار حراء",
      "o": ["غار حراء", "غار ثور", "بيت المقدس", "المدينة المنورة"],
      "h": "في جبل النور"
    },
    {
      "q": "ما هي السورة التي تسمى 'أم الكتاب'؟",
      "a": "سورة الفاتحة",
      "o": ["سورة الفاتحة", "سورة البقرة", "سورة يس", "سورة الرحمن"],
      "h": "نقرؤها في كل ركعة"
    },
    {
      "q": "ما هي أقصر سورة في القرآن الكريم؟",
      "a": "سورة الكوثر",
      "o": ["سورة الكوثر", "سورة العصر", "سورة الإخلاص", "سورة النصر"],
      "h": "إنا أعطيناك..."
    },
    {
      "q": "ما هو الاسم الآخر لسورة 'غافر'؟",
      "a": "المؤمن",
      "o": ["المؤمن", "التوبة", "فصلت", "الزمر"],
      "h": "ذكر فيها قصة مؤمن آل فرعون"
    },
    {
      "q": "كم عدد أجزاء القرآن الكريم؟",
      "a": "30 جزءاً",
      "o": ["30 جزءاً", "60 جزءاً", "20 جزءاً", "114 جزءاً"],
      "h": "كل جزء حزبين"
    },
    {
      "q": "آية الكرسي توجد في أي سورة؟",
      "a": "سورة البقرة",
      "o": ["سورة البقرة", "سورة آل عمران", "سورة النساء", "سورة يس"],
      "h": "أعظم آية في كتاب الله"
    },
    {
      "q": "ما هي السورة التي سميت باسم فاكهة؟",
      "a": "سورة التين",
      "o": ["سورة التين", "سورة الزيتون", "سورة الرمان", "سورة العنب"],
      "h": "والتين والزيتون"
    },
    {
      "q": "ما هي 'المعوذتان'؟",
      "a": "الفلق والناس",
      "o": ["الفلق والناس", "الإخلاص والفلق", "الناس والكافرون", "الفاتحة والبقرة"],
      "h": "يستعيذ بهما المسلم"
    },
    {
      "q": "من هو النبي الذي أنزل عليه القرآن؟",
      "a": "محمد ﷺ",
      "o": ["محمد ﷺ", "عيسى عليه السلام", "موسى عليه السلام", "إبراهيم عليه السلام"],
      "h": "خاتم الأنبياء"
    },
    {
      "q": "بأي لغة نزل القرآن الكريم؟",
      "a": "اللغة العربية",
      "o": ["اللغة العربية", "اللغة السريانية", "اللغة العبرية", "اللغة الفارسية"],
      "h": "بلسان عربي مبين"
    },
    {
      "q": "ما معنى كلمة 'القرآن' لغةً؟",
      "a": "الجمع والقراءة",
      "o": ["الجمع والقراءة", "الكتابة", "الوحي", "النور"],
      "h": "من قرأ الشيء أي تلاه"
    }
  ],
  "medium": [
    {
      "q": "ما هي السورة التي تخلو من البسملة (بسم الله الرحمن الرحيم) في بدايتها؟",
      "a": "سورة التوبة",
      "o": ["سورة التوبة", "سورة الأنفال", "سورة محمد", "سورة الأحزاب"],
      "h": "نزلت بالسيف وفضح المنافقين"
    },
    {
      "q": "ما هي السورة التي تحتوي على بسملتين (بسم الله الرحمن الرحيم)؟",
      "a": "سورة النمل",
      "o": ["سورة النمل", "سورة النحل", "سورة العنكبوت", "سورة القصص"],
      "h": "إنه من سليمان وإنه بسم الله..."
    },
    {
      "q": "من هو الصحابي الوحيد الذي ذكر اسمه صراحة في القرآن؟",
      "a": "زيد بن حارثة",
      "o": ["زيد بن حارثة", "أبو بكر الصديق", "عمر بن الخطاب", "علي بن أبي طالب"],
      "h": "في سورة الأحزاب: فلما قضى زيد منها وطراً"
    },
    {
      "q": "ما هي السورة التي تسمى 'عروس القرآن'؟",
      "a": "سورة الرحمن",
      "o": ["سورة الرحمن", "سورة يس", "سورة الواقعة", "سورة الملك"],
      "h": "تكرر فيها: فبأي آلاء ربكما تكذبان"
    },
    {
      "q": "ما هي السورة التي كانت سبباً في إسلام عمر بن الخطاب رضي الله عنه؟",
      "a": "سورة طه",
      "o": ["سورة طه", "سورة يس", "سورة الحديد", "سورة مريم"],
      "h": "ما أنزلنا عليك القرآن لتشقى"
    },
    {
      "q": "كم سنة استغرق نزول القرآن الكريم (تقريباً)؟",
      "a": "23 سنة",
      "o": ["23 سنة", "20 سنة", "25 سنة", "40 سنة"],
      "h": "13 في مكة و 10 في المدينة"
    },
    {
      "q": "ما هي أطول آية في القرآن الكريم؟",
      "a": "آية الدين",
      "o": ["آية الدين", "آية الكرسي", "آية النور", "آية المداينة"],
      "h": "في سورة البقرة، تتحدث عن كتابة الديون"
    },
    {
      "q": "ما هي السورة التي ذكرت فيها البسملة في أولها، ولكن ليست آية منها (عند بعض القراء)؟",
      "a": "الفاتحة",
      "o": ["الفاتحة", "البقرة", "آل عمران", "النساء"],
      "h": "خلاف بين العلماء هل هي آية رقم 1 أم لا"
    },
    {
      "q": "ما هي السورة التي تسمى 'بني إسرائيل'؟",
      "a": "سورة الإسراء",
      "o": ["سورة الإسراء", "سورة البقرة", "سورة طه", "سورة القصص"],
      "h": "سبحان الذي أسرى بعبده"
    },
    {
      "q": "في أي سورة ذكرت قصة أصحاب الكهف؟",
      "a": "سورة الكهف",
      "o": ["سورة الكهف", "سورة مريم", "سورة الأنبياء", "سورة القصص"],
      "h": "تقرأ يوم الجمعة"
    },
    {
      "q": "ما هي السورة التي تنتهي آياتها بحرف السين؟",
      "a": "سورة الناس",
      "o": ["سورة الناس", "سورة الفلق", "سورة الإخلاص", "سورة المسد"],
      "h": "ملك الناس، إله الناس"
    },
    {
      "q": "ما المقصود بـ 'السبع المثاني'؟",
      "a": "سورة الفاتحة",
      "o": ["سورة الفاتحة", "السور الطوال", "المعوذتان", "الصلوات الخمس"],
      "h": "لأنها تثنى (تكرر) في الصلاة"
    },
    {
      "q": "ما هي السورة التي ذكر فيها اسم 'الله' في كل آية من آياتها؟",
      "a": "سورة المجادلة",
      "o": ["سورة المجادلة", "سورة الملك", "سورة الحشر", "سورة الإخلاص"],
      "h": "قد سمع الله قول التي تجادلك"
    },
    {
      "q": "ما هي السورة التي تسمى 'النساء الصغرى'؟",
      "a": "سورة الطلاق",
      "o": ["سورة الطلاق", "سورة التحريم", "سورة المجادلة", "سورة الممتحنة"],
      "h": "لأنها تتحدث عن أحكام النساء أيضاً"
    },
    {
      "q": "كم عدد السجدات (مواضع السجود) في القرآن الكريم؟",
      "a": "15 سجدة (على المشهور)",
      "o": ["15 سجدة", "10 سجدات", "7 سجدات", "20 سجدة"],
      "h": "منها في الأعراف والرعد والنحل..."
    }
  ],
  "hard": [
    {
      "q": "ما هي السورة التي يطلق عليها 'قلب القرآن' (في بعض الآثار)؟",
      "a": "سورة يس",
      "o": ["سورة يس", "سورة الرحمن", "سورة الواقعة", "سورة الملك"],
      "h": "اقرؤوها على موتاكم (حديث)"
    },
    {
      "q": "ما هي الكلمة التي تقع في منتصف القرآن الكريم تماماً (في سورة الكهف)؟",
      "a": "وليَتَلَطَّفْ",
      "o": ["وليَتَلَطَّفْ", "نُكراً", "كهفاً", "رشداً"],
      "h": "في قصة أصحاب الكهف عند شراء الطعام"
    },
    {
      "q": "من هو النبي الذي ذكر اسمه في القرآن أكثر من غيره (25 مرة)؟",
      "a": "موسى عليه السلام",
      "o": ["موسى عليه السلام", "إبراهيم عليه السلام", "عيسى عليه السلام", "نوح عليه السلام"],
      "h": "كليم الله"
    },
    {
      "q": "ما هي السورة التي ذكرت فيها غزوة حنين؟",
      "a": "سورة التوبة",
      "o": ["سورة التوبة", "سورة الأنفال", "سورة الفتح", "سورة الأحزاب"],
      "h": "ويوم حنين إذ أعجبتكم كثرتكم"
    },
    {
      "q": "ما هي السورة التي تسمى 'الفاضحة' (لأنها فضحت المنافقين)؟",
      "a": "سورة التوبة",
      "o": ["سورة التوبة", "سورة المنافقون", "سورة الأحزاب", "سورة محمد"],
      "h": "تسمى أيضاً براءة"
    },
    {
      "q": "ما هي السورة التي ذكرت فيها البسملة (بسم الله) في آية: 'اركبوا فيها بسم الله مجراها'؟",
      "a": "سورة هود",
      "o": ["سورة هود", "سورة نوح", "سورة يونس", "سورة المؤمنون"],
      "h": "في قصة الطوفان"
    },
    {
      "q": "ما هي الحشرة التي تكلمت في القرآن؟",
      "a": "النملة",
      "o": ["النملة", "النحلة", "العنكبوت", "الجرادة"],
      "h": "يا أيها النمل ادخلوا مساكنكم"
    },
    {
      "q": "ما هي السورة التي بدأت بلفظ 'سورة'؟",
      "a": "سورة النور",
      "o": ["سورة النور", "سورة الحج", "سورة الفرقان", "سورة المؤمنون"],
      "h": "سورة أنزلناها وفرضناها"
    },
    {
      "q": "في أي سورة ذكرت قصة 'هاروت وماروت'؟",
      "a": "سورة البقرة",
      "o": ["سورة البقرة", "سورة الأعراف", "سورة الأنعام", "سورة المائدة"],
      "h": "وما أنزل على الملكين ببابل"
    },
    {
      "q": "ما هي السورة التي ذكر فيها 'البعوضة'؟",
      "a": "سورة البقرة",
      "o": ["سورة البقرة", "سورة العنكبوت", "سورة النحل", "سورة الحج"],
      "h": "إن الله لا يستحيي أن يضرب مثلاً ما بعوضة"
    },
    {
      "q": "ما هي السورة التي تسمى 'سورة النعم' لكثرة ما عدد الله فيها من نعمه؟",
      "a": "سورة النحل",
      "o": ["سورة النحل", "سورة إبراهيم", "سورة الرحمن", "سورة الأنعام"],
      "h": "وإن تعدوا نعمة الله لا تحصوها"
    },
    {
      "q": "من هي المرأة التي أوحى الله إليها في القرآن (وحي إلهام)؟",
      "a": "أم موسى",
      "o": ["أم موسى", "مريم ابنة عمران", "آسية امرأة فرعون", "هاجر"],
      "h": "وأوحينا إلى أم موسى أن أرضعيه"
    },
    {
      "q": "ما هي السورة التي ذكرت فيها قصة 'ذي القرنين'؟",
      "a": "سورة الكهف",
      "o": ["سورة الكهف", "سورة الأنبياء", "سورة القصص", "سورة ص"],
      "h": "ويسألونك عن ذي القرنين"
    },
    {
      "q": "ما هي أقصر آية في القرآن الكريم (كلمة واحدة) في غير الفواتح؟",
      "a": "مدهامتان",
      "o": ["مدهامتان", "والضحى", "يس", "الرحمن"],
      "h": "في سورة الرحمن"
    },
    {
      "q": "ما هي السورة التي بدأت بالحمد وانتهت بالحمد؟ (تصحيح: لا توجد سورة تنتهي بالحمد، السؤال: سورة بدأت بالحمد؟)",
      "a": "سؤال معدل: سورة بدأت وانتهت بالتسبيح؟ الحشر",
      "o": ["الحشر", "الجمعة", "الصف", "الأعلى"],
      "h": "سبح لله... وهو العزيز الحكيم (نهايتها: والله هو الغني الحميد - خطأ). السؤال الأدق: السورة التي ختمت بـ (واعبد ربك حتى يأتيك اليقين)؟ الحجر.",
      "q_new": "ما هي السورة التي ختمت بأمر للنبي ﷺ بالعبادة حتى الموت (اليقين)؟",
      "a_new": "سورة الحجر",
      "o_new": ["سورة الحجر", "سورة النحل", "سورة هود", "سورة إبراهيم"]
    }
  ]
}