{
  "type": "islamic",
  "sub": "fiqh",
  "easy": {
    "أ": [
      {
        "q": "ما بني عليه الإسلام (الشهادتان، الصلاة...)؟ (يبدأ بحرف الألف)",
        "a": "أركان",
        "o": ["أركان", "أذان", "أيمان", "أحكام"],
        "h": "خمسة"
      },
      {
        "q": "النداء للصلاة عند دخول الوقت؟ (يبدأ بحرف الألف)",
        "a": "أذان",
        "o": ["أذان", "أركان", "أذكار", "إقامة"],
        "h": "الله أكبر الله أكبر"
      }
    ],
    "ب": [
      {
        "q": "قول (بسم الله الرحمن الرحيم)؟ (يبدأ بحرف الباء)",
        "a": "بسملة",
        "o": ["بسملة", "بدعة", "بركة", "باطل"],
        "h": "بداية السور"
      },
      {
        "q": "كل أمر محدث في الدين ليس له دليل؟ (يبدأ بحرف الباء)",
        "a": "بدعة",
        "o": ["بدعة", "بسملة", "باطل", "برهان"],
        "h": "وكل ضلالة في النار"
      }
    ],
    "ت": [
      {
        "q": "الطهارة بالتراب عند فقد الماء؟ (يبدأ بحرف التاء)",
        "a": "تيمم",
        "o": ["تيمم", "توبة", "تسبيح", "تشهد"],
        "h": "ضربتان على الصعيد الطيب"
      },
      {
        "q": "الرجوع عن الذنب والعزم على عدم العودة إليه؟ (يبدأ بحرف التاء)",
        "a": "توبة",
        "o": ["توبة", "تيمم", "تقوى", "توحيد"],
        "h": "بابها مفتوح"
      }
    ],
    "ث": [
      {
        "q": "ما يرتديه المحرم (الرجل) في الحج والعمرة؟ (يبدأ بحرف الثاء)",
        "a": "ثوب (الإحرام)",
        "o": ["ثوب", "ثواب", "ثمن", "ثقة"],
        "h": "إزار ورداء"
      },
      {
        "q": "الأجر الذي يعطيه الله على الطاعة؟ (يبدأ بحرف الثاء)",
        "a": "ثواب",
        "o": ["ثواب", "ثوب", "ثمن", "ثناء"],
        "h": "عكس العقاب"
      }
    ],
    "ج": [
      {
        "q": "صلاة يؤديها المسلمون خلف إمام واحد؟ (يبدأ بحرف الجيم)",
        "a": "جماعة",
        "o": ["جماعة", "جمعة", "جنازة", "جهاد"],
        "h": "تفضل صلاة الفذ بـ 27 درجة"
      },
      {
        "q": "صلاة أسبوعية لها خطبة؟ (يبدأ بحرف الجيم)",
        "a": "جمعة",
        "o": ["جمعة", "جماعة", "جنازة", "جلوس"],
        "h": "عيد الأسبوع"
      }
    ],
    "ح": [
      {
        "q": "الركن الخامس من أركان الإسلام؟ (يبدأ بحرف الحاء)",
        "a": "حج",
        "o": ["حج", "حلال", "حرام", "حدود"],
        "h": "قصد بيت الله الحرام"
      },
      {
        "q": "ما أباحه الشرع ولم يمنعه؟ (يبدأ بحرف الحاء)",
        "a": "حلال",
        "o": ["حلال", "حرام", "حج", "حق"],
        "h": "عكس الحرام"
      }
    ],
    "خ": [
      {
        "q": "الكلام الذي يلقيه الإمام يوم الجمعة؟ (يبدأ بحرف الخاء)",
        "a": "خطبة",
        "o": ["خطبة", "خوف", "خشوع", "خير"],
        "h": "قبل الصلاة"
      },
      {
        "q": "حضور القلب وسكون الجوارح في الصلاة؟ (يبدأ بحرف الخاء)",
        "a": "خشوع",
        "o": ["خشوع", "خطبة", "خوف", "خطأ"],
        "h": "روح الصلاة"
      }
    ],
    "د": [
      {
        "q": "طلب الحاجة من الله؟ (يبدأ بحرف الدال)",
        "a": "دعاء",
        "o": ["دعاء", "دين", "دليل", "دنيا"],
        "h": "هو العبادة"
      },
      {
        "q": "المنهج الذي شرعه الله لعباده؟ (يبدأ بحرف الدال)",
        "a": "دين",
        "o": ["دين", "دعاء", "دليل", "درس"],
        "h": "الإسلام"
      }
    ],
    "ذ": [
      {
        "q": "ترديد أسماء الله وصفاته (تسبيح، تهليل)؟ (يبدأ بحرف الذال)",
        "a": "ذكر",
        "o": ["ذكر", "ذنب", "ذبح", "ذهب"],
        "h": "ألا بذكر الله تطمئن القلوب"
      },
      {
        "q": "المعصية ومخالفة أمر الله؟ (يبدأ بحرف الذال)",
        "a": "ذنب",
        "o": ["ذنب", "ذكر", "ذل", "ذمة"],
        "h": "يحتاج لتوبة"
      }
    ],
    "ر": [
      {
        "q": "شهر الصيام؟ (يبدأ بحرف الراء)",
        "a": "رمضان",
        "o": ["رمضان", "رجب", "ركوع", "ربيع"],
        "h": "أنزل فيه القرآن"
      },
      {
        "q": "الانحناء في الصلاة تعظيماً لله؟ (يبدأ بحرف الراء)",
        "a": "ركوع",
        "o": ["ركوع", "رمضان", "ركعة", "روح"],
        "h": "سبحان ربي العظيم"
      }
    ],
    "ز": [
      {
        "q": "الركن الثالث (حق المال)؟ (يبدأ بحرف الزاي)",
        "a": "زكاة",
        "o": ["زكاة", "زواج", "زنا", "زهد"],
        "h": "تطهر المال"
      },
      {
        "q": "الارتباط الشرعي بين الرجل والمرأة؟ (يبدأ بحرف الزاي)",
        "a": "زواج",
        "o": ["زواج", "زكاة", "زينة", "زاد"],
        "h": "نكاح"
      }
    ],
    "س": [
      {
        "q": "وضع الجبهة على الأرض تعظيماً لله؟ (يبدأ بحرف السين)",
        "a": "سجود",
        "o": ["سجود", "سنة", "سلام", "سواك"],
        "h": "أقرب ما يكون العبد من ربه"
      },
      {
        "q": "ما ثبت عن النبي من قول أو فعل (غير الفرض)؟ (يبدأ بحرف السين)",
        "a": "سنة",
        "o": ["سنة", "سجود", "سحر", "سفر"],
        "h": "يثاب فاعلها ولا يعاقب تاركها"
      }
    ],
    "ش": [
      {
        "q": "الركن الأول (قول لا إله إلا الله...)؟ (يبدأ بحرف الشين)",
        "a": "شهادة",
        "o": ["شهادة", "شرك", "شريعة", "شكر"],
        "h": "مفتاح الإسلام"
      },
      {
        "q": "صرف العبادة لغير الله (أعظم الذنوب)؟ (يبدأ بحرف الشين)",
        "a": "شرك",
        "o": ["شرك", "شهادة", "شريعة", "شيطان"],
        "h": "لا يغفره الله"
      }
    ],
    "ص": [
      {
        "q": "الركن الثاني (عبادة ذات أقوال وأفعال)؟ (يبدأ بحرف الصاد)",
        "a": "صلاة",
        "o": ["صلاة", "صوم", "صدقة", "صبر"],
        "h": "عمود الدين"
      },
      {
        "q": "الإمساك عن المفطرات؟ (يبدأ بحرف الصاد)",
        "a": "صوم",
        "o": ["صوم", "صلاة", "صدقة", "صدق"],
        "h": "الركن الرابع"
      }
    ],
    "ض": [
      {
        "q": "صلاة نافلة تصلى بعد ارتفاع الشمس؟ (يبدأ بحرف الضاد)",
        "a": "ضحى",
        "o": ["ضحى", "ضوء", "ضمان", "ضالة"],
        "h": "صلاة الأوابين"
      },
      {
        "q": "حالة تبيح فعل المحظور (الضرورات تبيح...)؟ (يبدأ بحرف الضاد)",
        "a": "ضرورة",
        "o": ["ضرورة", "ضحى", "ضمان", "ضرر"],
        "h": "أكل الميتة للمضطر"
      }
    ],
    "ط": [
      {
        "q": "الدوران حول الكعبة؟ (يبدأ بحرف الطاء)",
        "a": "طواف",
        "o": ["طواف", "طهارة", "طلاق", "طاعة"],
        "h": "7 أشواط"
      },
      {
        "q": "النظافة ورفع الحدث؟ (يبدأ بحرف الطاء)",
        "a": "طهارة",
        "o": ["طهارة", "طواف", "طلاق", "طيب"],
        "h": "شرط للصلاة"
      }
    ],
    "ظ": [
      {
        "q": "صلاة الفريضة في منتصف النهار؟ (يبدأ بحرف الظاء)",
        "a": "ظهر",
        "o": ["ظهر", "ظهار", "ظلم", "ظن"],
        "h": "4 ركعات"
      },
      {
        "q": "نوع من الطلاق يقول فيه الرجل (أنت علي كظهر أمي)؟ (يبدأ بحرف الظاء)",
        "a": "ظهار",
        "o": ["ظهار", "ظهر", "ظلم", "ظلة"],
        "h": "حرام وكفارته مغلظة"
      }
    ],
    "ع": [
      {
        "q": "صلاة الفريضة بعد الظهر؟ (يبدأ بحرف العين)",
        "a": "عصر",
        "o": ["عصر", "عشاء", "عيد", "عمرة"],
        "h": "الصلاة الوسطى"
      },
      {
        "q": "زيارة البيت الحرام في غير وقت الحج؟ (يبدأ بحرف العين)",
        "a": "عمرة",
        "o": ["عمرة", "عيد", "عصر", "عقيدة"],
        "h": "الحج الأصغر"
      }
    ],
    "غ": [
      {
        "q": "تعميم البدن بالماء (لرفع الجنابة)؟ (يبدأ بحرف الغين)",
        "a": "غسل",
        "o": ["غسل", "غيبة", "غصب", "غرامة"],
        "h": "طهارة كبرى"
      },
      {
        "q": "ذكر المسلم أخاه بما يكره في غيبته؟ (يبدأ بحرف الغين)",
        "a": "غيبة",
        "o": ["غيبة", "غسل", "غش", "غل"],
        "h": "كأكل لحم الميت"
      }
    ],
    "ف": [
      {
        "q": "صلاة الصبح؟ (يبدأ بحرف الفاء)",
        "a": "فجر",
        "o": ["فجر", "فرض", "فقه", "فطر"],
        "h": "ركعتان"
      },
      {
        "q": "ما طلب الشرع فعله على سبيل الإلزام؟ (يبدأ بحرف الفاء)",
        "a": "فرض",
        "o": ["فرض", "فجر", "فقه", "فدية"],
        "h": "مثل الصلاة والزكاة"
      }
    ],
    "ق": [
      {
        "q": "الاتجاه الذي نتوجه إليه في الصلاة؟ (يبدأ بحرف القاف)",
        "a": "قبلة",
        "o": ["قبلة", "قيام", "قنوت", "قضاء"],
        "h": "الكعبة"
      },
      {
        "q": "الوقوف في الصلاة؟ (يبدأ بحرف القاف)",
        "a": "قيام",
        "o": ["قيام", "قبلة", "قراءة", "قصر"],
        "h": "ركن مع القدرة"
      }
    ],
    "ك": [
      {
        "q": "بيت الله الحرام؟ (يبدأ بحرف الكاف)",
        "a": "كعبة",
        "o": ["كعبة", "كفارة", "كفر", "كبيرة"],
        "h": "قبلة المسلمين"
      },
      {
        "q": "ما يخرج به المسلم من المال تكفيراً ليمين أو ذنب؟ (يبدأ بحرف الكاف)",
        "a": "كفارة",
        "o": ["كفارة", "كعبة", "كبيرة", "كراهة"],
        "h": "مثل إطعام المساكين"
      }
    ],
    "ل": [
      {
        "q": "أفضل ليلة في السنة؟ (تبدأ بحرف اللام)",
        "a": "ليلة القدر",
        "o": ["ليلة القدر", "ليلة العيد", "لعان", "لغو"],
        "h": "في العشر الأواخر"
      }
    ],
    "م": [
      {
        "q": "مكان الصلاة؟ (يبدأ بحرف الميم)",
        "a": "مسجد",
        "o": ["مسجد", "مغرب", "مكروه", "مباح"],
        "h": "بيت الله"
      },
      {
        "q": "صلاة الفريضة عند غروب الشمس؟ (يبدأ بحرف الميم)",
        "a": "مغرب",
        "o": ["مغرب", "مسجد", "مزدلفة", "منى"],
        "h": "3 ركعات"
      }
    ]
  },
  "medium": {
    "أ": [
      {
        "q": "صلاة النوافل التي يرجع فيها العبد إلى ربه (الضحى)؟ (يبدأ بحرف الألف)",
        "a": "أوابين",
        "o": ["أوابين", "أذكار", "أركان", "أيمان"],
        "h": "حين ترمض الفصال"
      }
    ],
    "و": [
      {
        "q": "صلاة تختم بها صلاة الليل (فردية الركعات)؟ (يبدأ بحرف الواو)",
        "a": "وتر",
        "o": ["وتر", "واجب", "وضوء", "وقف"],
        "h": "أقلها ركعة"
      }
    ]
  }
}