{
  "type": "islamic",
  "sub": "hadith",
  "easy": {
    "أ": [
      {
        "q": "أول الخلفاء الراشدين ورفيق النبي في الهجرة؟ (يبدأ بحرف الألف)",
        "a": "أبو بكر الصديق",
        "o": ["أبو بكر الصديق", "أبو هريرة", "أبو طالب", "أبو ذر الغفاري"],
        "h": "ثاني اثنين إذ هما في الغار"
      },
      {
        "q": "اسم والدة النبي محمد ﷺ؟ (يبدأ بحرف الألف)",
        "a": "آمنة بنت وهب",
        "o": ["آمنة بنت وهب", "أسماء بنت عميس", "أميمة بنت عبدالمطلب", "أروى بنت كريز"],
        "h": "توفيت بالأبواء"
      }
    ],
    "ب": [
      {
        "q": "أول مؤذن في الإسلام؟ (يبدأ بحرف الباء)",
        "a": "بلال بن رباح",
        "o": ["بلال بن رباح", "براء بن عازب", "بريدة الأسلمي", "بشير بن سعد"],
        "h": "كان يعذب في رمضاء مكة"
      },
      {
        "q": "الدابة التي ركبها النبي ليلة الإسراء والمعراج؟ (تبدأ بحرف الباء)",
        "a": "براق",
        "o": ["براق", "بغلة", "بعير", "باز"],
        "h": "دابة أبيض طويل فوق الحمار ودون البغل"
      }
    ],
    "ت": [
      {
        "q": "آخر غزوة غزاها النبي ﷺ بنفسه (غزوة العسرة)؟ (تبدأ بحرف التاء)",
        "a": "تبوك",
        "o": ["تبوك", "تستر", "تدمر", "تيماء"],
        "h": "كانت في حر شديد ضد الروم"
      }
    ],
    "ث": [
      {
        "q": "الغار الذي اختبأ فيه النبي وصاحبه أثناء الهجرة؟ (يبدأ بحرف الثاء)",
        "a": "ثور",
        "o": ["ثور", "ثبير", "ثهلان", "ثقيف"],
        "h": "مكثوا فيه ثلاث ليال"
      }
    ],
    "ج": [
      {
        "q": "صحابي وشهيد، ابن عم النبي، لقب بـ (الطيار)؟ (يبدأ بحرف الجيم)",
        "a": "جعفر بن أبي طالب",
        "o": ["جعفر بن أبي طالب", "جابر بن عبدالله", "جرير بن عبدالله", "جبير بن مطعم"],
        "h": "استشهد في مؤتة وأبدله الله جناحين"
      }
    ],
    "ح": [
      {
        "q": "عم النبي ﷺ وسيد الشهداء؟ (يبدأ بحرف الحاء)",
        "a": "حمزة بن عبدالمطلب",
        "o": ["حمزة بن عبدالمطلب", "حذيفة بن اليمان", "حسان بن ثابت", "حاطب بن أبي بلتعة"],
        "h": "قتل في غزوة أحد"
      },
      {
        "q": "مرضعة النبي ﷺ؟ (تبدأ بحرف الحاء)",
        "a": "حليمة السعدية",
        "o": ["حليمة السعدية", "حفصة بنت عمر", "حواء", "حبيبة"],
        "h": "من بني سعد"
      }
    ],
    "خ": [
      {
        "q": "أول زوجات النبي وأول من آمن به؟ (تبدأ بحرف الخاء)",
        "a": "خديجة بنت خويلد",
        "o": ["خديجة بنت خويلد", "خولة بنت الأزور", "خنساء", "خيرة"],
        "h": "أم المؤمنين"
      },
      {
        "q": "قائد مسلم لقب بـ (سيف الله المسلول)؟ (يبدأ بحرف الخاء)",
        "a": "خالد بن الوليد",
        "o": ["خالد بن الوليد", "خبيب بن عدي", "خزيمة بن ثابت", "خالد بن سعيد"],
        "h": "لم يهزم في معركة"
      }
    ],
    "د": [
      {
        "q": "اسم بغلة النبي ﷺ التي كان يركبها؟ (تبدأ بحرف الدال)",
        "a": "دلدل",
        "o": ["دلدل", "دباء", "دحنا", "درة"],
        "h": "أهداها له المقوقس"
      }
    ],
    "ذ": [
      {
        "q": "سيف النبي ﷺ الذي غنمه في بدر؟ (يبدأ بحرف الذال)",
        "a": "ذو الفقار",
        "o": ["ذو الفقار", "ذو النورين", "ذو الوشاحين", "ذو الكفل"],
        "h": "أعطاه لعلي بن أبي طالب"
      }
    ],
    "ر": [
      {
        "q": "بنت النبي ﷺ وزوجة عثمان بن عفان (توفيت يوم بدر)؟ (تبدأ بحرف الراء)",
        "a": "رقية",
        "o": ["رقية", "ريحانة", "رملة", "رفيدة"],
        "h": "هاجرت الهجرتين"
      }
    ],
    "ز": [
      {
        "q": "صحابي هو (حب رسول الله) وابن حارثة؟ (يبدأ بحرف الزاي)",
        "a": "زيد بن حارثة",
        "o": ["زيد بن حارثة", "زبير بن العوام", "زيد بن ثابت", "زهير بن أبي سلمى"],
        "h": "الصحابي الوحيد المذكور اسمه في القرآن"
      }
    ],
    "س": [
      {
        "q": "صحابي لقب بـ (الفارسي) أشار بحفر الخندق؟ (يبدأ بحرف السين)",
        "a": "سلمان الفارسي",
        "o": ["سلمان الفارسي", "سعد بن أبي وقاص", "سعيد بن زيد", "سهيل بن عمرو"],
        "h": "من بلاد فارس"
      },
      {
        "q": "أم المؤمنين زوجة النبي (بنت زمعة)؟ (تبدأ بحرف السين)",
        "a": "سودة بنت زمعة",
        "o": ["سودة بنت زمعة", "صفية بنت حيي", "سمية بنت خياط", "سلمى"],
        "h": "ثاني زوجاته بعد خديجة"
      }
    ],
    "ش": [
      {
        "q": "الذين قتلوا في سبيل الله؟ (تبدأ بحرف الشين)",
        "a": "شهداء",
        "o": ["شهداء", "شيوخ", "شباب", "شجعان"],
        "h": "أحياء عند ربهم يرزقون"
      }
    ],
    "ص": [
      {
        "q": "زوجة النبي ﷺ (بنت حيي بن أخطب)؟ (تبدأ بحرف الصاد)",
        "a": "صفية",
        "o": ["صفية", "صعصعة", "صبرة", "صحابة"],
        "h": "من نسل هارون عليه السلام"
      },
      {
        "q": "لقب أبي بكر رضي الله عنه؟ (يبدأ بحرف الصاد)",
        "a": "صديق",
        "o": ["صديق", "صادق", "صابر", "صالح"],
        "h": "صدق النبي في الإسراء والمعراج"
      }
    ],
    "ض": [
      {
        "q": "حق واجب للمسلم على المسلم (إكرام الـ...)؟ (يبدأ بحرف الضاد)",
        "a": "ضيف",
        "o": ["ضيف", "ضعيف", "ضال", "ضرير"],
        "h": "من كان يؤمن بالله واليوم الآخر فليكرم..."
      }
    ],
    "ط": [
      {
        "q": "المدينة التي ذهب إليها النبي للدعوة فرجموه بالحجارة؟ (تبدأ بحرف الطاء)",
        "a": "طائف",
        "o": ["طائف", "طيبة", "طوى", "طالقان"],
        "h": "نزل عليه ملك الجبال"
      },
      {
        "q": "أحد العشرة المبشرين بالجنة (ابن عبيد الله)؟ (يبدأ بحرف الطاء)",
        "a": "طلحة",
        "o": ["طلحة", "طاهر", "طارق", "طفيل"],
        "h": "طلحة الخير"
      }
    ],
    "ظ": [
      {
        "q": "وصف للعمل السيئ، قال عنه النبي: (... ظلمات يوم القيامة)؟ (يبدأ بحرف الظاء)",
        "a": "ظلم",
        "o": ["ظلم", "ظن", "ظهيرة", "ظمأ"],
        "h": "وضع الشيء في غير موضعه"
      }
    ],
    "ع": [
      {
        "q": "زوجة النبي ﷺ وابنة الصديق؟ (تبدأ بحرف العين)",
        "a": "عائشة",
        "o": ["عائشة", "عمرة", "عافية", "عاتكة"],
        "h": "المبرأة من فوق سبع سماوات"
      },
      {
        "q": "رابع الخلفاء الراشدين وابن عم النبي؟ (يبدأ بحرف العين)",
        "a": "علي بن أبي طالب",
        "o": ["علي بن أبي طالب", "عمر بن الخطاب", "عثمان بن عفان", "عمار بن ياسر"],
        "h": "زوج فاطمة"
      }
    ],
    "غ": [
      {
        "q": "المعارك التي خرج فيها النبي ﷺ بنفسه تسمى؟ (تبدأ بحرف الغين)",
        "a": "غزوات",
        "o": ["غزوات", "غارات", "غنائم", "غزوة"],
        "h": "مثل بدر وأحد"
      }
    ],
    "ف": [
      {
        "q": "بنت النبي ﷺ وسيدة نساء العالمين؟ (تبدأ بحرف الفاء)",
        "a": "فاطمة الزهراء",
        "o": ["فاطمة الزهراء", "فضة", "فارعة", "فاطمة بنت أسد"],
        "h": "أم الحسن والحسين"
      },
      {
        "q": "لقب عمر بن الخطاب؟ (يبدأ بحرف الفاء)",
        "a": "فاروق",
        "o": ["فاروق", "فاتح", "فارس", "فطين"],
        "h": "فرق الله به بين الحق والباطل"
      }
    ],
    "ق": [
      {
        "q": "ابن النبي ﷺ الذي مات صغيراً؟ (يبدأ بحرف القاف)",
        "a": "قاسم",
        "o": ["قاسم", "قتادة", "قيس", "قدامة"],
        "h": "كان يكنى به (أبو القاسم)"
      },
      {
        "q": "قبيلة النبي ﷺ؟ (تبدأ بحرف القاف)",
        "a": "قريش",
        "o": ["قريش", "قحطان", "قيس", "قضاعة"],
        "h": "سادة العرب"
      }
    ],
    "ك": [
      {
        "q": "اسم (الكنية) التي يشتهر بها الشخص مثل (أبو فلان)؟ (تبدأ بحرف الكاف)",
        "a": "كنية",
        "o": ["كنية", "كلمة", "كتابة", "كذب"],
        "h": "كان النبي يكنى أبا القاسم"
      }
    ],
    "ل": [
      {
        "q": "يهودي سحر النبي ﷺ (ابن الأعصم)؟ (يبدأ بحرف اللام)",
        "a": "لبيد",
        "o": ["لبيد", "لقمان", "ليث", "لهب"],
        "h": "سحره في مشط ومشاطة"
      }
    ],
    "م": [
      {
        "q": "أول سفير في الإسلام (استشهد في أحد)؟ (يبدأ بحرف الميم)",
        "a": "مصعب بن عمير",
        "o": ["مصعب بن عمير", "معاذ بن جبل", "مقداد بن عمرو", "محمود بن مسلمة"],
        "h": "حامل اللواء"
      },
      {
        "q": "أم المؤمنين القبطية، أم إبراهيم؟ (تبدأ بحرف الميم)",
        "a": "مارية",
        "o": ["مارية", "ميمونة", "مريم", "معاذة"],
        "h": "أهداها المقوقس للنبي"
      }
    ]
  },
  "medium": {
    "أ": [
      {
        "q": "خادم الرسول ﷺ (روى أحاديث كثيرة)؟ (يبدأ بحرف الألف)",
        "a": "أنس بن مالك",
        "o": ["أنس بن مالك", "أبو سعيد الخدري", "أبي بن كعب", "أسامة بن زيد"],
        "h": "خدم النبي 10 سنين"
      }
    ],
    "ب": [
      {
        "q": "راهب رأى علامات النبوة في الرسول وهو صغير؟ (يبدأ بحرف الباء)",
        "a": "بحيرى",
        "o": ["بحيرى", "بشير", "بلال", "بكر"],
        "h": "في بصرى الشام"
      }
    ],
    "خ": [
      {
        "q": "خطيب النبي ﷺ (من الأنصار)؟ (يبدأ بحرف الخاء - خطأ، ثابت بن قيس). سؤال بديل: صحابي قتله الجن؟ (خُبيب؟ لا). سؤال: خالة النبي (أخت آمنة)؟ لا. سؤال: صحابي استشهد وصلب؟ (يبدأ بحرف الخاء)",
        "a": "خبيب بن عدي",
        "o": ["خبيب بن عدي", "خالد بن الوليد", "خزيمة", "خوات"],
        "h": "قال: ولست أبالي حين أقتل مسلماً"
      }
    ],
    "س": [
      {
        "q": "سيد الأوس الذي اهتز لموته عرش الرحمن؟ (يبدأ بحرف السين)",
        "a": "سعد بن معاذ",
        "o": ["سعد بن معاذ", "سعد بن عبادة", "سعيد بن زيد", "سهيل بن عمرو"],
        "h": "حكم في بني قريظة"
      }
    ],
    "ع": [
      {
        "q": "عم النبي ﷺ الذي ناصره ولم يسلم؟ (يبدأ بحرف العين)",
        "a": "عمرو (أبو طالب)",
        "o": ["عبد مناف (أبو طالب)", "عباس", "عقيل", "عتبة"],
        "h": "اسم أبي طالب هو (عبد مناف) واسم أبي جهل (عمرو). السؤال هنا دقيق: عم النبي اسمه عبد مناف (أبو طالب). لكن لنسهلها بحرف العين: عمه الذي أسلم (العباس).",
        "a_new": "عباس بن عبدالمطلب",
        "o_new": ["عباس", "عقيل", "عثمان", "عمر"],
        "h_new": "ساقي الحجيج"
      }
    ]
  }
}