{
  "type": "islamic",
  "sub": "history",
  "easy": {
    "أ": [
      {
        "q": "أول الخلفاء الراشدين؟ (يبدأ بحرف الألف)",
        "a": "أبو بكر الصديق",
        "o": ["أبو بكر الصديق", "أبو عبيدة", "أبو طالب", "أبو العباس"],
        "h": "رفيق الهجرة"
      },
      {
        "q": "مؤسس الدولة العباسية؟ (يبدأ بحرف الألف)",
        "a": "أبو العباس السفاح",
        "o": ["أبو العباس السفاح", "أبو جعفر المنصور", "أمين", "ألب أرسلان"],
        "h": "أول خلفاء بني العباس"
      }
    ],
    "ب": [
      {
        "q": "عاصمة الخلافة العباسية؟ (تبدأ بحرف الباء)",
        "a": "بغداد",
        "o": ["بغداد", "بصرة", "بابل", "بيروت"],
        "h": "بناها المنصور"
      },
      {
        "q": "المعركة التي أوقفت زحف المسلمين في فرنسا؟ (تبدأ بحرف الباء)",
        "a": "بلاط الشهداء",
        "o": ["بلاط الشهداء", "بدر", "برمك", "بويب"],
        "h": "معركة تور"
      }
    ],
    "ت": [
      {
        "q": "القائد المغولي الذي اجتاح العالم الإسلامي (الأعرج)؟ (يبدأ بحرف التاء)",
        "a": "تيمورلنك",
        "o": ["تيمورلنك", "تتار", "تركمان", "توج"],
        "h": "هزم العثمانيين في أنقرة"
      },
      {
        "q": "قبائل حكمت العالم الإسلامي منهم السلاجقة والعثمانيون؟ (تبدأ بحرف التاء)",
        "a": "ترك",
        "o": ["ترك", "تتار", "تغلب", "تميم"],
        "h": "من آسيا الوسطى"
      }
    ],
    "ث": [
      {
        "q": "قبيلة الحجاج بن يوسف والمختار؟ (تبدأ بحرف الثاء)",
        "a": "ثقيف",
        "o": ["ثقيف", "ثعلبة", "ثمود", "ثمالة"],
        "h": "من الطائف"
      }
    ],
    "ج": [
      {
        "q": "القائد الذي بنى مدينة القاهرة؟ (يبدأ بحرف الجيم)",
        "a": "جوهر الصقلي",
        "o": ["جوهر الصقلي", "جلال الدين", "جعفر", "جندب"],
        "h": "قائد جيوش الفاطميين"
      },
      {
        "q": "مؤسس إمبراطورية المغول (جد هولاكو)؟ (يبدأ بحرف الجيم)",
        "a": "جنكيز خان",
        "o": ["جنكيز خان", "جلال الدين", "جغتاني", "جبر"],
        "h": "وحد القبائل المغولية"
      }
    ],
    "ح": [
      {
        "q": "المعركة التي حرر فيها صلاح الدين القدس؟ (تبدأ بحرف الحاء)",
        "a": "حطين",
        "o": ["حطين", "حنين", "حمص", "حماة"],
        "h": "هزم الصليبيين"
      },
      {
        "q": "والٍ أموي اشتهر بالشدة (المبير)؟ (يبدأ بحرف الحاء)",
        "a": "حجاج بن يوسف",
        "o": ["حجاج بن يوسف", "حسان بن النعمان", "حكم", "حارث"],
        "h": "قال: إني أرى رؤوساً قد أينعت"
      }
    ],
    "خ": [
      {
        "q": "سيف الله المسلول وقائد الفتوحات؟ (يبدأ بحرف الخاء)",
        "a": "خالد بن الوليد",
        "o": ["خالد بن الوليد", "خبيب", "خزيمة", "خطاب"],
        "h": "بطل اليرموك"
      },
      {
        "q": "اللقب الذي يطلق على حاكم الدولة الإسلامية؟ (يبدأ بحرف الخاء)",
        "a": "خليفة",
        "o": ["خليفة", "خاقان", "خديم", "خل"],
        "h": "خلفاً للرسول"
      }
    ],
    "د": [
      {
        "q": "عاصمة الدولة الأموية؟ (تبدأ بحرف الدال)",
        "a": "دمشق",
        "o": ["دمشق", "داريا", "درعية", "دبي"],
        "h": "في الشام"
      },
      {
        "q": "العملة الذهبية التي استخدمها المسلمون؟ (تبدأ بحرف الدال)",
        "a": "دينار",
        "o": ["دينار", "درهم", "دولار", "دانق"],
        "h": "كانت تصك من الذهب"
      }
    ],
    "ذ": [
      {
        "q": "أول معركة بحرية للمسلمين ضد الروم؟ (تبدأ بحرف الذال)",
        "a": "ذات السواري",
        "o": ["ذات السواري", "ذات السلاسل", "ذات الرقاع", "ذي قار"],
        "h": "لكثرة صواري السفن"
      },
      {
        "q": "لقب الخليفة عثمان بن عفان؟ (يبدأ بحرف الذال)",
        "a": "ذو النورين",
        "o": ["ذو النورين", "ذو الفقار", "ذو الكفل", "ذو الوزارتين"],
        "h": "تزوج ابنتي الرسول"
      }
    ],
    "ر": [
      {
        "q": "الخليفة العباسي الذي بلغت الدولة في عهده القمة؟ (يبدأ بحرف الراء)",
        "a": "رشيد (هارون)",
        "o": ["رشيد", "راضي", "راشد", "ركن الدين"],
        "h": "عاصر شارلمان"
      },
      {
        "q": "جزيرة في البحر المتوسط فتحها المسلمون؟ (تبدأ بحرف الراء)",
        "a": "رودس",
        "o": ["رودس", "روما", "رملة", "رها"],
        "h": "كانت معقلاً للفرسان"
      }
    ],
    "ز": [
      {
        "q": "معركة انتصر فيها يوسف بن تاشفين في الأندلس؟ (تبدأ بحرف الزاي)",
        "a": "زلاقة",
        "o": ["زلاقة", "زاب", "زنج", "زاوية"],
        "h": "ضد ألفونسو السادس"
      },
      {
        "q": "القائد الذي حرر الرها وبدأ الجهاد ضد الصليبيين (عماد الدين)؟ (يبدأ بحرف الزاي)",
        "a": "زنكي",
        "o": ["زنكي", "زياد", "زبيد", "زاهر"],
        "h": "والد نور الدين محمود"
      }
    ],
    "س": [
      {
        "q": "قائد معركة القادسية وفاتح العراق؟ (يبدأ بحرف السين)",
        "a": "سعد بن أبي وقاص",
        "o": ["سعد بن أبي وقاص", "سليمان", "سليم", "سعيد"],
        "h": "خال الرسول"
      },
      {
        "q": "محرر القدس ومؤسس الدولة الأيوبية؟ (يبدأ بحرف الصاد - خطأ، صلاح الدين). السؤال بحرف السين: سلطان عثماني لقب بالقانوني؟",
        "a": "سليمان القانوني",
        "o": ["سليمان", "سليم", "سنجر", "سامان"],
        "h": "وصلت جيوشه لفيينا"
      }
    ],
    "ش": [
      {
        "q": "البلاد التي كانت مركز الدولة الأموية؟ (تبدأ بحرف الشين)",
        "a": "شام",
        "o": ["شام", "شرق", "شمال", "شاطبة"],
        "h": "دمشق وفلسطين والأردن"
      },
      {
        "q": "عم صلاح الدين وقائد جيوش نور الدين إلى مصر؟ (يبدأ بحرف الشين)",
        "a": "شيركوه",
        "o": ["شيركوه", "شامل", "شاهين", "شجاع"],
        "h": "أسد الدين"
      }
    ],
    "ص": [
      {
        "q": "البطل الذي حرر القدس وهزم الصليبيين؟ (يبدأ بحرف الصاد)",
        "a": "صلاح الدين الأيوبي",
        "o": ["صلاح الدين", "صالح أيوب", "صالح إسماعيل", "صقر قريش"],
        "h": "بطل حطين"
      },
      {
        "q": "لقب عبدالرحمن الداخل مؤسس الدولة الأموية بالأندلس؟ (يبدأ بحرف الصاد)",
        "a": "صقر قريش",
        "o": ["صقر قريش", "صالح", "صبور", "صنديد"],
        "h": "لقبه به أبو جعفر المنصور"
      }
    ],
    "ض": [
      {
        "q": "صحابي وفارس شجاع قاتل الروم عاري الصدر؟ (يبدأ بحرف الضاد)",
        "a": "ضرار بن الأزور",
        "o": ["ضرار بن الأزور", "ضحاك", "ضمرة", "ضيغم"],
        "h": "أرعب جيوش الروم"
      }
    ],
    "ط": [
      {
        "q": "القائد الذي فتح الأندلس وعبر المضيق؟ (يبدأ بحرف الطاء)",
        "a": "طارق بن زياد",
        "o": ["طارق بن زياد", "طاهر", "طلحة", "طغرل"],
        "h": "أحرق السفن (في الرواية المشهورة)"
      },
      {
        "q": "مرض فتك بالمسلمين في الشام (عمواس)؟ (يبدأ بحرف الطاء)",
        "a": "طاعون",
        "o": ["طاعون", "طوفان", "طلب", "طرد"],
        "h": "مات فيه أبو عبيدة ومعاذ"
      }
    ],
    "ظ": [
      {
        "q": "لقب السلطان بيبرس؟ (يبدأ بحرف الظاء)",
        "a": "ظاهر",
        "o": ["ظاهر", "ظافر", "ظالم", "ظهير"],
        "h": "الظاهر بيبرس"
      }
    ],
    "ع": [
      {
        "q": "ثاني الخلفاء الراشدين وفاتح القدس؟ (يبدأ بحرف العين)",
        "a": "عمر بن الخطاب",
        "o": ["عمر", "علي", "عثمان", "عمرو"],
        "h": "الفاروق"
      },
      {
        "q": "معركة هزم فيها المغول في فلسطين؟ (تبدأ بحرف العين)",
        "a": "عين جالوت",
        "o": ["عين جالوت", "عقبة", "عمورية", "عين شمس"],
        "h": "بقيادة قطز"
      },
      {
        "q": "فاتح مصر؟ (يبدأ بحرف العين)",
        "a": "عمرو بن العاص",
        "o": ["عمرو بن العاص", "عقبة بن نافع", "علي", "عمار"],
        "h": "بنى الفسطاط"
      }
    ],
    "غ": [
      {
        "q": "آخر معاقل المسلمين في الأندلس؟ (تبدأ بحرف الغين)",
        "a": "غرناطة",
        "o": ["غرناطة", "غزة", "غانا", "غور"],
        "h": "قصر الحمراء فيها"
      },
      {
        "q": "قبائل عربية نصرت الروم في الشام قبل الإسلام؟ (تبدأ بحرف الغين)",
        "a": "غساسنة",
        "o": ["غساسنة", "غطفان", "غافق", "غرب"],
        "h": "ملوك الشام"
      }
    ],
    "ف": [
      {
        "q": "مدينة بناها عمرو بن العاص في مصر؟ (تبدأ بحرف الفاء)",
        "a": "فسطاط",
        "o": ["فسطاط", "فيوم", "فارس", "فاس"],
        "h": "أول عاصمة إسلامية لمصر"
      },
      {
        "q": "دولة شيعية حكمت مصر والمغرب؟ (تبدأ بحرف الفاء)",
        "a": "فاطمية",
        "o": ["فاطمية", "فارسية", "فلبيين", "فرنسية"],
        "h": "أسسوا القاهرة"
      }
    ],
    "ق": [
      {
        "q": "عاصمة مصر التي بناها الفاطميون؟ (تبدأ بحرف القاف)",
        "a": "قاهرة",
        "o": ["قاهرة", "قيروان", "قدس", "قسطنطينية"],
        "h": "مدينة الألف مئذنة"
      },
      {
        "q": "المدينة التي فتحها محمد الفاتح؟ (تبدأ بحرف القاف)",
        "a": "قسطنطينية",
        "o": ["قسطنطينية", "قاهرة", "قرطبة", "قيروان"],
        "h": "إسطنبول حالياً"
      },
      {
        "q": "قائد معركة عين جالوت (هزم التتار)؟ (يبدأ بحرف القاف)",
        "a": "قطز",
        "o": ["قطز", "قلاوون", "قتيبة", "قاسم"],
        "h": "سيف الدين"
      }
    ],
    "ك": [
      {
        "q": "مدينة في العراق اتخذها علي بن أبي طالب عاصمة له؟ (تبدأ بحرف الكاف)",
        "a": "كوفة",
        "o": ["كوفة", "كربلاء", "كرك", "كابل"],
        "h": "مركز العلم والأدب"
      }
    ],
    "ل": [
      {
        "q": "المعركة التي فتحت الأندلس (وادي...)؟ (تبدأ بحرف اللام)",
        "a": "لكة",
        "o": ["لكة", "لخمي", "لورقة", "لشبونة"],
        "h": "انتصر فيها طارق بن زياد على لذريق"
      }
    ],
    "م": [
      {
        "q": "فاتح القسطنطينية؟ (يبدأ بحرف الميم)",
        "a": "محمد الفاتح",
        "o": ["محمد الفاتح", "محمد بن القاسم", "معاوية", "مروان"],
        "h": "نعم الأمير أميرها"
      },
      {
        "q": "فاتح بلاد السند (باكستان) وهو شاب؟ (يبدأ بحرف الميم)",
        "a": "محمد بن القاسم",
        "o": ["محمد بن القاسم", "موسى بن نصير", "مسلمة", "مهلب"],
        "h": "الثقفي"
      },
      {
        "q": "مؤسس الدولة الأموية؟ (يبدأ بحرف الميم)",
        "a": "معاوية بن أبي سفيان",
        "o": ["معاوية", "مروان", "معتصم", "مأمون"],
        "h": "كاتب الوحي"
      },
      {
        "q": "دولة حكمت مصر والشام وتصدت للمغول والصليبيين؟ (تبدأ بحرف الميم)",
        "a": "مماليك",
        "o": ["مماليك", "مرابطين", "موحدين", "مارينين"],
        "h": "منهم قطز وبيبرس"
      }
    ]
  },
  "medium": {
    "أ": [
      {
        "q": "السلطان السلجوقي الذي انتصر في ملاذ كرد؟ (يبدأ بحرف الألف)",
        "a": "ألب أرسلان",
        "o": ["ألب أرسلان", "أرطغرل", "أورخان", "أيبك"],
        "h": "هزم الإمبراطور رومانوس"
      }
    ],
    "ع": [
      {
        "q": "قائد مسلم فتح شمال إفريقيا وبنى القيروان؟ (يبدأ بحرف العين)",
        "a": "عقبة بن نافع",
        "o": ["عقبة بن نافع", "عمرو بن العاص", "عبدالله بن سعد", "عكرمة"],
        "h": "وصل إلى المحيط الأطلسي"
      }
    ]
  }
}