{
  "type": "islamic",
  "sub": "prophets",
  "easy": {
    "أ": [
      {
        "q": "أبو البشر وأول الأنبياء؟ (يبدأ بحرف الألف)",
        "a": "آدم",
        "o": ["آدم", "إدريس", "إبراهيم", "أيوب"],
        "h": "خلقه الله من طين"
      },
      {
        "q": "النبي الذي ألقاه قومه في النار فكانت برداً وسلاماً؟ (يبدأ بحرف الألف)",
        "a": "إبراهيم",
        "o": ["إبراهيم", "إسماعيل", "إسحاق", "إلياس"],
        "h": "خليل الله"
      },
      {
        "q": "النبي الذي ضرب به المثل في الصبر؟ (يبدأ بحرف الألف)",
        "a": "أيوب",
        "o": ["أيوب", "آدم", "أحمد", "أشعيا"],
        "h": "مسني الضر وأنت أرحم الراحمين"
      }
    ],
    "ب": [
      {
        "q": "أول مؤذن في الإسلام (من الحبشة)؟ (يبدأ بحرف الباء)",
        "a": "بلال بن رباح",
        "o": ["بلال بن رباح", "براء بن عازب", "بشير بن سعد", "بريدة الأسلمي"],
        "h": "أحد السابقين للإسلام"
      },
      {
        "q": "الراهب الذي رأى خاتم النبوة بين كتفي الرسول؟ (يبدأ بحرف الباء)",
        "a": "بحيرى",
        "o": ["بحيرى", "بشير", "بلال", "بكر"],
        "h": "في بصرى الشام"
      }
    ],
    "ت": [
      {
        "q": "الكتاب الذي أنزل على موسى عليه السلام؟ (يبدأ بحرف التاء)",
        "a": "توراة",
        "o": ["توراة", "تنزيل", "تبيان", "تفسير"],
        "h": "الكتاب المقدس لليهود"
      },
      {
        "q": "صحابي جليل لقب بـ (خطيب النبي)؟ (يبدأ بحرف التاء)",
        "a": "ثابت بن قيس",
        "o": ["ثابت بن قيس", "ثوبان", "ثعلبة", "ثمامة"],
        "h": "جهوري الصوت"
      }
    ],
    "ث": [
      {
        "q": "القوم الذين أرسل إليهم النبي صالح؟ (يبدأ بحرف الثاء)",
        "a": "ثمود",
        "o": ["ثمود", "ثقيف", "ثعلبة", "ثابت"],
        "h": "قوم الناقة"
      }
    ],
    "ج": [
      {
        "q": "الملك الموكل بالوحي للأنبياء؟ (يبدأ بحرف الجيم)",
        "a": "جبريل",
        "o": ["جبريل", "جالوت", "جعفر", "جرير"],
        "h": "الروح الأمين"
      },
      {
        "q": "صحابي لقب بـ (الطيار) و(ذو الجناحين)؟ (يبدأ بحرف الجيم)",
        "a": "جعفر بن أبي طالب",
        "o": ["جعفر بن أبي طالب", "جابر بن عبدالله", "جندب", "جبير"],
        "h": "استشهد في مؤتة"
      }
    ],
    "ح": [
      {
        "q": "زوجة آدم عليه السلام وأم البشر؟ (يبدأ بحرف الحاء)",
        "a": "حواء",
        "o": ["حواء", "حفصة", "حليمة", "حنة"],
        "h": "خلقت من ضلع"
      },
      {
        "q": "عم النبي ﷺ ولقب بـ (أسد الله)؟ (يبدأ بحرف الحاء)",
        "a": "حمزة بن عبدالمطلب",
        "o": ["حمزة بن عبدالمطلب", "حذيفة بن اليمان", "حسان بن ثابت", "حارث"],
        "h": "سيد الشهداء"
      },
      {
        "q": "النبي الذي أرسل إلى قوم عاد؟ (يبدأ بحرف الحاء)",
        "a": "حسان بن ثابت",
        "o": ["حسان بن ثابت", "حذيفة", "حمزة", "حاطب"],
        "h": "دافع عن النبي بشعره"
      }
    ],
    "خ": [
      {
        "q": "أول من آمن من النساء وزوجة النبي الأولى؟ (يبدأ بحرف الخاء)",
        "a": "خديجة بنت خويلد",
        "o": ["خديجة بنت خويلد", "خولة بنت الأزور", "خنساء", "خيرة"],
        "h": "نصرت النبي بمالها ونفسها"
      },
      {
        "q": "قائد عسكري لقب بـ (سيف الله المسلول)؟ (يبدأ بحرف الخاء)",
        "a": "خالد بن الوليد",
        "o": ["خالد بن الوليد", "خبيب بن عدي", "خزيمة", "خطاب"],
        "h": "بطل اليرموك"
      }
    ],
    "د": [
      {
        "q": "نبي ألان الله له الحديد وسخر له الجبال؟ (يبدأ بحرف الدال)",
        "a": "داود",
        "o": ["داود", "دانيال", "دريد", "دحيه"],
        "h": "والد سليمان"
      }
    ],
    "ذ": [
      {
        "q": "لقب النبي يونس عليه السلام؟ (يبدأ بحرف الذال)",
        "a": "ذا النون",
        "o": ["ذا النون", "ذي الكفل", "ذي القرنين", "ذر"],
        "h": "صاحب الحوت"
      }
    ],
    "ر": [
      {
        "q": "البشر الذين اصطفاهم الله لتبليغ دينه؟ (يبدأ بحرف الراء)",
        "a": "رسل",
        "o": ["رسل", "رهبان", "رجال", "ركبان"],
        "h": "أنبياء"
      },
      {
        "q": "لقب نبي الله عيسى عليه السلام؟ (يبدأ بحرف الراء)",
        "a": "روح الله",
        "o": ["روح الله", "رسول الله", "رحمة الله", "ركن الله"],
        "h": "وكلمته ألقاها إلى مريم"
      }
    ],
    "ز": [
      {
        "q": "النبي الذي كفل مريم ودعا ربه لطلب الولد؟ (يبدأ بحرف الزاي)",
        "a": "زكريا",
        "o": ["زكريا", "زبير", "زيد", "زهير"],
        "h": "أب يحيى"
      },
      {
        "q": "حواري رسول الله وابن عمته؟ (يبدأ بحرف الزاي)",
        "a": "زبير بن العوام",
        "o": ["زبير بن العوام", "زيد بن حارثة", "زيد بن ثابت", "زهير"],
        "h": "أحد العشرة المبشرين"
      }
    ],
    "س": [
      {
        "q": "النبي الذي سخر الله له الريح والجن؟ (يبدأ بحرف السين)",
        "a": "سليمان",
        "o": ["سليمان", "سعد", "سعيد", "سهيل"],
        "h": "كلم الطير والنمل"
      },
      {
        "q": "زوجة إبراهيم وأم إسحاق عليهما السلام؟ (يبدأ بحرف السين)",
        "a": "سارة",
        "o": ["سارة", "سودة", "سمية", "سلمى"],
        "h": "بشرتها الملائكة بالولد وهي عجوز"
      }
    ],
    "ش": [
      {
        "q": "خطيب الأنبياء الذي أرسل إلى قوم مدين؟ (يبدأ بحرف الشين)",
        "a": "شعيب",
        "o": ["شعيب", "شيث", "شمشون", "شراحيل"],
        "h": "نهاهم عن تطفيف الميزان"
      },
      {
        "q": "النبي الذي جاء بعد آدم مباشرة (ابنه)؟ (يبدأ بحرف الشين)",
        "a": "شيث",
        "o": ["شيث", "شعيب", "شمشون", "شبل"],
        "h": "أنزل الله عليه صحفاً"
      }
    ],
    "ص": [
      {
        "q": "النبي الذي كانت معجزته الناقة؟ (يبدأ بحرف الصاد)",
        "a": "صالح",
        "o": ["صالح", "صادق", "صفوان", "صهيب"],
        "h": "نبي ثمود"
      },
      {
        "q": "أم المؤمنين (بنت حيي بن أخطب)؟ (يبدأ بحرف الصاد)",
        "a": "صفية",
        "o": ["صفية", "صودة", "صبرة", "صحابة"],
        "h": "من نسل هارون"
      }
    ],
    "ض": [
      {
        "q": "صحابي فارس لقب بـ (عاري الصدر) لخلعه درعه في المعركة؟ (يبدأ بحرف الضاد)",
        "a": "ضرار بن الأزور",
        "o": ["ضرار بن الأزور", "ضحاك", "ضمرة", "ضيغم"],
        "h": "أرعب الروم في الشام"
      }
    ],
    "ط": [
      {
        "q": "الملك الصالح الذي قاد بني إسرائيل ضد جالوت؟ (يبدأ بحرف الطاء)",
        "a": "طالوت",
        "o": ["طالوت", "طفيل", "طلحة", "طاهر"],
        "h": "زاده الله بسطة في العلم والجسم"
      },
      {
        "q": "صحابي من العشرة المبشرين (ابن عبيد الله)؟ (يبدأ بحرف الطاء)",
        "a": "طلحة",
        "o": ["طلحة", "طفيل", "طارق", "طويس"],
        "h": "طلحة الخير"
      }
    ],
    "ظ": [
      {
        "q": "اسم صحابي (ابن حرام) استشهد في أحد؟ (يبدأ بحرف الظاء - خطأ، زاهر بحرف الزاي). سؤال: معجزة بني إسرائيل في التيه (الغمام)؟ (يبدأ بحرف الظاء)",
        "a": "ظل (الغمام)",
        "o": ["ظل", "ظلام", "ظهيرة", "ظفر"],
        "h": "وظللنا عليكم الغمام"
      }
    ],
    "ع": [
      {
        "q": "النبي الذي ولد من غير أب (كلمة الله)؟ (يبدأ بحرف العين)",
        "a": "عيسى",
        "o": ["عيسى", "عزير", "عمران", "عثمان"],
        "h": "تكلم في المهد"
      },
      {
        "q": "ثاني الخلفاء الراشدين (الفاروق)؟ (يبدأ بحرف العين)",
        "a": "عمر بن الخطاب",
        "o": ["عمر", "عثمان", "علي", "عمار"],
        "h": "فتح القدس"
      }
    ],
    "غ": [
      {
        "q": "لقب الصحابي حنظلة الذي استشهد جنباً؟ (يبدأ بحرف الغين)",
        "a": "غسيل الملائكة",
        "o": ["غسيل الملائكة", "غالب", "غانم", "غازي"],
        "h": "غسلته الملائكة بماء المزن"
      },
      {
        "q": "قبيلة الصحابي الجليل أبو ذر؟ (يبدأ بحرف الغين)",
        "a": "غفار",
        "o": ["غفار", "غطفان", "غنم", "غوث"],
        "h": "كانوا قطاع طرق ثم أسلموا"
      }
    ],
    "ف": [
      {
        "q": "بنت النبي ﷺ وسيدة نساء أهل الجنة؟ (يبدأ بحرف الفاء)",
        "a": "فاطمة الزهراء",
        "o": ["فاطمة الزهراء", "فضة", "فارعة", "فاطمة بنت أسد"],
        "h": "زوجة علي وأم الحسن والحسين"
      },
      {
        "q": "الطاغية الذي أرسل إليه موسى عليه السلام؟ (يبدأ بحرف الفاء)",
        "a": "فرعون",
        "o": ["فرعون", "فاسق", "فاجر", "فيل"],
        "h": "قال أنا ربكم الأعلى"
      }
    ],
    "ق": [
      {
        "q": "ابن آدم الذي قتل أخاه (أول قاتل)؟ (يبدأ بحرف القاف)",
        "a": "قابيل",
        "o": ["قابيل", "قارون", "قتادة", "قيس"],
        "h": "قتل هابيل"
      },
      {
        "q": "الرجل الذي خسف الله به الأرض لتبختره بماله؟ (يبدأ بحرف القاف)",
        "a": "قارون",
        "o": ["قارون", "قابيل", "قاسم", "قيصر"],
        "h": "من قوم موسى"
      }
    ],
    "ك": [
      {
        "q": "لقب موسى عليه السلام؟ (يبدأ بحرف الكاف)",
        "a": "كليم الله",
        "o": ["كليم الله", "كاتب", "كافل", "كريم"],
        "h": "كلمه الله تكليماً"
      },
      {
        "q": "شاعر الرسول ﷺ (صاحب البردة)؟ (يبدأ بحرف الكاف)",
        "a": "كعب بن زهير",
        "o": ["كعب بن زهير", "كعب بن مالك", "كثير", "كنانة"],
        "h": "عفا عنه النبي وأهداه بردته"
      }
    ],
    "ل": [
      {
        "q": "النبي الذي أرسل إلى قوم سدوم (ابن أخ إبراهيم)؟ (يبدأ بحرف اللام)",
        "a": "لوط",
        "o": ["لوط", "لقمان", "ليث", "لبيد"],
        "h": "نجاه الله من القرية الظالمة"
      },
      {
        "q": "الرجل الحكيم الذي سميت سورة باسمه (وصى ابنه)؟ (يبدأ بحرف اللام)",
        "a": "لقمان",
        "o": ["لقمان", "لوط", "ليث", "لهب"],
        "h": "يا بني لا تشرك بالله"
      }
    ],
    "م": [
      {
        "q": "خاتم الأنبياء والمرسلين؟ (يبدأ بحرف الميم)",
        "a": "محمد ﷺ",
        "o": ["محمد ﷺ", "موسى", "ميكائيل", "مالك"],
        "h": "نبينا"
      },
      {
        "q": "أم عيسى عليه السلام (العذراء)؟ (يبدأ بحرف الميم)",
        "a": "مريم",
        "o": ["مريم", "ميمونة", "مارية", "معاذة"],
        "h": "التي أحصنت فرجها"
      }
    ]
  },
  "medium": {
    "ي": [
      {
        "q": "نبي سجن ظلماً وتولى خزائن مصر؟ (يبدأ بحرف الياء)",
        "a": "يوسف",
        "o": ["يوسف", "يونس", "يحيى", "يعقوب"],
        "h": "قصته أحسن القصص"
      },
      {
        "q": "النبي الذي ذبح وقدم رأسه مهراً لبغي؟ (يبدأ بحرف الياء)",
        "a": "يحيى",
        "o": ["يحيى", "يونس", "يعقوب", "يوشع"],
        "h": "سيداً وحصوراً"
      }
    ]
  }
}