{
  "type": "islamic",
  "sub": "quran",
  "easy": {
    "أ": [
      {
        "q": "أول إنسان خلقه الله ونبي مكلّم؟ (يبدأ بحرف الألف)",
        "a": "آدم",
        "o": ["آدم", "إدريس", "إبراهيم", "إسماعيل"],
        "h": "أبو البشر"
      },
      {
        "q": "أعظم آية في كتاب الله (في سورة البقرة)؟ (تبدأ بحرف الألف)",
        "a": "آية الكرسي",
        "o": ["آية الكرسي", "آية الدين", "آية النور", "آية الحجاب"],
        "h": "الله لا إله إلا هو الحي القيوم"
      }
    ],
    "ب": [
      {
        "q": "أول معركة كبرى في الإسلام انتصر فيها المسلمون؟ (تبدأ بحرف الباء)",
        "a": "بدر",
        "o": ["بدر", "بني قينقاع", "بني النضير", "بئر معونة"],
        "h": "غزوة الفرقان"
      },
      {
        "q": "اسم قديم لمكة المكرمة ذكر في القرآن؟ (يبدأ بحرف الباء)",
        "a": "بكة",
        "o": ["بكة", "بابل", "بدر", "برقة"],
        "h": "إن أول بيت وضع للناس للذي ببكة"
      }
    ],
    "ت": [
      {
        "q": "السورة الوحيدة التي لا تبدأ بالبسملة؟ (تبدأ بحرف التاء)",
        "a": "توبة",
        "o": ["توبة", "تغابن", "تحريم", "تكاثر"],
        "h": "تسمى أيضاً براءة"
      },
      {
        "q": "فاكهة أقسم الله بها في القرآن؟ (تبدأ بحرف التاء)",
        "a": "تين",
        "o": ["تين", "تفاح", "تمر", "توت"],
        "h": "والتين والزيتون"
      }
    ],
    "ث": [
      {
        "q": "قوم النبي صالح عليه السلام؟ (تبدأ بحرف الثاء)",
        "a": "ثمود",
        "o": ["ثمود", "ثقيف", "ثبت", "ثعلبة"],
        "h": "نحتوا الجبال بيوتاً"
      }
    ],
    "ج": [
      {
        "q": "الملك الموكل بالوحي؟ (يبدأ بحرف الجيم)",
        "a": "جبريل",
        "o": ["جبريل", "جالوت", "جعفر", "جرير"],
        "h": "الروح الأمين"
      },
      {
        "q": "دار الثواب التي أعدها الله للمتقين؟ (تبدأ بحرف الجيم)",
        "a": "جنة",
        "o": ["جنة", "جحيم", "جبل", "جزاء"],
        "h": "فيها ما لا عين رأت"
      }
    ],
    "ح": [
      {
        "q": "المكان الذي نزل فيه الوحي لأول مرة؟ (يبدأ بحرف الحاء)",
        "a": "حراء (غار)",
        "o": ["حراء", "حنين", "حديبية", "حجر"],
        "h": "جبل النور"
      },
      {
        "q": "امرأة كانت تحمل الحطب في جيدها (زوجة أبي لهب)؟ (تبدأ بحرف الحاء)",
        "a": "حمالة الحطب",
        "o": ["حمالة الحطب", "حفصة", "حليمة", "حواء"],
        "h": "ذكرت في سورة المسد"
      }
    ],
    "خ": [
      {
        "q": "أول زوجات النبي ﷺ وأول من آمن به؟ (تبدأ بحرف الخاء)",
        "a": "خديجة",
        "o": ["خديجة", "خولة", "خنساء", "خيرة"],
        "h": "بنت خويلد"
      }
    ],
    "د": [
      {
        "q": "نبي أنزل الله عليه الزبور، وألان له الحديد؟ (يبدأ بحرف الدال)",
        "a": "داود",
        "o": ["داود", "دانيال", "دريد", "دحيه"],
        "h": "والد سليمان عليه السلام"
      }
    ],
    "ذ": [
      {
        "q": "نبي ذكر في القرآن (صاحب الحوت)؟ (يبدأ بحرف الذال)",
        "a": "ذا النون (يونس)",
        "o": ["ذا النون", "ذي الكفل", "ذي القرنين", "ذر"],
        "h": "التقمه الحوت"
      }
    ],
    "ر": [
      {
        "q": "الشهر الذي أنزل فيه القرآن؟ (يبدأ بحرف الراء)",
        "a": "رمضان",
        "o": ["رمضان", "رجب", "ربيع", "روم"],
        "h": "شهر الصيام"
      }
    ],
    "ز": [
      {
        "q": "نبي كفل مريم عليها السلام؟ (يبدأ بحرف الزاي)",
        "a": "زكريا",
        "o": ["زكريا", "زيد", "زبير", "زهير"],
        "h": "دعا ربه أن يرزقه الولد وهو عجوز"
      },
      {
        "q": "شجرة في جهنم طعام الأثيم؟ (تبدأ بحرف الزاي)",
        "a": "زقوم",
        "o": ["زقوم", "زيتون", "زنجبيل", "زمرد"],
        "h": "طلعها كأنه رءوس الشياطين"
      }
    ],
    "س": [
      {
        "q": "نبي سخر الله له الجن والريح؟ (يبدأ بحرف السين)",
        "a": "سليمان",
        "o": ["سليمان", "سعيد", "سعد", "سفيان"],
        "h": "ابن داود"
      },
      {
        "q": "سورة تسمى 'قلب القرآن'؟ (تبدأ بحرف السين)",
        "a": "سورة يس (سين)",
        "o": ["سورة يس", "سورة سبأ", "سورة ص", "سورة الصف"],
        "h": "يس والقرآن الحكيم"
      }
    ],
    "ش": [
      {
        "q": "شهر ترفع فيه الأعمال (قبل رمضان)؟ (يبدأ بحرف الشين)",
        "a": "شعبان",
        "o": ["شعبان", "شوال", "شتاء", "شمس"],
        "h": "كان النبي يكثر الصيام فيه"
      },
      {
        "q": "مخلوق خلق من نار؟ (يبدأ بحرف الشين)",
        "a": "شيطان",
        "o": ["شيطان", "شهاب", "شجر", "شر"],
        "h": "عدو الإنسان"
      }
    ],
    "ص": [
      {
        "q": "نبي أرسل إلى قوم ثمود (أصحاب الحجر)؟ (يبدأ بحرف الصاد)",
        "a": "صالح",
        "o": ["صالح", "صادق", "صباح", "صديق"],
        "h": "معجزته الناقة"
      },
      {
        "q": "الركن الثاني من أركان الإسلام؟ (يبدأ بحرف الصاد)",
        "a": "صلاة",
        "o": ["صلاة", "صوم", "صدقة", "صبر"],
        "h": "عمود الدين"
      }
    ],
    "ض": [
      {
        "q": "وقت من النهار أقسم الله به في سورة خاصة؟ (يبدأ بحرف الضاد)",
        "a": "ضحى",
        "o": ["ضحى", "ضوء", "ضياء", "ضلال"],
        "h": "والضحى والليل إذا سجى"
      }
    ],
    "ط": [
      {
        "q": "الجبل الذي كلم الله عليه موسى؟ (يبدأ بحرف الطاء)",
        "a": "طور",
        "o": ["طور", "طود", "طير", "طين"],
        "h": "في سيناء"
      },
      {
        "q": "طعام أهل الجنة (من الجو)؟ (يبدأ بحرف الطاء)",
        "a": "طير",
        "o": ["طير", "طلع", "طلح", "طبق"],
        "h": "ولحم طير مما يشتهون"
      }
    ],
    "ظ": [
      {
        "q": "صلاة تكون في منتصف النهار؟ (تبدأ بحرف الظاء)",
        "a": "ظهر",
        "o": ["ظهر", "ظلال", "ظفر", "ظن"],
        "h": "أربع ركعات"
      }
    ],
    "ع": [
      {
        "q": "نبي ولد من غير أب (كلمة الله)؟ (يبدأ بحرف العين)",
        "a": "عيسى",
        "o": ["عيسى", "عزير", "عمران", "عثمان"],
        "h": "ابن مريم"
      },
      {
        "q": "ثاني الخلفاء الراشدين (الفاروق)؟ (يبدأ بحرف العين)",
        "a": "عمر بن الخطاب",
        "o": ["عمر", "عثمان", "علي", "عمار"],
        "h": "فتح القدس"
      }
    ],
    "غ": [
      {
        "q": "المكان الذي يختبئ فيه (مثل الذي كان فيه الرسول)؟ (يبدأ بحرف الغين)",
        "a": "غار",
        "o": ["غار", "غابة", "غرفة", "غرب"],
        "h": "غار حراء وغار ثور"
      }
    ],
    "ف": [
      {
        "q": "أول سورة في المصحف (أم الكتاب)؟ (تبدأ بحرف الفاء)",
        "a": "فاتحة",
        "o": ["فاتحة", "فلق", "فيل", "فاطر"],
        "h": "الحمد لله رب العالمين"
      },
      {
        "q": "طاغية ادعى الألوهية وأغرقه الله؟ (يبدأ بحرف الفاء)",
        "a": "فرعون",
        "o": ["فرعون", "قارون", "فيل", "فاسق"],
        "h": "عدو موسى"
      }
    ],
    "ق": [
      {
        "q": "قبيلة النبي ﷺ؟ (تبدأ بحرف القاف)",
        "a": "قريش",
        "o": ["قريش", "قحطان", "قينقاع", "قضاعة"],
        "h": "رحلة الشتاء والصيف"
      },
      {
        "q": "رجل خسف الله به وبداره الأرض؟ (يبدأ بحرف القاف)",
        "a": "قارون",
        "o": ["قارون", "قابيل", "قاسم", "قيصر"],
        "h": "كان من قوم موسى فبغى عليهم"
      }
    ],
    "ك": [
      {
        "q": "بيت الله الحرام؟ (يبدأ بحرف الكاف)",
        "a": "كعبة",
        "o": ["كعبة", "كهف", "كوثر", "كنز"],
        "h": "قبلة المسلمين"
      },
      {
        "q": "أقصر سورة في القرآن؟ (تبدأ بحرف الكاف)",
        "a": "كوثر",
        "o": ["كوثر", "كهف", "كافرون", "كورت"],
        "h": "إنا أعطيناك..."
      }
    ],
    "ل": [
      {
        "q": "ليلة هي خير من ألف شهر؟ (تبدأ بحرف اللام)",
        "a": "ليلة القدر",
        "o": ["ليلة القدر", "ليلة العيد", "ليلة النصف", "ليلة الجمعة"],
        "h": "تنزل الملائكة والروح فيها"
      },
      {
        "q": "نبي أرسل إلى قوم سدوم (قوم الفاحشة)؟ (يبدأ بحرف اللام)",
        "a": "لوط",
        "o": ["لوط", "لقمان", "ليث", "لهب"],
        "h": "ابن أخ إبراهيم عليه السلام"
      }
    ],
    "م": [
      {
        "q": "خاتم الأنبياء والمرسلين؟ (يبدأ بحرف الميم)",
        "a": "محمد ﷺ",
        "o": ["محمد", "موسى", "ميكائيل", "مالك"],
        "h": "نبينا"
      },
      {
        "q": "المدينة التي ولد فيها النبي ﷺ وفيها الكعبة؟ (تبدأ بحرف الميم)",
        "a": "مكة",
        "o": ["مكة", "مدينة", "مدين", "مصر"],
        "h": "أم القرى"
      },
      {
        "q": "السيدة الوحيدة التي ذكر اسمها صراحة في القرآن؟ (تبدأ بحرف الميم)",
        "a": "مريم",
        "o": ["مريم", "ميمونة", "مارية", "مؤمنة"],
        "h": "أم عيسى"
      }
    ]
  },
  "medium": {
    "أ": [
      {
        "q": "نبي لقب بـ 'أبو الأنبياء'؟ (يبدأ بحرف الألف)",
        "a": "إبراهيم",
        "o": ["إبراهيم", "إسماعيل", "إسحاق", "آدم"],
        "h": "بنى الكعبة"
      }
    ],
    "ب": [
      {
        "q": "حيوان أمر الله بني إسرائيل بذبحه لكشف القاتل؟ (يبدأ بحرف الباء)",
        "a": "بقرة",
        "o": ["بقرة", "بعير", "بغل", "بطة"],
        "h": "سميت السورة باسمه"
      }
    ],
    "ت": [
      {
        "q": "كتاب أنزل على موسى عليه السلام؟ (يبدأ بحرف التاء)",
        "a": "توراة",
        "o": ["توراة", "تنزيل", "تبيان", "تذكرة"],
        "h": "الكتاب المقدس لليهود"
      }
    ]
  },
  "hard": {
    "أ": [
      {
        "q": "نبي دعا ربه 'أني مسني الضر وأنت أرحم الراحمين'؟ (يبدأ بحرف الألف)",
        "a": "أيوب",
        "o": ["أيوب", "إلياس", "إدريس", "آدم"],
        "h": "الصابر"
      }
    ],
    "ذ": [
      {
        "q": "نبي ذكر في القرآن تكفل بمريم؟ (يبدأ بحرف الذال - خطأ، زكريا). السؤال: ملك صالح طاف الأرض؟ (يبدأ بحرف الذال)",
        "a": "ذي القرنين",
        "o": ["ذي القرنين", "ذي الكفل", "ذي النون", "ذي المعارج"],
        "h": "بنى السد على يأجوج ومأجوج"
      }
    ],
    "ي": [
      {
        "q": "نبي ابتلعه الحوت؟ (يبدأ بحرف الياء)",
        "a": "يونس",
        "o": ["يونس", "يحيى", "يوسف", "يعقوب"],
        "h": "ذا النون"
      }
    ]
  }
}