{
  "type": "animals",
  "sub": "arabia_wildlife",
  "easy": {
    "أ": [
      {
        "q": "حيوان بحري مهدد بالانقراض (بقر البحر) يبدأ بحرف الألف؟",
        "a": "أطوم",
        "o": ["أطوم", "أخطبوط", "أسد البحر", "أوركا"],
        "h": "يعيش في الخليج والبحر الأحمر"
      },
      {
        "q": "حيوان مفترس (ملك الغابة) ذكر في الشعر العربي يبدأ بحرف الألف؟",
        "a": "أسد",
        "o": ["أسد", "أرنب", "أفعى", "أيل"],
        "h": "انقرض من الجزيرة العربية حديثاً"
      }
    ],
    "ث": [
      {
        "q": "حيوان ماكر يعيش في الصحراء يبدأ بحرف الثاء؟",
        "a": "ثعلب",
        "o": ["ثعلب", "ثعبان", "ثور", "ثايلا"],
        "h": "يسمى الحصني"
      },
      {
        "q": "زاحف طويل يزحف على بطنه يبدأ بحرف الثاء؟",
        "a": "ثعبان",
        "o": ["ثعبان", "ثعلب", "ثور", "ثريا"],
        "h": "ليس له أرجل"
      }
    ],
    "ج": [
      {
        "q": "سفينة الصحراء يبدأ بحرف الجيم؟",
        "a": "جمل",
        "o": ["جمل", "جاموس", "جرو", "جرذ"],
        "h": "يتحمل العطش"
      },
      {
        "q": "قوارض صغيرة تقفز في الصحراء تبدأ بحرف الجيم؟",
        "a": "جربوع",
        "o": ["جربوع", "جرذ", "جمل", "جاموس"],
        "h": "له ذيل طويل وأرجل خلفية قوية"
      }
    ],
    "ح": [
      {
        "q": "زاحف يغير لونه للتخفي يبدأ بحرف الحاء؟",
        "a": "حرباء",
        "o": ["حرباء", "حنش", "حبارى", "حصان"],
        "h": "بطيئة الحركة"
      },
      {
        "q": "طائر صحراوي مفضل للصيد يبدأ بحرف الحاء؟",
        "a": "حبارى",
        "o": ["حبارى", "حمام", "حدأة", "حسون"],
        "h": "طائر خجول"
      }
    ],
    "ذ": [
      {
        "q": "حيوان مفترس يعوي للقمر يبدأ بحرف الذال؟",
        "a": "ذئب",
        "o": ["ذئب", "ذبابة", "ذر", "ذوالة"],
        "h": "يعيش في قطعان"
      }
    ],
    "س": [
      {
        "q": "حيوان زاحف له درقة صلبة يبدأ بحرف السين؟",
        "a": "سلحفاة",
        "o": ["سلحفاة", "سحلية", "سقنقور", "سمندل"],
        "h": "بطيئة جداً"
      }
    ],
    "ص": [
      {
        "q": "طائر جارح يستخدم في القنص يبدأ بحرف الصاد؟",
        "a": "صقر",
        "o": ["صقر", "صرد", "صوار", "صعوة"],
        "h": "رمز القوة والنبل"
      }
    ],
    "ض": [
      {
        "q": "زاحف مشهور بذيله الشوكي يبدأ بحرف الضاد؟",
        "a": "ضب",
        "o": ["ضب", "ضبع", "ضفدع", "ضرغام"],
        "h": "يعيش في جحور"
      },
      {
        "q": "حيوان مفترس ذو فك قوي جداً يبدأ بحرف الضاد؟",
        "a": "ضبع",
        "o": ["ضبع", "ضب", "ضفدع", "ضرنبول"],
        "h": "يأكل الجيف والعظام"
      }
    ],
    "ع": [
      {
        "q": "حيوان سام يلدغ بذيله يبدأ بحرف العين؟",
        "a": "عقرب",
        "o": ["عقرب", "عنكبوت", "عظاية", "عوسق"],
        "h": "ينشط في الصيف"
      }
    ],
    "غ": [
      {
        "q": "حيوان رشيق وجميل العيون يبدأ بحرف الغين؟",
        "a": "غزال",
        "o": ["غزال", "غراب", "غرير", "غنم"],
        "h": "سريع الجري"
      }
    ],
    "ق": [
      {
        "q": "حيوان يغطيه الشوك يبدأ بحرف القاف؟",
        "a": "قنفذ",
        "o": ["قنفذ", "قط", "قرد", "قرش"],
        "h": "يتكور عند الخطر"
      }
    ],
    "ن": [
      {
        "q": "طائر ضخم لا يطير (كان يعيش هنا) يبدأ بحرف النون؟",
        "a": "نعامة",
        "o": ["نعامة", "نسر", "نورس", "نحلة"],
        "h": "سريع جداً في الجري"
      },
      {
        "q": "حيوان مفترس مرقط يعيش في الجبال يبدأ بحرف النون؟",
        "a": "نمر",
        "o": ["نمر", "نسر", "نيص", "نمس"],
        "h": "النمر العربي"
      }
    ]
  },


  "medium": {
    "أ": [
      {
        "q": "أفعى سامة جداً تدفن نفسها في الرمل تبدأ بحرف الألف؟",
        "a": "أم جنيب",
        "o": ["أم جنيب", "أرقم", "أصلة", "أسود"],
        "h": "لها قرون صغيرة"
      }
    ],
    "ح": [
      {
        "q": "صغير الناقة يبدأ بحرف الحاء؟",
        "a": "حوار",
        "o": ["حوار", "حصان", "حمل", "حمار"],
        "h": "ابن الجمل"
      }
    ],
    "ر": [
      {
        "q": "نوع من الغزلان الفاتحة اللون يبدأ بحرف الراء؟",
        "a": "ريم",
        "o": ["ريم", "رخمة", "رباح", "رنة"],
        "h": "تغنى به الشعراء"
      },
      {
        "q": "طائر جارح يسمى 'منظف البيئة' يبدأ بحرف الراء؟",
        "a": "رخمة",
        "o": ["رخمة", "رفراف", "رهو", "روبن"],
        "h": "نوع من النسور الصغيرة"
      }
    ],
    "س": [
      {
        "q": "كلب صيد سريع جداً ونحيل يبدأ بحرف السين؟",
        "a": "سلوقي",
        "o": ["سلوقي", "سانت", "سبنيلي", "سيبيري"],
        "h": "يستخدم في المقناص"
      },
      {
        "q": "زاحف يسبح داخل الرمال (سمكة الرمال) يبدأ بحرف السين؟",
        "a": "سقنقور",
        "o": ["سقنقور", "سحلية", "سمكة", "سلمندر"],
        "h": "يسمى دميسة"
      }
    ],
    "ش": [
      {
        "q": "أنثى الصقر (الأكبر حجماً) تبدأ بحرف الشين؟",
        "a": "شيهانة",
        "o": ["شيهانة", "شاهين", "شبوط", "شمط"],
        "h": "محمودة الصفات"
      }
    ],
    "ع": [
      {
        "q": "طائر جارح قوي يسمى 'ملك الطيور' يبدأ بحرف العين؟",
        "a": "عقاب",
        "o": ["عقاب", "عصفور", "عندليب", "عوسق"],
        "h": "يصطاد الثعالب والأرانب"
      }
    ],
    "ق": [
      {
        "q": "طائر بري مهاجر يشبه الحمام يبدأ بحرف القاف؟",
        "a": "قمري",
        "o": ["قمري", "قطا", "قبرة", "قاق"],
        "h": "يصاد بكثرة في المواسم"
      },
      {
        "q": "طائر صحراوي يشتهر بنقل الماء لصغاره يبدأ بحرف القاف؟",
        "a": "قطا",
        "o": ["قطا", "قمري", "قرلق", "قنبرة"],
        "h": "يطير مسافات طويلة للماء"
      }
    ],
    "م": [
      {
        "q": "حيوان بري جميل العيون وقرونه مستقيمة يبدأ بحرف الميم؟",
        "a": "مها",
        "o": ["مها", "ماعز", "مهر", "مدرع"],
        "h": "المها العربي (الوحيضي)"
      }
    ],
    "ن": [
      {
        "q": "حيوان ليلي يغطي جسمه أشواك طويلة (ليس القنفذ) يبدأ بحرف النون؟",
        "a": "نيص",
        "o": ["نيص", "نمس", "نمر", "نحل"],
        "h": "يسمى الدعلج"
      },
      {
        "q": "حيوان صغير يقاتل الثعابين يبدأ بحرف النون؟",
        "a": "نمس",
        "o": ["نمس", "نمر", "نيص", "نسر"],
        "h": "سريع الحركة"
      }
    ],
    "هـ": [
      {
        "q": "سمكة مشهورة ومرغوبة في الخليج تبدأ بحرف الهاء؟",
        "a": "هامور",
        "o": ["هامور", "هدهد", "هر", "هجرس"],
        "h": "ملك السفرة الخليجية"
      }
    ],
    "و": [
      {
        "q": "حيوان يعيش بين الصخور (ليس أرنباً) يبدأ بحرف الواو؟",
        "a": "وبر",
        "o": ["وبر", "ورل", "وعل", "وطواط"],
        "h": "صيده صعب"
      },
      {
        "q": "زاحف كبير يشبه التمساح الصغير يبدأ بحرف الواو؟",
        "a": "ورل",
        "o": ["ورل", "وبر", "وزغة", "وعل"],
        "h": "لسانه مشقوق"
      },
      {
        "q": "حيوان جبلي له قرون معقوفة للخلف يبدأ بحرف الواو؟",
        "a": "وعل",
        "o": ["وعل", "وبر", "ورل", "وشق"],
        "h": "يعيش في المرتفعات"
      }
    ]
  },


  "hard": {
    "أ": [
      {
        "q": "ظبي صغير يعيش في جبال السروات يبدأ بحرف الألف؟",
        "a": "إدمي",
        "o": ["إدمي", "أيل", "أرنب", "أسد"],
        "h": "الغزال الجبلي"
      }
    ],
    "ح": [
      {
        "q": "طائر مهاجر صغير (يعبر في الربيع) يبدأ بحرف الحاء؟",
        "a": "حجل",
        "o": ["حجل", "حسون", "حمامة", "حدأة"],
        "h": "يشبه الدجاج الصغير"
      }
    ],
    "د": [
      {
        "q": "الاسم المحلي لحيوان النيص يبدأ بحرف الدال؟",
        "a": "دعلج",
        "o": ["دعلج", "دساس", "دودة", "دلفين"],
        "h": "شوكي الظهر"
      }
    ],
    "ش": [
      {
        "q": "ذكر الضبع يبدأ بحرف الشين (الاسم المحلي القديم)؟",
        "a": "شيب",
        "o": ["شيب", "شبل", "شاهين", "شنقب"],
        "h": "أو الذئب المسن المفترس"
      },
      {
        "q": "طائر جارح صغير الحجم (أصغر من الصقر) يبدأ بحرف الشين؟",
        "a": "شبوط",
        "o": ["شبوط", "شاهين", "شيهانة", "شقراق"],
        "h": "سريع المناورة"
      }
    ],
    "ط": [
      {
        "q": "حيوان جبلي نادر في عمان والإمارات يبدأ بحرف الطاء؟",
        "a": "طهر",
        "o": ["طهر", "طبسون", "طاووس", "طرف"],
        "h": "الطهر العربي"
      }
    ],
    "ع": [
      {
        "q": "زاحف صغير أزرق اللون في التزاوج يبدأ بحرف العين؟",
        "a": "عظاية",
        "o": ["عظاية", "عقرب", "عنكبوت", "عوسق"],
        "h": "العظاية الدنائة"
      },
      {
        "q": "طائر صغير يسمى (النسر المصري) يبدأ بحرف العين؟",
        "a": "عقاب",
        "o": ["عقاب", "عقعق", "عصفور", "عندليب"],
        "h": "عفواً، النسر المصري هو الرخمة. سأستبدله بسؤال: طائر صغير يصطاد الحشرات (Jullien's Warbler)؟ صعوة (ص). لنبق على: طائر جارح يصيد الفئران (Kestrel)؟ عوسق"
      }
    ],
    "غ": [
      {
        "q": "حيوان شرس يسمى (الراتل) يبدأ بحرف الغين؟",
        "a": "غرير العسل",
        "o": ["غرير العسل", "غزال", "غراب", "غنم"],
        "h": "لا يخاف من الأسود"
      }
    ],
    "ي": [
      {
        "q": "قوارض صحراوية تشبه الفئران (الجربيل) تبدأ بحرف الياء؟",
        "a": "يربوع",
        "o": ["يربوع", "يمامة", "يحمور", "يعسوب"],
        "h": "يختلف عن الجربوع القافز، هذا يمشي"
      }
    ]
  }
}