{
  "type": "animals",
  "sub": "classification_behavior",
  "easy": {
    "أ": [
      {
        "q": "حيوان مفترس يلقب بملك الغابة يبدأ بحرف الألف؟",
        "a": "أسد",
        "o": ["أسد", "أرنب", "أيل", "أفعى"],
        "h": "من آكلات اللحوم"
      },
      {
        "q": "حيوان مستأنس يغطي جسمه الصوف (عاشب) يبدأ بحرف الألف؟",
        "a": "أغنام",
        "o": ["أغنام", "أبقار", "أرانب", "أحصنة"],
        "h": "يربيها الإنسان"
      }
    ],
    "ب": [
      {
        "q": "طائر لا يطير يعيش في القطب الجنوبي يبدأ بحرف الباء؟",
        "a": "بطريق",
        "o": ["بطريق", "ببغاء", "بجع", "بلبل"],
        "h": "سباح ماهر"
      },
      {
        "q": "حيوانات تعيش جزءاً في الماء وجزءاً في اليابسة تبدأ بحرف الباء؟",
        "a": "برمائيات",
        "o": ["برمائيات", "بطنيات", "بكتيريا", "بذريات"],
        "h": "مثل الضفادع"
      }
    ],
    "ت": [
      {
        "q": "زاحف ضخم يعيش في الماء وله فك قوي يبدأ بحرف التاء؟",
        "a": "تمساح",
        "o": ["تمساح", "تنين", "تيس", "تترا"],
        "h": "جلده سميك وقاسي"
      }
    ],
    "ث": [
      {
        "q": "فئة من الحيوانات ترضع صغارها الحليب تبدأ بحرف الثاء؟",
        "a": "ثدييات",
        "o": ["ثدييات", "ثعابين", "ثيران", "ثعالب"],
        "h": "يغطي جسمها الشعر أو الفرو"
      },
      {
        "q": "زاحف طويل ليس له أرجل يبدأ بحرف الثاء؟",
        "a": "ثعبان",
        "o": ["ثعبان", "ثعلب", "ثور", "ثايلا"],
        "h": "يغير جلده بالانسلاخ"
      }
    ],
    "ج": [
      {
        "q": "حيوانات تلد صغارها غير مكتملة وتربيها في كيس تبدأ بحرف الجيم؟",
        "a": "جرابيات",
        "o": ["جرابيات", "جوارح", "جواميس", "جراثيم"],
        "h": "مثل الكنغر والكوالا"
      }
    ],
    "ح": [
      {
        "q": "مجموعة حيوانية لها 6 أرجل وقرون استشعار تبدأ بحرف الحاء؟",
        "a": "حشرات",
        "o": ["حشرات", "حيوانات", "حوتيات", "حبليات"],
        "h": "أكبر مجموعة في المملكة الحيوانية"
      },
      {
        "q": "زاحف يغير لونه حسب البيئة يبدأ بحرف الحاء؟",
        "a": "حرباء",
        "o": ["حرباء", "حنش", "حبار", "حلزون"],
        "h": "عيناها تتحركان بشكل مستقل"
      }
    ],
    "خ": [
      {
        "q": "ثديي وحيد يستطيع الطيران الحقيقي يبدأ بحرف الخاء؟",
        "a": "خفاش",
        "o": ["خفاش", "خرتيت", "خلد", "خروف"],
        "h": "ينشط ليلاً وينام مقلوباً"
      },
      {
        "q": "عضو التنفس عند الأسماك يبدأ بحرف الخاء؟",
        "a": "خياشيم",
        "o": ["خياشيم", "خلايا", "خراطيم", "خوادر"],
        "h": "تستخلص الأكسجين من الماء"
      }
    ],
    "د": [
      {
        "q": "حيوان ثديي بحري ذكي جداً يبدأ بحرف الدال؟",
        "a": "دلفين",
        "o": ["دلفين", "دب", "دجاجة", "دودة"],
        "h": "صديق للإنسان"
      },
      {
        "q": "لافقاريات أسطوانية تعيش في التربة تبدأ بحرف الدال؟",
        "a": "ديدان",
        "o": ["ديدان", "دبابير", "دعسوقة", "دجاج"],
        "h": "تساعد في تهوية التربة"
      }
    ],
    "ذ": [
      {
        "q": "حيوان مفترس من فصيلة الكلبيات يعوي يبدأ بحرف الذال؟",
        "a": "ذئب",
        "o": ["ذئب", "ذبابة", "ذر", "ذكر"],
        "h": "يعيش في مجموعات (قطيع)"
      }
    ],
    "ر": [
      {
        "q": "يغطي جسم الطيور ويساعدها على الطيران يبدأ بحرف الراء؟",
        "a": "ريش",
        "o": ["ريش", "رأس", "رجل", "رئة"],
        "h": "خفيف وعازل للحرارة"
      }
    ],
    "ز": [
      {
        "q": "حيوانات تبيض وجلدها مغطى بالحراشف تبدأ بحرف الزاي؟",
        "a": "زواحف",
        "o": ["زواحف", "زرافات", "زهريات", "زباد"],
        "h": "من ذوات الدم البارد"
      }
    ],
    "س": [
      {
        "q": "نوم الحيوانات الطويل في الشتاء يبدأ بحرف السين؟",
        "a": "سبات",
        "o": ["سبات", "سمع", "سفر", "سكون"],
        "h": "للحفاظ على الطاقة"
      },
      {
        "q": "حيوان زاحف بطيء الحركة له درقة تبدأ بحرف السين؟",
        "a": "سلحفاة",
        "o": ["سلحفاة", "سحلية", "سمكة", "سلطعون"],
        "h": "تعيش طويلاً"
      }
    ],
    "ش": [
      {
        "q": "مرحلة داخل الشرنقة قبل تحول الفراشة تبدأ بحرف الشين؟",
        "a": "شرنقة",
        "o": ["شرنقة", "شبكة", "شوكة", "شغالة"],
        "h": "بيت اليرقة للتحول"
      }
    ],
    "ط": [
      {
        "q": "حيوانات يغطي جسمها الريش وتبيض تبدأ بحرف الطاء؟",
        "a": "طيور",
        "o": ["طيور", "طلائعيات", "طفيليات", "طحالب"],
        "h": "لها منقار وجناحان"
      }
    ],
    "ع": [
      {
        "q": "حيوان له 8 أرجل وينسج شباكاً يبدأ بحرف العين؟",
        "a": "عنكبوت",
        "o": ["عنكبوت", "عقرب", "عظاية", "عصفور"],
        "h": "ليس من الحشرات"
      },
      {
        "q": "حيوان يتغذى على النباتات فقط يسمى (يبدأ بحرف العين)؟",
        "a": "عاشب",
        "o": ["عاشب", "عنيد", "عاقر", "عملاق"],
        "h": "مثل البقر والغزال"
      }
    ],
    "غ": [
      {
        "q": "سلوك فطري غير متعلم عند الحيوان يبدأ بحرف الغين؟",
        "a": "غريزة",
        "o": ["غريزة", "غذاء", "غضب", "غفوة"],
        "h": "مثل بناء العش عند الطيور"
      }
    ],
    "ف": [
      {
        "q": "حيوانات لها عمود فقري وهيكل عظمي تبدأ بحرف الفاء؟",
        "a": "فقاريات",
        "o": ["فقاريات", "فطريات", "فراشات", "فئران"],
        "h": "تشمل الثدييات والطيور"
      }
    ],
    "ق": [
      {
        "q": "حيوانات بحري مثل الجمبري والسرطان تبدأ بحرف القاف؟",
        "a": "قشريات",
        "o": ["قشريات", "قرش", "قنافذ", "قواقع"],
        "h": "يغطي جسمها قشرة صلبة"
      }
    ],
    "ل": [
      {
        "q": "حيوانات ليس لها عمود فقري تبدأ بحرف اللام؟",
        "a": "لافقاريات",
        "o": ["لافقاريات", "لاحمة", "لبونة", "لاسعة"],
        "h": "تشكل 97% من الحيوانات"
      },
      {
        "q": "حيوان يتغذى على اللحوم يسمى (يبدأ بحرف اللام)؟",
        "a": "لاحم",
        "o": ["لاحم", "لبون", "لزج", "ليلي"],
        "h": "مثل الأسد والنمر"
      }
    ],
    "م": [
      {
        "q": "أكبر شعبة حيوانية تشمل الحشرات والعناكب تبدأ بحرف الميم؟",
        "a": "مفصليات",
        "o": ["مفصليات", "مساميات", "مشيميات", "مائي"],
        "h": "أرجلها مقسمة لمفاصل"
      }
    ]
  },
  "medium": {
    "أ": [
      {
        "q": "حيوان بحري ذكي له 8 أذرع يبدأ بحرف الألف؟",
        "a": "أخطبوط",
        "o": ["أخطبوط", "أسفنج", "أرنب", "أفعى"],
        "h": "يطلق الحبر للدفاع"
      }
    ],
    "ب": [
      {
        "q": "مجموعة الرخويات التي تزحف على بطنها (الحلزون) تبدأ بحرف الباء؟",
        "a": "بطنيات القدم",
        "o": ["بطنيات القدم", "برمائيات", "بذريات", "بدائيات"],
        "h": "تحمل صدفتها فوقها"
      }
    ],
    "ت": [
      {
        "q": "عملية تغير شكل الحيوان جذرياً (مثل اليرقة لفراشة) تبدأ بحرف التاء؟",
        "a": "تحول",
        "o": ["تحول", "تكيف", "تطور", "تكاثر"],
        "h": "Metamorphosis"
      },
      {
        "q": "علاقة حيوية يستفيد فيها الطرفان تبدأ بحرف التاء؟",
        "a": "تكافل",
        "o": ["تكافل", "تطفل", "تنافس", "تصارع"],
        "h": "تعايش تعاوني"
      }
    ],
    "ث": [
      {
        "q": "حيوانات درجة حرارة جسمها لا تتغير مع البيئة تبدأ بحرف الثاء (ثابتة...)؟",
        "a": "ثابتة الحرارة",
        "o": ["ثابتة الحرارة", "ثنائية الجنس", "ثانوية الفم", "ثقيلة الوزن"],
        "h": "ذوات الدم الحار"
      }
    ],
    "ج": [
      {
        "q": "هيكل عظمي يغطي جسم الحشرات من الخارج يبدأ بحرف الجيم (الـ)؟",
        "a": "الجليد (Cuticle)",
        "o": ["الجليد", "الجلد", "الجسم", "الجمجمة"],
        "h": "عفواً، الأصح هو الهيكل الخارجي. سأضع سؤالاً آخر: حيوانات لها كيس لتربية الصغار؟ جرابيات"
      }
    ],
    "ر": [
      {
        "q": "مجموعة تشمل الإنسان والقرود تبدأ بحرف الراء؟",
        "a": "رئيسيات",
        "o": ["رئيسيات", "رخويات", "رأسقدميات", "رواكض"],
        "h": "تتميز بأدمغة متطورة"
      },
      {
        "q": "حيوانات جسمها طري ولها صدفة غالباً تبدأ بحرف الراء؟",
        "a": "رخويات",
        "o": ["رخويات", "رئيسيات", "رأسيات", "رواحف"],
        "h": "مثل الحلزون والمحار"
      }
    ],
    "ز": [
      {
        "q": "أعضاء تساعد الأسماك على التوازن والسباحة تبدأ بحرف الزاي؟",
        "a": "زعانف",
        "o": ["زعانف", "زوائد", "زواحف", "زيوت"],
        "h": "بديلة للأرجل والأجنحة"
      }
    ],
    "ش": [
      {
        "q": "حيوانات بحرية جلدها شوكي (مثل نجم البحر) تبدأ بحرف الشين؟",
        "a": "شوكيات الجلد",
        "o": ["شوكيات الجلد", "شمعيات", "شرنقات", "شعاعيات"],
        "h": "تعيش في قاع البحر"
      }
    ],
    "ط": [
      {
        "q": "كائنات تعيش على حساب كائنات أخرى وتضرها تبدأ بحرف الطاء؟",
        "a": "طفيليات",
        "o": ["طفيليات", "طيور", "طلائعيات", "طبقيات"],
        "h": "مثل القراد والقمل"
      }
    ],
    "ق": [
      {
        "q": "حيوان يأكل اللحوم والنباتات معاً يبدأ بحرف القاف؟",
        "a": "قارت",
        "o": ["قارت", "قارض", "قاتل", "قشري"],
        "h": "Omnivore"
      }
    ],
    "ك": [
      {
        "q": "ثدييات تضع البيض (مثل منقار البط) تسمى تبدأ بحرف الكاف؟",
        "a": "كظاميات",
        "o": ["كظاميات", "كلبيات", "كيسيات", "كاسرات"],
        "h": "الوحيدة التي لا تلد"
      }
    ],
    "ل": [
      {
        "q": "حيوان ينشط ويبحث عن طعامه في الليل يبدأ بحرف اللام؟",
        "a": "ليلي",
        "o": ["ليلي", "لاحم", "لزج", "لافقاري"],
        "h": "مثل البومة"
      },
      {
        "q": "حيوانات بحرية مثل قنديل البحر تبدأ بحرف اللام؟",
        "a": "لاسعات",
        "o": ["لاسعات", "لاحمة", "لؤلؤية", "لبونة"],
        "h": "لديها خلايا لاسعة"
      }
    ],
    "م": [
      {
        "q": "ثدييات يكتمل نمو جنينها داخل الرحم تبدأ بحرف الميم؟",
        "a": "مشيميات",
        "o": ["مشيميات", "مفصليات", "مائي", "مفترس"],
        "h": "تشمل الإنسان ومعظم الثدييات"
      },
      {
        "q": "انتقال الحيوانات موسمياً لمكان آخر تبدأ بحرف الميم (الـ)؟",
        "a": "المهاجرة",
        "o": ["المهاجرة", "المفترسة", "المتخفية", "المتطفلة"],
        "h": "بحثاً عن الدفء والغذاء"
      }
    ]
  },
  "hard": {
    "أ": [
      {
        "q": "حيوان يسمى (آكل النمل الشوكي) وهو ثديي يبيض يبدأ بحرف الألف؟",
        "a": "أيكيدنا",
        "o": ["أيكيدنا", "أبوسوم", "أرماديلو", "أوكابي"],
        "h": "يعيش في أستراليا"
      }
    ],
    "ت": [
      {
        "q": "سلوك تعلمي يحدث في فترة حرجة مبكرة (مثل صغار البط) يبدأ بحرف التاء؟",
        "a": "تطبع",
        "o": ["تطبع", "تعلم", "تكيف", "تنافس"],
        "h": "Imprinting"
      }
    ],
    "خ": [
      {
        "q": "حيوان يحمل الأعضاء الذكرية والأنثوية معاً يبدأ بحرف الخاء؟",
        "a": "خنثى",
        "o": ["خنثى", "خلية", "خادرة", "خميرة"],
        "h": "مثل دودة الأرض"
      },
      {
        "q": "حالة سكون مؤقت لبعض الحيوانات في الصيف (عكس السبات) تبدأ بحرف الخاء؟",
        "a": "خمول صيفي",
        "o": ["خمول صيفي", "خدر", "خوف", "خدمة"],
        "h": "Estivation"
      }
    ],
    "ذ": [
      {
        "q": "المصطلح العلمي للحيوانات ثابتة الحرارة يبدأ بحرف الذال؟",
        "a": "ذوات الدم الحار",
        "o": ["ذوات الدم الحار", "ذوات الدم البارد", "ذوات الصدفة", "ذوات الجراب"],
        "h": "Endothermic"
      }
    ],
    "ر": [
      {
        "q": "مجموعة الرخويات المتطورة التي تشمل الأخطبوط والحبار تبدأ بحرف الراء؟",
        "a": "رأسقدميات",
        "o": ["رأسقدميات", "رخويات", "رئويات", "رواحف"],
        "h": "أقدامها متصلة برأسها"
      }
    ],
    "ط": [
      {
        "q": "علاقة يستفيد فيها طرف ولا يتأثر الآخر تبدأ بحرف الطاء؟",
        "a": "طعامية (تعايش)",
        "o": ["طعامية", "تطفل", "تكافل", "تنافس"],
        "h": "Commensalism (التعايش هو الأصح، لكن سأضع طعامية كترجمة حرفية أحياناً، أو تعايش في التاء)"
      }
    ],
    "غ": [
      {
        "q": "نسيج مرن يشكل هيكل أسماك القرش يبدأ بحرف الغين؟",
        "a": "غضروف",
        "o": ["غضروف", "غشاء", "غدة", "غراء"],
        "h": "ألين من العظم"
      }
    ],
    "ك": [
      {
        "q": "المادة القاسية التي يتكون منها الهيكل الخارجي للحشرات تبدأ بحرف الكاف؟",
        "a": "كيتين",
        "o": ["كيتين", "كيراتين", "كولاجين", "كالسيوم"],
        "h": "مادة قوية جداً"
      }
    ],
    "ل": [
      {
        "q": "يرقة بعض الحشرات المائية تبدأ بحرف اللام (الـ)؟",
        "a": "اللوامس",
        "o": ["اللوامس", "اللواحق", "اللافقاريات", "اللاسعات"],
        "h": "عفواً، اللوامس هي أعضاء حسية. سأستبدله بـ: حيوان بدائي جداً من اللافقاريات (Isopod)؟ لا، دعنا نستخدم: حيوان يشبه الدودة وله أرجل كثيرة (أم 44)؟ لا يبدأ باللام. سأستخدم: (الليمور)"
      }
    ],
    "م": [
      {
        "q": "حيوانات ليس لها أنسجة حقيقية (الأسفنج) تسمى تبدأ بحرف الميم؟",
        "a": "مساميات",
        "o": ["مساميات", "مفصليات", "مرجانيات", "مجوّفات"],
        "h": "جسمها مليء بالثقوب"
      }
    ]
  }
}