{
  "type": "animals",
  "sub": "diet_foodchain",
  "easy": {
    "أ": [
      {
        "q": "حيوان مفترس يأكل اللحوم (ملك الغابة) يبدأ بحرف الألف؟",
        "a": "أسد",
        "o": ["أسد", "أرنب", "أيل", "أوزة"],
        "h": "يصطاد الفرائس الكبيرة"
      },
      {
        "q": "حيوان صغير يأكل الجزر والنباتات يبدأ بحرف الألف؟",
        "a": "أرنب",
        "o": ["أرنب", "أسد", "أفعى", "أخطبوط"],
        "h": "سريع الجري"
      }
    ],
    "ب": [
      {
        "q": "حيوان مزرعة يأكل الأعشاب وينتج الحليب يبدأ بحرف الباء؟",
        "a": "بقرة",
        "o": ["بقرة", "بومة", "بجعة", "بطة"],
        "h": "من المجترات"
      }
    ],
    "ت": [
      {
        "q": "حيوان مفترس يعيش في الماء ويأكل اللحوم يبدأ بحرف التاء؟",
        "a": "تمساح",
        "o": ["تمساح", "تيس", "تنين", "تترا"],
        "h": "له فك قوي جداً"
      }
    ],
    "ث": [
      {
        "q": "حيوان ماكر يأكل الدجاج والقوارض يبدأ بحرف الثاء؟",
        "a": "ثعلب",
        "o": ["ثعلب", "ثور", "ثعبان", "ثايلا"],
        "h": "يشبه الكلب"
      },
      {
        "q": "زاحف لاحم يبتلع فريسته بالكامل يبدأ بحرف الثاء؟",
        "a": "ثعبان",
        "o": ["ثعبان", "ثور", "ثعلب", "ثرثار"],
        "h": "ليس له أرجل"
      }
    ],
    "ج": [
      {
        "q": "حيوان صحراوي يأكل الشوك والنباتات الجافة يبدأ بحرف الجيم؟",
        "a": "جمل",
        "o": ["جمل", "جرذ", "جرو", "جاموس"],
        "h": "سفينة الصحراء"
      }
    ],
    "ح": [
      {
        "q": "غذاء الضفادع والعناكب الرئيسي يبدأ بحرف الحاء؟",
        "a": "حشرات",
        "o": ["حشرات", "حبوب", "حشائش", "حجارة"],
        "h": "مثل الذباب والبعوض"
      },
      {
        "q": "حيوان عاشب يخطط جلده بالأبيض والأسود يبدأ بحرف الحاء؟",
        "a": "حمار وحشي",
        "o": ["حمار وحشي", "حصان", "حمل", "حوت"],
        "h": "فريسة للأسود"
      }
    ],
    "خ": [
      {
        "q": "نبات يعتبر الغذاء المفضل للباندا يبدأ بحرف الخاء؟",
        "a": "خيزران",
        "o": ["خيزران", "خس", "خيار", "خبز"],
        "h": "البامبو"
      },
      {
        "q": "حيوان عاشب يغطي جسمه الصوف يبدأ بحرف الخاء؟",
        "a": "خروف",
        "o": ["خروف", "خلد", "خفاش", "خرتيت"],
        "h": "يأكل العشب"
      }
    ],
    "د": [
      {
        "q": "حيوان قارت (يأكل اللحوم والنباتات والعسل) يبدأ بحرف الدال؟",
        "a": "دب",
        "o": ["دب", "دجاجة", "ديك", "درفيل"],
        "h": "يحب السبات الشتوي"
      }
    ],
    "ذ": [
      {
        "q": "حيوان مفترس يصطاد في جماعات يبدأ بحرف الذال؟",
        "a": "ذئب",
        "o": ["ذئب", "ذبابة", "ذر", "ذكر"],
        "h": "يعوي للقمر"
      }
    ],
    "ز": [
      {
        "q": "حيوان عاشب طويل الرقبة يأكل من قمم الأشجار يبدأ بحرف الزاي؟",
        "a": "زرافة",
        "o": ["زرافة", "زيبرا", "زرزور", "زبابة"],
        "h": "أطول حيوان بري"
      }
    ],
    "س": [
      {
        "q": "حيوان يحب أكل المكسرات (البندق) يبدأ بحرف السين؟",
        "a": "سنجاب",
        "o": ["سنجاب", "سمك", "سلحفاة", "سلطعون"],
        "h": "يخزن طعامه للشتاء"
      }
    ],
    "ص": [
      {
        "q": "طائر جارح يصطاد الأرانب والطيور يبدأ بحرف الصاد؟",
        "a": "صقر",
        "o": ["صقر", "صرصور", "صعوة", "صياد"],
        "h": "يتميز بحدة البصر"
      }
    ],
    "ض": [
      {
        "q": "حيوان برمائي يأكل الحشرات بلسانه اللزج يبدأ بحرف الضاد؟",
        "a": "ضفدع",
        "o": ["ضفدع", "ضب", "ضبع", "ضرغام"],
        "h": "يعيش قرب الماء"
      }
    ],
    "غ": [
      {
        "q": "حيوان عاشب سريع الجري يعتبر فريسة للفهود يبدأ بحرف الغين؟",
        "a": "غزال",
        "o": ["غزال", "غوريلا", "غرير", "غراب"],
        "h": "جميل العيون"
      }
    ],
    "ف": [
      {
        "q": "حيوان مفترس هو الأسرع في العالم يبدأ بحرف الفاء؟",
        "a": "فهد",
        "o": ["فهد", "فيل", "فأر", "فقمة"],
        "h": "جسمه منقط"
      }
    ],
    "ق": [
      {
        "q": "حيوان بحري مفترس له أسنان حادة يبدأ بحرف القاف؟",
        "a": "قرش",
        "o": ["قرش", "قنديل", "قريدس", "قندس"],
        "h": "شم الدم من بعيد"
      }
    ],
    "ك": [
      {
        "q": "حيوان وفيّ يعتبر قارتاً (يأكل اللحم والنبات) يبدأ بحرف الكاف؟",
        "a": "كلب",
        "o": ["كلب", "كنغر", "كوالا", "كسلان"],
        "h": "صديق الإنسان"
      }
    ],
    "ل": [
      {
        "q": "الغذاء الرئيسي للأسد والنمر يبدأ بحرف اللام؟",
        "a": "لحوم",
        "o": ["لحوم", "لوز", "لفت", "ليمون"],
        "h": "مصدر بروتين"
      }
    ],
    "م": [
      {
        "q": "حيوان عاشب يحب التسلق وأكل الأوراق يبدأ بحرف الميم؟",
        "a": "ماعز",
        "o": ["ماعز", "مهر", "مدرع", "محار"],
        "h": "عنيد وقوي"
      }
    ]
  },


  "medium": {
    "أ": [
      {
        "q": "حيوانات تتغذى على النباتات فقط تسمى يبدأ بحرف الألف؟",
        "a": "آكلات أعشاب",
        "o": ["آكلات أعشاب", "آكلات لحوم", "آكلات حشرات", "أوليات"],
        "h": "المستهلك الأول"
      },
      {
        "q": "حيوانات تتغذى على اللحوم فقط تسمى يبدأ بحرف الألف؟",
        "a": "آكلات لحوم",
        "o": ["آكلات لحوم", "آكلات أعشاب", "آكلات فواكه", "أوليات"],
        "h": "المفترسات"
      }
    ],
    "د": [
      {
        "q": "حيوان لا فقاري يحلل التربة (يأكل الفتات) يبدأ بحرف الدال؟",
        "a": "دودة الأرض",
        "o": ["دودة الأرض", "دبور", "دعسوقة", "دب"],
        "h": "مفيدة للزراعة"
      },
      {
        "q": "سائل يتغذى عليه البعوض (الإناث) يبدأ بحرف الدال؟",
        "a": "دم",
        "o": ["دم", "دبس", "دهن", "دقيق"],
        "h": "للحصول على البروتين للبيض"
      }
    ],
    "ر": [
      {
        "q": "سائل حلو في الأزهار تتغذى عليه النحلة يبدأ بحرف الراء؟",
        "a": "رحيق",
        "o": ["رحيق", "رطب", "رمان", "ريحان"],
        "h": "يصنع منه العسل"
      }
    ],
    "س": [
      {
        "q": "مخطط يوضح انتقال الطاقة من كائن لآخر يبدأ بحرف السين؟",
        "a": "سلسلة غذائية",
        "o": ["سلسلة غذائية", "سحابة إلكترونية", "سيادة تامة", "سرعة ضوئية"],
        "h": "تبدأ بالمنتج وتنتهي بالمحلل"
      }
    ],
    "ش": [
      {
        "q": "تداخل مجموعة من السلاسل الغذائية معاً يبدأ بحرف الشين؟",
        "a": "شبكة غذائية",
        "o": ["شبكة غذائية", "شنقة", "شجرة العائلة", "شعبة"],
        "h": "نظام معقد"
      },
      {
        "q": "المصدر الرئيسي للطاقة لجميع الكائنات الحية يبدأ بحرف الشين؟",
        "a": "شمس",
        "o": ["شمس", "شمع", "شحم", "شجر"],
        "h": "ضرورية للنبات"
      }
    ],
    "ض": [
      {
        "q": "حيوان يأكل بقايا الفرائس (الجيف) والعظام يبدأ بحرف الضاد؟",
        "a": "ضبع",
        "o": ["ضبع", "ضب", "ضفدع", "ضرغام"],
        "h": "له فك قوي جداً"
      },
      {
        "q": "ما يحتاجه النبات لصنع غذائه (غير الماء والهواء) يبدأ بحرف الضاد؟",
        "a": "ضوء",
        "o": ["ضوء", "ضباب", "ضغط", "ضرر"],
        "h": "من الشمس"
      }
    ],
    "ط": [
      {
        "q": "كائنات بحرية دقيقة تصنع غذائها (منتجات) تبدأ بحرف الطاء؟",
        "a": "طحالب",
        "o": ["طحالب", "طفيليات", "طحيلات", "طيور"],
        "h": "أساس السلسلة الغذائية البحرية"
      },
      {
        "q": "كائن يعيش على كائن آخر ويتغذى منه ويضره يبدأ بحرف الطاء؟",
        "a": "طفيلي",
        "o": ["طفيلي", "طحلب", "طائر", "طاووس"],
        "h": "مثل القراد والقمل"
      }
    ],
    "ع": [
      {
        "q": "كائنات دقيقة هائمة في الماء تعتبر غذاء للحيتان تبدأ بحرف العين؟",
        "a": "عوالق",
        "o": ["عوالق", "عناكب", "عقارب", "عصافير"],
        "h": "بلانكتون"
      }
    ],
    "ف": [
      {
        "q": "الحيوان الذي يتم اصطياده وأكله يسمى يبدأ بحرف الفاء؟",
        "a": "فريسة",
        "o": ["فريسة", "فيل", "فهد", "فأر"],
        "h": "الضحية"
      },
      {
        "q": "كائنات تقوم بتحليل المواد الميتة (محللات) تبدأ بحرف الفاء؟",
        "a": "فطريات",
        "o": ["فطريات", "فراشات", "فيلة", "فئران"],
        "h": "مثل المشروم والعفن"
      }
    ],
    "ق": [
      {
        "q": "حيوان يأكل اللحوم والنباتات (متعدد التغذية) يسمى يبدأ بحرف القاف؟",
        "a": "قارت",
        "o": ["قارت", "قرش", "قندس", "قرد"],
        "h": "Omnivore"
      },
      {
        "q": "حيوان يتغذى على الحيوانات الميتة (منظف البيئة) يسمى يبدأ بحرف القاف؟",
        "a": "قمامة",
        "o": ["قمامة", "قرش", "قندس", "قرد"],
        "h": "Scavenger"
      }
    ],
    "ل": [
      {
        "q": "حيوان يتغذى على اللحوم يسمى يبدأ بحرف اللام؟",
        "a": "لاحم",
        "o": ["لاحم", "لبون", "لزج", "لافقاري"],
        "h": "Carnivore"
      }
    ],
    "م": [
      {
        "q": "الكائنات التي تصنع غذائها بنفسها (النباتات) تسمى يبدأ بحرف الميم؟",
        "a": "منتجات",
        "o": ["منتجات", "مستهلكات", "محللات", "مفترسات"],
        "h": "أساس الهرم الغذائي"
      },
      {
        "q": "الحيوان الذي يصطاد غيره ليأكله يسمى يبدأ بحرف الميم؟",
        "a": "مفترس",
        "o": ["مفترس", "مستهلك", "منتج", "محلل"],
        "h": "الصياد"
      }
    ]
  },
  "hard": {
    "ج": [
      {
        "q": "حيوانات تتغذى على الجيف (بقايا الحيوانات الميتة) تبدأ بحرف الجيم؟",
        "a": "جارحة (أو جيفية)",
        "o": ["جارحة", "جامحة", "جائعة", "جوالة"],
        "h": "عفواً، المصطلح الأدق هو (حيوانات قمامية)، لكن للجيم: ماذا يأكل النسر؟ جيف (Carrion). السؤال: بقايا الحيوانات الميتة التي يأكلها النسر تسمى؟ جيف"
      },
      {
        "q": "بقايا الحيوانات الميتة التي تأكلها الحيوانات القمامة تبدأ بحرف الجيم؟",
        "a": "جيف",
        "o": ["جيف", "جذور", "جراد", "جوارح"],
        "h": "طعام الضباع والنسور"
      }
    ],
    "ذ": [
      {
        "q": "الكائنات التي تصنع غذائها بنفسها تسمى (علمياً) تبدأ بحرف الذال؟",
        "a": "ذاتية التغذية",
        "o": ["ذاتية التغذية", "ذاتية الحركة", "ذاتية الانقسام", "ذاتية التكاثر"],
        "h": "Autotrophs"
      }
    ],
    "ر": [
      {
        "q": "كائنات تحصل على غذائها من المواد العضوية المتحللة تسمى تبدأ بحرف الراء؟",
        "a": "رمية",
        "o": ["رمية", "رملية", "رئوية", "رئيسية"],
        "h": "Saprotrophs"
      }
    ],
    "ط": [
      {
        "q": "ما ينتقل عبر السلسلة الغذائية من كائن لآخر يبدأ بحرف الطاء؟",
        "a": "طاقة",
        "o": ["طاقة", "طعام", "طول", "طبقة"],
        "h": "تقل كلما صعدنا في الهرم"
      }
    ],
    "غ": [
      {
        "q": "حيوان يعتبر (آكل حشرات) ويأكل العسل بشراهة يبدأ بحرف الغين؟",
        "a": "غرير العسل",
        "o": ["غرير العسل", "غزال", "غراب", "غنم"],
        "h": "لا يخاف النحل ولا الثعابين"
      }
    ],
    "ك": [
      {
        "q": "المادة الخضراء التي تساعد النبات على صنع غذائه تبدأ بحرف الكاف؟",
        "a": "كلوروفيل",
        "o": ["كلوروفيل", "كربوهيدرات", "كالسيوم", "كيراتين"],
        "h": "توجد في الأوراق"
      }
    ],
    "م": [
      {
        "q": "كائنات تحلل البقايا وتعيد العناصر للتربة تسمى يبدأ بحرف الميم؟",
        "a": "محللات",
        "o": ["محللات", "مستهلكات", "منتجات", "مفترسات"],
        "h": "آخر حلقة في السلسلة"
      },
      {
        "q": "حيوانات تعتمد في غذائها على غيرها تسمى يبدأ بحرف الميم؟",
        "a": "مستهلكات",
        "o": ["مستهلكات", "منتجات", "محللات", "مكونات"],
        "h": "Heterotrophs"
      }
    ]
  }
}