{
  "type": "animals",
  "sub": "facts_records",
  "easy": {
    "أ": [
      {
        "q": "أضخم حيوان على وجه الأرض (بلا منازع) يبدأ بحرف الألف؟",
        "a": "أزرق (الحوت)",
        "o": ["أزرق (الحوت)", "أفريقي (الفيل)", "أناكوندا", "أسد"],
        "h": "لسانه بوزن فيل"
      },
      {
        "q": "حيوان بحري له 3 قلوب و 8 أذرع يبدأ بحرف الألف؟",
        "a": "أخطبوط",
        "o": ["أخطبوط", "أسد البحر", "أطوم", "أفعى"],
        "h": "دمه أزرق"
      }
    ],
    "ب": [
      {
        "q": "طائر لا يطير ولكنه سباح ماهر جداً يبدأ بحرف الباء؟",
        "a": "بطريق",
        "o": ["بطريق", "ببغاء", "بجع", "بلبل"],
        "h": "يعيش في القطب الجنوبي"
      },
      {
        "q": "أكثر حيوان يتسبب في وفاة البشر (نقل الأمراض) يبدأ بحرف الباء؟",
        "a": "بعوضة",
        "o": ["بعوضة", "بقرة", "برغوث", "بومة"],
        "h": "صغيرة جداً ومزعجة"
      }
    ],
    "ت": [
      {
        "q": "صاحب أقوى عضة في عالم الحيوان يبدأ بحرف التاء؟",
        "a": "تمساح",
        "o": ["تمساح", "تنين", "تيس", "تترا"],
        "h": "من الزواحف العملاقة"
      }
    ],
    "ج": [
      {
        "q": "حيوان يستطيع تحمل العطش لفترات طويلة جداً يبدأ بحرف الجيم؟",
        "a": "جمل",
        "o": ["جمل", "جاموس", "جرو", "جرذ"],
        "h": "يخزن الدهون في سنامه"
      }
    ],
    "ح": [
      {
        "q": "حيوان ينام واقفاً (بقفل مفاصله) يبدأ بحرف الحاء؟",
        "a": "حصان",
        "o": ["حصان", "حمار", "حمل", "حوت"],
        "h": "يستخدم للركوب"
      },
      {
        "q": "زاحف يستطيع تحريك عينيه في اتجاهين مختلفين يبدأ بحرف الحاء؟",
        "a": "حرباء",
        "o": ["حرباء", "حنش", "حبار", "حلزون"],
        "h": "تغير لونها"
      }
    ],
    "خ": [
      {
        "q": "الثديي الوحيد القادر على الطيران يبدأ بحرف الخاء؟",
        "a": "خفاش",
        "o": ["خفاش", "خلد", "خرتيت", "خروف"],
        "h": "يستخدم الصدى"
      }
    ],
    "ز": [
      {
        "q": "أطول حيوان بري (ارتفاعاً) يبدأ بحرف الزاي؟",
        "a": "زرافة",
        "o": ["زرافة", "زيبرا", "زمب", "زرزور"],
        "h": "ليس لديها حبال صوتية"
      }
    ],
    "س": [
      {
        "q": "حيوان معمر يعيش لأكثر من 150 سنة يبدأ بحرف السين؟",
        "a": "سلحفاة",
        "o": ["سلحفاة", "سحلية", "سنجاب", "سمكة"],
        "h": "بطيئة الحركة"
      }
    ],
    "ف": [
      {
        "q": "أسرع حيوان بري في العالم يبدأ بحرف الفاء؟",
        "a": "فهد",
        "o": ["فهد", "فيل", "فأر", "فقمة"],
        "h": "جسمه منقط"
      },
      {
        "q": "الحيوان الثديي الوحيد الذي لا يستطيع القفز يبدأ بحرف الفاء؟",
        "a": "فيل",
        "o": ["فيل", "فهد", "فرس", "فار"],
        "h": "بسبب وزنه الثقيل"
      }
    ],
    "ك": [
      {
        "q": "أبطأ حيوان ثديي في العالم يبدأ بحرف الكاف؟",
        "a": "كسلان",
        "o": ["كسلان", "كنغر", "كوالا", "كلب"],
        "h": "ينام معلقاً بالشجرة"
      }
    ]
  },


  "medium": {
    "ث": [
      {
        "q": "حيوان يشم الروائح بلسانه يبدأ بحرف الثاء؟",
        "a": "ثعبان",
        "o": ["ثعبان", "ثعلب", "ثور", "ثايلا"],
        "h": "ليس له أنف للشم"
      }
    ],
    "د": [
      {
        "q": "حيوان ينام ونصف دماغه مستيقظ ليتنفس يبدأ بحرف الدال؟",
        "a": "دلفين",
        "o": ["دلفين", "دب", "دجاجة", "دودة"],
        "h": "حيوان بحري ذكي"
      }
    ],
    "ذ": [
      {
        "q": "حيوان يمتلك حاسة شم أقوى 100 مرة من الإنسان يبدأ بحرف الذال؟",
        "a": "ذئب",
        "o": ["ذئب", "ذبابة", "ذكر", "ذوالة"],
        "h": "جد الكلاب"
      }
    ],
    "ش": [
      {
        "q": "أسرع كائن حي في الهبوط (الانقضاض) يبدأ بحرف الشين؟",
        "a": "شاهين",
        "o": ["شاهين", "شادي", "شمبانزي", "شبل"],
        "h": "نوع من الصقور"
      }
    ],
    "ص": [
      {
        "q": "حشرة يمكنها العيش بلا رأس لعدة أيام تبدأ بحرف الصاد؟",
        "a": "صرصور",
        "o": ["صرصور", "صياد", "صقر", "صعوة"],
        "h": "تتنفس من جسمها"
      }
    ],
    "ض": [
      {
        "q": "حيوان يملك أقوى فك ساحق للعظام (بالنسبة لحجمه) يبدأ بحرف الضاد؟",
        "a": "ضبع",
        "o": ["ضبع", "ضب", "ضفدع", "ضرغام"],
        "h": "يضحك بصوت غريب"
      }
    ],
    "ط": [
      {
        "q": "الطائر الوحيد الذي يستطيع الطيران للخلف يبدأ بحرف الطاء؟",
        "a": "طنان",
        "o": ["طنان", "طاوس", "طيطوي", "طائر"],
        "h": "يرفرف بجناحيه بسرعة مذهلة"
      }
    ],
    "ع": [
      {
        "q": "حيوان يستطيع حبس أنفاسه لمدة 6 أيام يبدأ بحرف العين؟",
        "a": "عقرب",
        "o": ["عقرب", "عنكبوت", "عظاية", "عصفور"],
        "h": "كائن سام"
      }
    ],
    "غ": [
      {
        "q": "أقوى الحيوانات الرئيسية (القرود) يبدأ بحرف الغين؟",
        "a": "غوريلا",
        "o": ["غوريلا", "غزال", "غرير", "غنم"],
        "h": "تعيش في الغابات"
      }
    ],
    "ق": [
      {
        "q": "حيوان يستشعر قطرة الدم من مسافة كيلومترات يبدأ بحرف القاف؟",
        "a": "قرش",
        "o": ["قرش", "قنديل", "قندس", "قرد"],
        "h": "ملك البحار"
      },
      {
        "q": "حيوان يبني سدوداً هندسية مذهلة يبدأ بحرف القاف؟",
        "a": "قندس",
        "o": ["قندس", "قرش", "قط", "قنفذ"],
        "h": "يقرض الأشجار بأسنانه"
      }
    ],
    "ل": [
      {
        "q": "حيوان يبصق على أعدائه للدفاع عن نفسه يبدأ بحرف اللام؟",
        "a": "لاما",
        "o": ["لاما", "ليمور", "لواسة", "ليث"],
        "h": "يعيش في أمريكا الجنوبية"
      }
    ],
    "م": [
      {
        "q": "أكبر هيكل حي بناه كائن حي (يُرى من الفضاء) يبدأ بحرف الميم؟",
        "a": "مرجان (الحاجز)",
        "o": ["مرجان", "موراي", "ماموث", "ماعز"],
        "h": "الحاجز المرجاني العظيم"
      }
    ]
  },


  "hard": {
    "أ": [
      {
        "q": "حشرة تمتلك عدداً كبيراً من الأرجل (وليس 44 بالضبط) تبدأ بحرف الألف؟",
        "a": "أم أربعة وأربعين",
        "o": ["أم أربعة وأربعين", "أرملة سوداء", "أرضة", "أسد المن"],
        "h": "مفصليات سامة"
      }
    ],
    "ب": [
      {
        "q": "حيوان ثديي يبيض وله منقار وعقرب سام يبدأ بحرف الباء؟",
        "a": "بلاتبوس",
        "o": ["بلاتبوس", "باندا", "ببر", "بجع"],
        "h": "يسمى خلد الماء"
      }
    ],
    "د": [
      {
        "q": "الكائن الحي الوحيد الذي يستطيع العيش في الفضاء (الفراغ) يبدأ بحرف الدال؟",
        "a": "دب الماء (Tardigrade)",
        "o": ["دب الماء", "دودة", "دبور", "دراج"],
        "h": "مجهري الحجم"
      }
    ],
    "ر": [
      {
        "q": "حيوان بحري صغير يصدر صوتاً أقوى من الرصاصة يبدأ بحرف الراء؟",
        "a": "روبيان المسدس",
        "o": ["روبيان المسدس", "رنجة", "راكون", "رئيسيات"],
        "h": "يطلق فقاعة ساخنة"
      }
    ],
    "ظ": [
      {
        "q": "حيوان يطلق رائحة كريهة جداً للدفاع عن نفسه يبدأ بحرف الظاء؟",
        "a": "ظربان",
        "o": ["ظربان", "ظبي", "ظليم", "ظفر"],
        "h": "لونه أسود وأبيض"
      }
    ],
    "غ": [
      {
        "q": "حيوان مسجل في غينيس كـ 'أكثر حيوان لا يخاف' يبدأ بحرف الغين؟",
        "a": "غرير العسل",
        "o": ["غرير العسل", "غزال", "غراب", "غنم"],
        "h": "يواجه الأسود ويأكل الثعابين"
      }
    ],
    "ق": [
      {
        "q": "حيوان يعتبر 'خالداً' بيولوجياً (يعيد دورة حياته) يبدأ بحرف القاف؟",
        "a": "قنديل البحر الخالد",
        "o": ["قنديل البحر الخالد", "قرش", "قندس", "قرد"],
        "h": "يعود لمرحلة البوليب"
      }
    ],
    "ك": [
      {
        "q": "حيوان يملك بصمات أصابع تطابق بصمات البشر يبدأ بحرف الكاف؟",
        "a": "كوالا",
        "o": ["كوالا", "كنغر", "كلب", "كركدن"],
        "h": "يعيش في أستراليا"
      }
    ]
  }
}