{
  "type": "animals",
  "sub": "habitats_adaptation",
  "easy": {
    "أ": [
      {
        "q": "أكبر غابة مطيرة في العالم (رئة الأرض) تبدأ بحرف الألف؟",
        "a": "أمازون",
        "o": ["أمازون", "أنديز", "ألب", "أطلسي"],
        "h": "في أمريكا الجنوبية"
      },
      {
        "q": "بيئة الذئب والأسد (مكان سكنه) يبدأ بحرف الألف (الـ)؟",
        "a": "عرين",
        "o": ["عرين", "عش", "عمق", "عراء"],
        "h": "بيت الأسد (عفواً، سأغير السؤال ليناسب حرف الألف: منطقة متجمدة في الجنوب؟ أنتاركتيكا)"
      },
      {
        "q": "القارة المتجمدة الجنوبية (بيئة البطريق) تبدأ بحرف الألف؟",
        "a": "أنتاركتيكا",
        "o": ["أنتاركتيكا", "ألاسكا", "أوروبا", "أستراليا"],
        "h": "أبرد مكان على الأرض"
      }
    ],
    "ب": [
      {
        "q": "مسطح مائي كبير يعيش فيه الحوت يبدأ بحرف الباء؟",
        "a": "بحر",
        "o": ["بحر", "بحيرة", "بركة", "بئر"],
        "h": "أصغر من المحيط"
      },
      {
        "q": "نوم شتوي للحفاظ على الطاقة يبدأ بحرف الباء؟",
        "a": "بيات",
        "o": ["بيات", "بقاء", "بحث", "برود"],
        "h": "السبات الشتوي"
      }
    ],
    "ت": [
      {
        "q": "قدرة الحيوان على الاختفاء في بيئته تبدأ بحرف التاء؟",
        "a": "تمويه",
        "o": ["تمويه", "تلوين", "تخفي", "تغيير"],
        "h": "مثل الحرباء"
      },
      {
        "q": "بيئة باردة جداً خالية من الأشجار (تربة متجمدة) تبدأ بحرف التاء؟",
        "a": "تندرا",
        "o": ["تندرا", "تايغا", "تل", "تربة"],
        "h": "في القطب الشمالي"
      }
    ],
    "ث": [
      {
        "q": "مادة بيضاء تغطي بيئة الدب القطبي تبدأ بحرف الثاء؟",
        "a": "ثلوج",
        "o": ["ثلوج", "ثقوب", "ثرا", "ثمار"],
        "h": "باردة جداً"
      }
    ],
    "ج": [
      {
        "q": "بيئة صخرية مرتفعة تعيش فيها الوعول تبدأ بحرف الجيم؟",
        "a": "جبل",
        "o": ["جبل", "جزيرة", "جرف", "جدول"],
        "h": "لها قمة"
      },
      {
        "q": "عضو يغطي جسم الحيوان ويحميه يبدأ بحرف الجيم؟",
        "a": "جلد",
        "o": ["جلد", "جناح", "جسم", "جمجمة"],
        "h": "يختلف سمكه حسب البيئة"
      }
    ],
    "ح": [
      {
        "q": "غطاء جسم الزواحف والأسماك يبدأ بحرف الحاء؟",
        "a": "حراشف",
        "o": ["حراشف", "حوافر", "حلقات", "حبال"],
        "h": "قشور صلبة"
      },
      {
        "q": "قدم الحصان الصلبة تسمى يبدأ بحرف الحاء؟",
        "a": "حافر",
        "o": ["حافر", "حراشف", "حلق", "حدبة"],
        "h": "يساعده على الجري"
      }
    ],
    "خ": [
      {
        "q": "عضو التنفس عند الأسماك يبدأ بحرف الخاء؟",
        "a": "خياشيم",
        "o": ["خياشيم", "خلايا", "خراطيم", "خطم"],
        "h": "بديل الرئتين"
      },
      {
        "q": "قدم الجمل العريضة تسمى يبدأ بحرف الخاء؟",
        "a": "خف",
        "o": ["خف", "خلب", "خرطوم", "خطم"],
        "h": "يمنع الغوص في الرمل"
      }
    ],
    "د": [
      {
        "q": "غطاء صلب يحمي السلحفاة يبدأ بحرف الدال؟",
        "a": "درقة",
        "o": ["درقة", "درع", "دار", "دثار"],
        "h": "الصدفة"
      },
      {
        "q": "طبقة سميكة تحمي الحيتان من البرد تبدأ بحرف الدال؟",
        "a": "دهن",
        "o": ["دهن", "دم", "درع", "دثار"],
        "h": "Blubber"
      }
    ],
    "ذ": [
      {
        "q": "عضو يساعد الحيوانات على التوازن والسباحة يبدأ بحرف الذال؟",
        "a": "ذيل",
        "o": ["ذيل", "ذراع", "ذقن", "ذروة"],
        "h": "يستخدمه القرد للتسلق أيضاً"
      }
    ],
    "ر": [
      {
        "q": "غطاء جسم الطيور يبدأ بحرف الراء؟",
        "a": "ريش",
        "o": ["ريش", "رأس", "رجل", "رئة"],
        "h": "يساعد في الطيران والعزل"
      },
      {
        "q": "عضو التنفس عند الثدييات (الحيتان أيضاً) يبدأ بحرف الراء؟",
        "a": "رئة",
        "o": ["رئة", "ريش", "رأس", "رقبة"],
        "h": "تستنشق الهواء"
      }
    ],
    "ز": [
      {
        "q": "عضو السباحة عند الأسماك يبدأ بحرف الزاي؟",
        "a": "زعانف",
        "o": ["زعانف", "زوائد", "زورق", "زند"],
        "h": "للتوجيه والتوازن"
      }
    ],
    "س": [
      {
        "q": "بيئة جافة وقليلة الأمطار (الجمل) تبدأ بحرف السين؟",
        "a": "صحراء",
        "o": ["صحراء", "ساحل", "سافانا", "سهل"],
        "h": "حارة نهاراً باردة ليلاً"
      },
      {
        "q": "بيئة عشبية مفتوحة (الأسد) تبدأ بحرف السين؟",
        "a": "سافانا",
        "o": ["سافانا", "ساحل", "سهل", "سد"],
        "h": "في أفريقيا"
      },
      {
        "q": "نوم الحيوانات في الشتاء يسمى يبدأ بحرف السين؟",
        "a": "سبات",
        "o": ["سبات", "سكون", "سفر", "سهر"],
        "h": "مثل الدببة"
      }
    ],
    "ش": [
      {
        "q": "بيئة بحرية ملونة تبنيها كائنات دقيقة تبدأ بحرف الشين؟",
        "a": "شعاب مرجانية",
        "o": ["شعاب مرجانية", "شاطئ", "شلال", "شط"],
        "h": "غنية بالأسماك"
      },
      {
        "q": "غطاء جسم الثدييات يبدأ بحرف الشين؟",
        "a": "شعر",
        "o": ["شعر", "شوكة", "شفة", "شحم"],
        "h": "أو الفرو"
      }
    ],
    "ص": [
      {
        "q": "غطاء جسم السلحفاة والمحار يبدأ بحرف الصاد؟",
        "a": "صدفة",
        "o": ["صدفة", "صوف", "صخرة", "صدر"],
        "h": "صلبة للحماية"
      },
      {
        "q": "غطاء جسم الخروف (للدفء) يبدأ بحرف الصاد؟",
        "a": "صوف",
        "o": ["صوف", "صدفة", "صمغ", "صلب"],
        "h": "يستخدم في النسيج"
      }
    ],
    "ض": [
      {
        "q": "إنتاج الضوء في أعماق البحار (تكيف) يبدأ بحرف الضاد؟",
        "a": "ضوء (حيوي)",
        "o": ["ضوء", "ضجيج", "ضباب", "ضغط"],
        "h": "لجذب الفريسة"
      }
    ],
    "ط": [
      {
        "q": "نباتات بحرية (منتجات) تعيش في الماء تبدأ بحرف الطاء؟",
        "a": "طحالب",
        "o": ["طحالب", "طين", "طمي", "طفيلي"],
        "h": "خضراء أو بنية أو حمراء"
      }
    ],
    "ظ": [
      {
        "q": "حيوان يدافع عن نفسه بالرائحة الكريهة يبدأ بحرف الظاء؟",
        "a": "ظربان",
        "o": ["ظربان", "ظبي", "ظليم", "ظهر"],
        "h": "مخطط بالأبيض والأسود"
      }
    ],
    "ع": [
      {
        "q": "بيت العصفور يبدأ بحرف العين؟",
        "a": "عش",
        "o": ["عش", "عرين", "عمق", "عريش"],
        "h": "يبنيه فوق الشجر"
      },
      {
        "q": "بيت الأسد يبدأ بحرف العين؟",
        "a": "عرين",
        "o": ["عرين", "عش", "عراء", "عريش"],
        "h": "مكان استراحته"
      }
    ],
    "غ": [
      {
        "q": "بيئة كثيفة الأشجار والأمطار تبدأ بحرف الغين؟",
        "a": "غابة",
        "o": ["غابة", "غدير", "غار", "غمام"],
        "h": "موطن القرود والطيور"
      },
      {
        "q": "فتحة في الجبل يسكنها الدب أو الخفاش تبدأ بحرف الغين؟",
        "a": "غار",
        "o": ["غار", "غابة", "غدير", "غرفة"],
        "h": "أو كهف"
      }
    ],
    "ف": [
      {
        "q": "غطاء جسم الدب القطبي والثعلب يبدأ بحرف الفاء؟",
        "a": "فرو",
        "o": ["فرو", "فك", "فم", "فخذ"],
        "h": "سميك للعزل الحراري"
      }
    ],
    "ق": [
      {
        "q": "أبرد منطقتين في العالم (شمال وجنوب) تبدأ بحرف القاف؟",
        "a": "قطب",
        "o": ["قطب", "قمة", "قاع", "قلعة"],
        "h": "بيئة الجليد"
      },
      {
        "q": "أرضية المحيط (بيئة مظلمة) تبدأ بحرف القاف؟",
        "a": "قاع",
        "o": ["قاع", "قمة", "قطب", "قناة"],
        "h": "تعيش فيه كائنات غريبة"
      }
    ],
    "ك": [
      {
        "q": "بيت الدب في الشتاء (في الجبل) يبدأ بحرف الكاف؟",
        "a": "كهف",
        "o": ["كهف", "كوخ", "كثيب", "كتلة"],
        "h": "مظلم ودافئ"
      }
    ],
    "ل": [
      {
        "q": "تكيف الحيوان بتغيير (شكله الخارجي) ليشبه البيئة يبدأ بحرف اللام؟",
        "a": "لون",
        "o": ["لون", "لسان", "لمس", "لحم"],
        "h": "مثل الأرنب القطبي الأبيض"
      }
    ],
    "م": [
      {
        "q": "أكبر مسطح مائي مالح (بيئة الحيتان) يبدأ بحرف الميم؟",
        "a": "محيط",
        "o": ["محيط", "مستنقع", "مصب", "مجرا"],
        "h": "يغطي معظم الأرض"
      },
      {
        "q": "أظافر الطيور الجارحة والقطط (للسلاح) تبدأ بحرف الميم؟",
        "a": "مخالب",
        "o": ["مخالب", "منقار", "مفاصل", "محار"],
        "h": "حادة وقوية"
      }
    ]
  },
  "medium": {
    "أ": [
      {
        "q": "كائنات تعيش في الظروف القاسية جداً (مثل الينابيع الحارة) تبدأ بحرف الألف؟",
        "a": "أليفات الظروف القاسية",
        "o": ["أليفات الظروف القاسية", "آكلات اللحوم", "أوليات", "أليف"],
        "h": "Extremophiles"
      }
    ],
    "خ": [
      {
        "q": "سبات صيفي للهروب من الحر والجفاف يبدأ بحرف الخاء؟",
        "a": "خمول صيفي",
        "o": ["خمول صيفي", "خدر", "خوف", "خفاء"],
        "h": "تفعله بعض الضفادع"
      }
    ],
    "م": [
      {
        "q": "تكيف يقلد فيه الحيوان شكلاً آخر مخيفاً يبدأ بحرف الميم؟",
        "a": "محاكاة",
        "o": ["محاكاة", "مناورة", "مهاجمة", "ملاحقة"],
        "h": "Mimicry"
      },
      {
        "q": "منطقة التقاء النهر بالبحر (مياه مخلطة) تبدأ بحرف الميم؟",
        "a": "مصب",
        "o": ["مصب", "محيط", "مستنقع", "مجرى"],
        "h": "بيئة غنية"
      }
    ],
    "ن": [
      {
        "q": "نباتات تعيش فوق نباتات أخرى (في الغابات المطيرة) تبدأ بحرف النون؟",
        "a": "نباتات هوائية",
        "o": ["نباتات هوائية", "نخيل", "نجيل", "نرجس"],
        "h": "Epiphytes"
      }
    ],
    "هـ": [
      {
        "q": "سفر الطيور والحيوانات موسمياً يبدأ بحرف الهاء؟",
        "a": "هجرة",
        "o": ["هجرة", "هرب", "هجوم", "هدوء"],
        "h": "بحثاً عن الدفء والغذاء"
      }
    ]
  },
  "hard": {
    "ت": [
      {
        "q": "نوع التكيف المتعلق بوظائف الأعضاء الداخلية (مثل السم) يبدأ بحرف التاء؟",
        "a": "تكييف فسيولوجي (وظيفي)",
        "o": ["تكييف فسيولوجي", "تكييف تركيبي", "تكييف سلوكي", "تكييف شكلي"],
        "h": "ليس سلوكاً ولا شكلاً خارجياً"
      },
      {
        "q": "نوع التكيف المتعلق بشكل الجسم (مثل المنقار) يبدأ بحرف التاء؟",
        "a": "تكييف تركيبي",
        "o": ["تكييف تركيبي", "تكييف سلوكي", "تكييف فسيولوجي", "تكييف كيميائي"],
        "h": "جزء من بنية الجسم"
      }
    ]
  }
}