{
  "type": "animals",
  "sub": "arabia_wildlife",
  "easy": [
    {
      "q": "ما هو الحيوان الذي يلقب بـ 'سفينة الصحراء'؟",
      "a": "الجمل",
      "o": ["الجمل", "الحصان", "المها", "الضب"],
      "h": "يتحمل العطش والسفر الطويل"
    },
    {
      "q": "ما هو الطائر المفضل للصيد عند العرب؟",
      "a": "الصقر",
      "o": ["الصقر", "النسر", "البومة", "الحبارى"],
      "h": "يتميز بحدة بصره وسرعته"
    },
    {
      "q": "حيوان زاحف مشهور في صحراء الجزيرة العربية وله ذيل شوكي؟",
      "a": "الضب",
      "o": ["الضب", "الورل", "الثعبان", "الحرباء"],
      "h": "يعيش في جحور ويؤكل أحياناً"
    },
    {
      "q": "ما هو الحيوان الذي يضرب به المثل في جمال العيون؟",
      "a": "المها",
      "o": ["المها", "الغزال", "الريم", "النعامة"],
      "h": "لونه أبيض وقرونه طويلة ومستقيمة"
    },
    {
      "q": "حيوان صغير يقفز على قدميه الخلفيتين يشبه الفأر؟",
      "a": "اليربوع",
      "o": ["اليربوع", "الأرنب", "القنفذ", "الوبر"],
      "h": "له ذيل طويل ينتهي بخصلة شعر"
    },
    {
      "q": "ما هو أسرع حيوان بري يستخدم في السباقات التراثية؟",
      "a": "الخيل العربية",
      "o": ["الخيل العربية", "الإبل", "النعام", "الغزلان"],
      "h": "تشتهر بجمالها وأصالتها"
    },
    {
      "q": "حيوان سام يمتلك إبرة في ذيله؟",
      "a": "العقرب",
      "o": ["العقرب", "الثعبان", "العنكبوت", "الخنفساء"],
      "h": "ينشط في الليل"
    },
    {
      "q": "ماذا يسمى صغير الناقة؟",
      "a": "حوار",
      "o": ["حوار", "مهر", "جرو", "شبل"],
      "h": "ابن الجمل"
    },
    {
      "q": "حيوان مفترس كان يعيش في الجزيرة العربية ويشبه الكلب؟",
      "a": "الذئب العربي",
      "o": ["الذئب العربي", "الضبع", "الثعلب", "النمر"],
      "h": "يعيش في قطعان صغيرة"
    },
    {
      "q": "طائر يحاول الصقارون اصطياده دائماً؟",
      "a": "الحبارى",
      "o": ["الحبارى", "القطا", "الحجل", "السمان"],
      "h": "طائر خجول يعيش في الصحراء"
    },
    {
      "q": "حيوان جبلي صغير يشبه الأرنب ولكنه ليس أرنباً؟",
      "a": "الوبر الصخري",
      "o": ["الوبر الصخري", "اليربوع", "القنفذ", "الجرذ"],
      "h": "يعيش بين الصخور وليس له ذيل ظاهر"
    },
    {
      "q": "ما هو لون 'المجاهيم' من الإبل؟",
      "a": "الأسود",
      "o": ["الأسود", "الأبيض", "الأحمر", "الأشقر"],
      "h": "من أشهر أنواع الإبل في السعودية"
    },
    {
      "q": "ما هو لون 'الوضح' من الإبل؟",
      "a": "الأبيض",
      "o": ["الأبيض", "الأسود", "الأحمر", "الأصفر"],
      "h": "لونها ناصع ومحبوب"
    },
    {
      "q": "حيوان زاحف كبير آكل للحوم يشبه التمساح الصغير؟",
      "a": "الورل",
      "o": ["الورل", "الضب", "السحلية", "الحرباء"],
      "h": "لسانه مشقوق مثل الثعبان"
    },
    {
      "q": "ما هو الحيوان الذي يسمى 'سيد الصحراء'؟",
      "a": "الأسد",
      "o": ["الأسد", "الجمل", "النمر", "الذئب"],
      "h": "عفواً، اللقب للجمل، ولكن في الأدب العربي هو الأسد (سأضع الجمل كخيار صحيح في السياق الشعبي، أو أغير السؤال). السؤال هنا عن سفينة الصحراء (مكرر)، سأستبدله: ما هو الحيوان الذي له سنام؟ الجمل"
    }
  ],
  "medium": [
    {
      "q": "ما هو الحيوان المهدد بالانقراض الذي يعيش في جبال السروات؟",
      "a": "النمر العربي",
      "o": ["النمر العربي", "الفهد الصياد", "الأسد الآسيوي", "الوشق"],
      "h": "أصغر أنواع النمور حجماً"
    },
    {
      "q": "ما هو الاسم المحلي للقط البري الذي يعيش في الرمال؟",
      "a": "قط الرمال",
      "o": ["قط الرمال", "الوشق", "التفة", "السنور"],
      "h": "له أذن كبيرة ووجه عريض"
    },
    {
      "q": "نوع من الكلاب السريعة جداً يستخدم في الصيد بالجزيرة العربية؟",
      "a": "السلوقي",
      "o": ["السلوقي", "الهاسكي", "الراعي", "البيتبول"],
      "h": "جسمه نحيل جداً"
    },
    {
      "q": "حيوان بحري مهدد بالانقراض يعيش في البحر الأحمر والخليج العربي؟",
      "a": "الأطوم",
      "o": ["الأطوم", "الدلفين", "الحوت الأزرق", "القرش"],
      "h": "يسمى بقر البحر"
    },
    {
      "q": "ما هو الحيوان الذي يسمى 'أبو شوك' في اللهجة المحلية؟",
      "a": "القنفذ",
      "o": ["القنفذ", "النيص", "الضب", "اليربوع"],
      "h": "يغطي جسمه أشواك"
    },
    {
      "q": "ثعبان سام جداً يدفن نفسه في الرمل وله قرون صغيرة؟",
      "a": "أم جنيب",
      "o": ["أم جنيب", "الكوبرا", "الصل الأسود", "الأرقم"],
      "h": "تتحرك بحركة جانبية"
    },
    {
      "q": "طائر مهاجر يمر بالجزيرة العربية ويصاد بكثرة؟",
      "a": "القمري",
      "o": ["القمري", "الغراب", "الهدهد", "النورس"],
      "h": "من أنواع الحمام البري"
    },
    {
      "q": "ما هو الغذاء الرئيسي لحيوان الضب؟",
      "a": "النباتات",
      "o": ["النباتات", "الحشرات", "اللحوم", "الأسماك"],
      "h": "يأكل الأعشاب والأزهار"
    },
    {
      "q": "حيوان يشبه الغزال ولكنه أكبر قليلاً ويعيش في الجبال؟",
      "a": "الوعل",
      "o": ["الوعل", "الريم", "المها", "الظبي"],
      "h": "له قرون معقوفة للخلف"
    },
    {
      "q": "حشرة كانت تغزو الجزيرة العربية في أسراب ضخمة وتؤكل قديماً؟",
      "a": "الجراد",
      "o": ["الجراد", "النحل", "الذباب", "الخنافس"],
      "h": "تأكل المحاصيل الخضراء"
    },
    {
      "q": "حيوان ليلي يتظاهر بالموت عند الخطر؟",
      "a": "غرير العسل",
      "o": ["غرير العسل", "الظربان", "الثعلب", "النمس"],
      "h": "يسمى (الظربان) محلياً خطأً، وهو شرس جداً"
    },
    {
      "q": "ما هو الاسم الذي يطلق على أنثى الصقر؟",
      "a": "الشيهانة",
      "o": ["الشيهانة", "الحر", "الوكري", "الجير"],
      "h": "أكبر حجماً من الذكر"
    },
    {
      "q": "حيوان من فصيلة النموس يشتهر بقتل الثعابين؟",
      "a": "النمس الرمادي",
      "o": ["النمس الرمادي", "الرباح", "الوشق", "القط البري"],
      "h": "يوجد في المناطق الزراعية"
    },
    {
      "q": "أين تعيش قردة البابون في السعودية؟",
      "a": "المنطقة الجنوبية الغربية",
      "o": ["المنطقة الجنوبية الغربية", "المنطقة الشرقية", "صحراء الربع الخالي", "الشمال"],
      "h": "في الجبال والطائف وعسير"
    },
    {
      "q": "ما هو الحيوان الذي انقرض من الجزيرة العربية في القرن العشرين؟",
      "a": "النعامة العربية",
      "o": ["النعامة العربية", "المها", "الضبع المخطط", "الذئب"],
      "h": "كانت تعيش في الصحاري المفتوحة"
    }
  ],
  "hard": [
    {
      "q": "ما هو الحيوان المعروف بـ 'الطهر العربي'؟",
      "a": "الوعل العربي الصغير",
      "o": ["الوعل العربي الصغير", "الماعز الجبلي", "الظبي", "الكباش"],
      "h": "يعيش في جبال عمان والإمارات"
    },
    {
      "q": "ما هو الاسم العلمي للمها العربي؟",
      "a": "Oryx leucoryx",
      "o": ["Oryx leucoryx", "Gazella", "Capra", "Camelus"],
      "h": "الاسم اللاتيني"
    },
    {
      "q": "أي محمية في السعودية كانت أول مكان لإعادة توطين المها؟",
      "a": "محمية محازة الصيد",
      "o": ["محمية محازة الصيد", "محمية جزر فرسان", "محمية الوعول", "محمية عروق بني معارض"],
      "h": "مسورة بالكامل"
    },
    {
      "q": "ما هو الحيوان الذي يسمى 'النيص'؟",
      "a": "الدعلج",
      "o": ["الدعلج", "القنفذ", "الغرير", "الخلد"],
      "h": "حيوان ليلي له أشواك طويلة جداً"
    },
    {
      "q": "ثعبان أسود لامع وسام جداً يعيش في الصحراء؟",
      "a": "الصل الأسود",
      "o": ["الصل الأسود", "الكوبرا العربية", "الأفعى المقرنة", "الدساس"],
      "h": "يسمى محلياً 'الأسود الخبيث'"
    },
    {
      "q": "ما هو الفرق الرئيسي بين الجمل العربي والجمل الآسيوي؟",
      "a": "سنام واحد مقابل سنامين",
      "o": ["سنام واحد مقابل سنامين", "اللون", "الطول", "السرعة"],
      "h": "جمال الجزيرة لها سنام واحد"
    },
    {
      "q": "طائر جارح كبير يعيش في الجبال ويسمى 'نسر الأذون'؟",
      "a": "النسر الأذون",
      "o": ["النسر الأذون", "الرخمة", "العقاب الذهبي", "الباز"],
      "h": "أكبر النسور في الجزيرة العربية"
    },
    {
      "q": "حيوان زاحف صغير يسبح في الرمال كأنه يسبح في الماء؟",
      "a": "السقنقور",
      "o": ["السقنقور", "الضب", "الورل", "العظاية"],
      "h": "يسمى 'دميسة' أو 'سمكة الرمال'"
    },
    {
      "q": "ما هو الحيوان الذي يسمى 'غزال الريم'؟",
      "a": "غزال الرمال",
      "o": ["غزال الرمال", "غزال الجبل", "المها", "الوعل"],
      "h": "يتميز بلونه الفاتح جداً"
    },
    {
      "q": "أين تقع أكبر محمية طبيعية في السعودية (الكندة)؟",
      "a": "محمية الملك سلمان",
      "o": ["محمية الملك سلمان", "محمية الملك عبدالعزيز", "محمية الإمام تركي", "محمية الأمير محمد بن سلمان"],
      "h": "في شمال المملكة (الخنفة والطبيق وحرة الحرة)"
    },
    {
      "q": "حيوان مفترس يشبه القطة ولكن أرجله طويلة وأذناه طويلتان؟",
      "a": "الوشق (Caracal)",
      "o": ["الوشق (Caracal)", "النمر", "الفهد", "القط البري"],
      "h": "يستطيع القفز عالياً لاصطياد الطيور"
    },
    {
      "q": "نوع من الدلافين يعيش في البحر الأحمر؟",
      "a": "دلفين ريسو",
      "o": ["دلفين ريسو", "دلفين الأمازون", "القرش الأبيض", "الحوت الأحدب"],
      "h": "يتميز برأسه المستدير"
    },
    {
      "q": "ما هو الحيوان الذي كان يستخدم قديماً لاستخراج اللؤلؤ؟",
      "a": "لا يوجد (الإنسان)",
      "o": ["لا يوجد (الإنسان)", "الدلفين", "كلب البحر", "القندس"],
      "h": "سؤال خادع، الغواصون هم البشر"
    },
    {
      "q": "ما هي الأفعى التي لا تبيض بل تلد؟",
      "a": "الأفعى النافخة",
      "o": ["الأفعى النافخة", "الكوبرا", "الصل الأسود", "أفعى السجاد"],
      "h": "تعتبر من أخطر الأفاعي"
    },
    {
      "q": "ما هو الحيوان الملقب بـ 'شيخ الجبل'؟",
      "a": "الوبر",
      "o": ["الوبر", "الوعل", "الذئب", "النمر"],
      "h": "يعيش في مجموعات صخرية"
    }
  ]
}