{
  "type": "animals",
  "sub": "classification_behavior",
  "easy": [
    {
      "q": "ما هي الحيوانات التي تمتلك عموداً فقرياً؟",
      "a": "الفقاريات",
      "o": ["الفقاريات", "اللافقاريات", "الحشرات", "الرخويات"],
      "h": "مثل الإنسان والقطط والطيور"
    },
    {
      "q": "أي فئة من الحيوانات ترضع صغارها الحليب؟",
      "a": "الثدييات",
      "o": ["الثدييات", "الزواحف", "الطيور", "البرمائيات"],
      "h": "يغطي جسمها الشعر أو الفرو"
    },
    {
      "q": "ماذا تسمى الحيوانات التي ليس لها عمود فقري؟",
      "a": "اللافقاريات",
      "o": ["اللافقاريات", "الفقاريات", "الثدييات", "الطيور"],
      "h": "تشكل 97% من الحيوانات مثل الحشرات"
    },
    {
      "q": "أي مجموعة حيوانية يغطي جسمها الريش؟",
      "a": "الطيور",
      "o": ["الطيور", "الثدييات", "الزواحف", "الأسماك"],
      "h": "معظمها يستطيع الطيران"
    },
    {
      "q": "ماذا يسمى الحيوان الذي ينشط في الليل وينام في النهار؟",
      "a": "حيوان ليلي",
      "o": ["حيوان ليلي", "حيوان نهاري", "حيوان مهاجر", "حيوان سباتي"],
      "h": "مثل البومة والخفاش"
    },
    {
      "q": "أي حيوانات تقضي جزءاً من حياتها في الماء والجزء الآخر على اليابسة؟",
      "a": "البرمائيات",
      "o": ["البرمائيات", "الزواحف", "الأسماك", "الثدييات"],
      "h": "مثل الضفادع"
    },
    {
      "q": "ماذا تسمى الحيوانات التي تأكل النباتات فقط؟",
      "a": "آكلات الأعشاب",
      "o": ["آكلات الأعشاب", "آكلات اللحوم", "القوارت", "الحشرات"],
      "h": "مثل الغزال والأرنب"
    },
    {
      "q": "ماذا تسمى الحيوانات التي تأكل اللحوم فقط؟",
      "a": "آكلات اللحوم",
      "o": ["آكلات اللحوم", "آكلات الأعشاب", "القوارت", "النباتية"],
      "h": "مثل الأسد والنمر"
    },
    {
      "q": "ما هي الصفة المشتركة بين جميع الزواحف؟",
      "a": "تبيض وجلدها حرشفي",
      "o": ["تبيض وجلدها حرشفي", "تلد وترضع", "لها ريش", "تعيش في الماء فقط"],
      "h": "مثل الثعبان والتمساح"
    },
    {
      "q": "كيف تتنفس الأسماك تحت الماء؟",
      "a": "بالخياشيم",
      "o": ["بالخياشيم", "بالرئتين", "بالجلد", "بالأنف"],
      "h": "تمتص الأكسجين من الماء"
    },
    {
      "q": "ماذا يسمى نوم الحيوانات الطويل خلال فصل الشتاء؟",
      "a": "السبات الشتوي",
      "o": ["السبات الشتوي", "الهجرة", "التكاثر", "الانسلاخ"],
      "h": "مثل الدببة"
    },
    {
      "q": "أي فئة حيوانية لها ستة أرجل وقرنا استشعار؟",
      "a": "الحشرات",
      "o": ["الحشرات", "العناكب", "الزواحف", "الثدييات"],
      "h": "مثل النمل والنحل"
    },
    {
      "q": "الحيوانات التي تلد صغارها تسمى؟",
      "a": "ولودة",
      "o": ["ولودة", "بيوضة", "زاحفة", "طائرة"],
      "h": "عكس التي تضع البيض"
    },
    {
      "q": "ما هو الحيوان الذي يعيش داخل صدفة يحملها على ظهره؟",
      "a": "السلحفاة / الحلزون",
      "o": ["السلحفاة / الحلزون", "الضفدع", "الثعبان", "الفأر"],
      "h": "تختبئ داخلها عند الخطر"
    },
    {
      "q": "ماذا يسمى انتقال الطيور من مكان لآخر بحثاً عن الدفء؟",
      "a": "الهجرة",
      "o": ["الهجرة", "السبات", "التخفي", "الصيد"],
      "h": "رحلة موسمية طويلة"
    }
  ],
  "medium": [
    {
      "q": "ما هي الحيوانات ذوات الدم الحار (ثابتة الحرارة)؟",
      "a": "الثدييات والطيور",
      "o": ["الثدييات والطيور", "الزواحف والبرمائيات", "الأسماك والحشرات", "الزواحف والطيور"],
      "h": "تحافظ على حرارة جسمها داخلياً"
    },
    {
      "q": "ما هي الحيوانات ذوات الدم البارد (متغيرة الحرارة)؟",
      "a": "الزواحف والبرمائيات",
      "o": ["الزواحف والبرمائيات", "الثدييات والطيور", "الإنسان", "القرود"],
      "h": "تتغير حرارتها مع البيئة المحيطة"
    },
    {
      "q": "ماذا يسمى الحيوان الذي يأكل النباتات واللحوم معاً؟",
      "a": "قارت (omnivore)",
      "o": ["قارت (omnivore)", "عاشب", "لاحم", "مفترس"],
      "h": "مثل الدب والإنسان"
    },
    {
      "q": "ما هي الثدييات التي تضع البيض (الوحيدة)؟",
      "a": "الكظاميات (مثل منقار البط)",
      "o": ["الكظاميات (مثل منقار البط)", "الجرابيات", "المشيميات", "الرئيسيات"],
      "h": "تجمع صفات الثدييات والزواحف"
    },
    {
      "q": "ما هي الثدييات التي تربي صغارها في جيب (جراب)؟",
      "a": "الجرابيات",
      "o": ["الجرابيات", "المشيميات", "الكظاميات", "القوارض"],
      "h": "مثل الكنغر والكوالا"
    },
    {
      "q": "كم عدد أرجل العنكبوت؟ (تصنيف العناكب)",
      "a": "8 أرجل",
      "o": ["8 أرجل", "6 أرجل", "10 أرجل", "4 أرجل"],
      "h": "الحشرات لها 6، أما العناكب فلها..."
    },
    {
      "q": "ماذا يسمى تغيير شكل الحيوان بالكامل (مثل اليرقة إلى فراشة)؟",
      "a": "التحول (Metamorphosis)",
      "o": ["التحول (Metamorphosis)", "النمو", "التطور", "التكيف"],
      "h": "يمر بمراحل البيضة والشرنقة"
    },
    {
      "q": "أي حيوان يستخدم الصدى لتحديد المواقع (Echolocation)؟",
      "a": "الخفاش",
      "o": ["الخفاش", "النسر", "القط", "الثعبان"],
      "h": "للرؤية في الظلام الدامس"
    },
    {
      "q": "ماذا تسمى قدرة الحيوان على الاندماج مع بيئته للاختباء؟",
      "a": "التمويه (Camouflage)",
      "o": ["التمويه (Camouflage)", "التقليد", "السبات", "الهجرة"],
      "h": "مثل الحرباء"
    },
    {
      "q": "ما هي أكبر مجموعة في مملكة الحيوان؟",
      "a": "مفصليات الأرجل",
      "o": ["مفصليات الأرجل", "الثدييات", "الطيور", "الرخويات"],
      "h": "تشمل الحشرات والعناكب والقشريات"
    },
    {
      "q": "حيوان فقاري يتنفس بالخياشيم صغيراً وبالرئتين كبيراً؟",
      "a": "الضفدع",
      "o": ["الضفدع", "السمكة", "التمساح", "السلحفاة"],
      "h": "يبدأ كأبو ذنيبة"
    },
    {
      "q": "علاقة بين حيوانين يستفيد كلاهما من الآخر تسمى؟",
      "a": "تكافل (Symbiosis)",
      "o": ["تكافل (Symbiosis)", "تطفل", "افتراس", "تنافس"],
      "h": "مثل الطائر الذي ينظف أسنان التمساح"
    },
    {
      "q": "ما هو الحيوان الذي يعيش في مجموعات تسمى 'قطيع'؟",
      "a": "الذئب / الغنم",
      "o": ["الذئب / الغنم", "النمر", "الدب", "العقرب"],
      "h": "سلوك اجتماعي للحماية أو الصيد"
    },
    {
      "q": "أي من التالي يعتبر من القشريات؟",
      "a": "الروبيان (الجمبري)",
      "o": ["الروبيان (الجمبري)", "الأخطبوط", "نجم البحر", "المحار"],
      "h": "له قشرة خارجية صلبة ويعيش في الماء"
    },
    {
      "q": "ما هو الحيوان الذي يغير جلده دورياً (الانسلاخ)؟",
      "a": "الثعبان",
      "o": ["الثعبان", "السلحفاة", "التمساح", "السمكة"],
      "h": "للتخلص من الطفيليات والنمو"
    }
  ],
  "hard": [
    {
      "q": "ما هي الحيوانات التي يغطي جسمها 'كيوتيكل' وتنسلخ؟",
      "a": "المفصليات",
      "o": ["المفصليات", "الرخويات", "شوكيات الجلد", "الأسفنجيات"],
      "h": "هيكل خارجي صلب"
    },
    {
      "q": "ما هو الحيوان الذي ينتمي لرتبة 'الرئيسيات' (Primates)؟",
      "a": "الليمور",
      "o": ["الليمور", "الكوالا", "الكنغر", "الكسلان"],
      "h": "مثل القرود والإنسان"
    },
    {
      "q": "ما هي المجموعة التي ينتمي إليها نجم البحر؟",
      "a": "شوكيات الجلد",
      "o": ["شوكيات الجلد", "الرخويات", "القشريات", "اللواسع"],
      "h": "جلده شوكي ويعيش في البحر"
    },
    {
      "q": "ما هو الحيوان الذي يعتبر 'أحادي المسلك' (Monotreme)؟",
      "a": "آكل النمل الشوكي (الإيكيدنا)",
      "o": ["آكل النمل الشوكي (الإيكيدنا)", "آكل النمل العملاق", "المدرع", "النيص"],
      "h": "ثديي يبيض"
    },
    {
      "q": "سلوك غريزي يتبعه صغار الطيور لاتباع أول شيء يتحرك يرونه؟",
      "a": "التطبع (Imprinting)",
      "o": ["التطبع (Imprinting)", "التعلم", "التكيف", "المحاكاة"],
      "h": "اكتشفه كونراد لورنز مع البط"
    },
    {
      "q": "ما هي السلاحف التي تعيش في الماء فقط وأطرافها زعانف؟",
      "a": "السلاحف البحرية",
      "o": ["السلاحف البحرية", "السلاحف البرية", "سلاحف المستنقعات", "الترسة"],
      "h": "تخرج للشاطئ فقط لوضع البيض"
    },
    {
      "q": "علاقة يستفيد فيها طرف ويتضرر الآخر تسمى؟",
      "a": "تطفل",
      "o": ["تطفل", "تكافل", "تعايش", "تنافس"],
      "h": "مثل القراد والكلب"
    },
    {
      "q": "ما هو الحيوان الذي ينتمي لطائفة 'الرأسقدميات'؟",
      "a": "الأخطبوط",
      "o": ["الأخطبوط", "قنديل البحر", "نجم البحر", "السلطعون"],
      "h": "أقدامه متصلة برأسه"
    },
    {
      "q": "حيوانات ثابتة الحرارة تسمى علمياً؟",
      "a": "إندوطيرم (Endothermic)",
      "o": ["إندوطيرم (Endothermic)", "إكتوطيرم", "ميزوطيرم", "هيدروطيرم"],
      "h": "تنتج الحرارة من الداخل"
    },
    {
      "q": "ما هو العضو الذي يساعد الأسماك على التحكم في الطفو؟",
      "a": "مثانة العوم",
      "o": ["مثانة العوم", "الخياشيم", "الزعانف", "القشور"],
      "h": "كيس مملوء بالغاز"
    },
    {
      "q": "ما هو الحيوان الذي يعتبر من 'الرخويات'؟",
      "a": "الحبار",
      "o": ["الحبار", "الجمبري", "السرطان", "قنفذ البحر"],
      "h": "جسمه رخو وقد يكون له صدفة"
    },
    {
      "q": "سلوك التظاهر بالموت يسمى علمياً؟",
      "a": "الخمود (Thanatosis)",
      "o": ["الخمود (Thanatosis)", "السبات", "التمويه", "المحاكاة"],
      "h": "يفعله الأبوسوم والثعابين"
    },
    {
      "q": "الحيوانات التي تعتمد على حرارة البيئة الخارجية تسمى؟",
      "a": "إكتوطيرم (Ectothermic)",
      "o": ["إكتوطيرم (Ectothermic)", "إندوطيرم", "هوموطيرم", "ماكروطيرم"],
      "h": "ذوات الدم البارد"
    },
    {
      "q": "نظام تواصل النحل لإخبار الخلية بمكان الطعام يسمى؟",
      "a": "رقصة النحل",
      "o": ["رقصة النحل", "طنين النحل", "فرمونات النحل", "لسع النحل"],
      "h": "حركات دائرية واهتزازية"
    },
    {
      "q": "ما هي المجموعة التي ينتمي إليها قنديل البحر؟",
      "a": "اللاسعات (Jellyfish)",
      "o": ["اللاسعات (Jellyfish)", "الرخويات", "الأسفنجيات", "الديدان"],
      "h": "له خلايا لاسعة للدفاع والصيد"
    }
  ]
}