{
  "type": "animals",
  "sub": "diet_foodchain",
  "easy": [
    {
      "q": "ماذا يسمى الحيوان الذي يأكل النباتات فقط؟",
      "a": "آكل أعشاب (Herbivore)",
      "o": ["آكل أعشاب (Herbivore)", "آكل لحوم", "قارت", "محلل"],
      "h": "مثل البقر والغزلان"
    },
    {
      "q": "ماذا يسمى الحيوان الذي يأكل اللحوم فقط؟",
      "a": "آكل لحوم (Carnivore)",
      "o": ["آكل لحوم (Carnivore)", "آكل أعشاب", "قارت", "منتج"],
      "h": "مثل الأسد والنمر"
    },
    {
      "q": "ماذا يسمى الحيوان الذي يأكل النباتات واللحوم معاً؟",
      "a": "قارت (Omnivore)",
      "o": ["قارت (Omnivore)", "آكل أعشاب", "آكل لحوم", "محلل"],
      "h": "مثل الدب والإنسان"
    },
    {
      "q": "من أين تحصل النباتات على الطاقة لصنع غذائها؟",
      "a": "الشمس",
      "o": ["الشمس", "التربة", "الماء", "الهواء"],
      "h": "عملية البناء الضوئي"
    },
    {
      "q": "ماذا تسمى الكائنات التي تصنع غذائها بنفسها؟",
      "a": "المنتجات",
      "o": ["المنتجات", "المستهلكات", "المحللات", "المفترسات"],
      "h": "مثل النباتات والطحالب"
    },
    {
      "q": "الحيوان الذي يصطاد حيوانات أخرى ليأكلها يسمى؟",
      "a": "مفترس",
      "o": ["مفترس", "فريسة", "عاشب", "طفيلي"],
      "h": "هو الصياد"
    },
    {
      "q": "الحيوان الذي يتم اصطياده وأكله يسمى؟",
      "a": "فريسة",
      "o": ["فريسة", "مفترس", "صياد", "قمامة"],
      "h": "هو الضحية"
    },
    {
      "q": "ما هو الغذاء الرئيسي للأسد؟",
      "a": "اللحوم",
      "o": ["اللحوم", "الأعشاب", "الحبوب", "الفواكه"],
      "h": "يصطاد الفرائس الكبيرة"
    },
    {
      "q": "ما هو الغذاء الرئيسي للأرنب؟",
      "a": "الجزر والخضروات",
      "o": ["الجزر والخضروات", "اللحم", "السمك", "الحشرات"],
      "h": "من آكلات الأعشاب"
    },
    {
      "q": "تبدأ أي سلسلة غذائية عادةً بـ؟",
      "a": "نبات (منتج)",
      "o": ["نبات (منتج)", "حيوان مفترس", "حشرة", "إنسان"],
      "h": "كائن يصنع طعامه بنفسه"
    },
    {
      "q": "ماذا يأكل الضفدع عادة؟",
      "a": "الحشرات",
      "o": ["الحشرات", "الأعشاب", "الأسماك الكبيرة", "الطيور"],
      "h": "يصطادها بلسانه اللزج"
    },
    {
      "q": "أي حيوان يعتبر من القوارت (يأكل كل شيء)؟",
      "a": "الدجاجة",
      "o": ["الدجاجة", "الأسد", "الحصان", "الخروف"],
      "h": "تأكل الحبوب والديدان وبقايا الطعام"
    },
    {
      "q": "ماذا تأكل الزرافة؟",
      "a": "أوراق الأشجار العالية",
      "o": ["أوراق الأشجار العالية", "اللحوم", "الأسماك", "الحشرات"],
      "h": "تستخدم رقبتها الطويلة للوصول إليها"
    },
    {
      "q": "الثعبان يعتبر؟",
      "a": "آكل لحوم",
      "o": ["آكل لحوم", "آكل أعشاب", "آكل حبوب", "آكل فواكه"],
      "h": "يبلع الفريسة كاملة"
    },
    {
      "q": "ما هو المصطلح الذي يصف انتقال الطاقة من كائن لآخر؟",
      "a": "السلسلة الغذائية",
      "o": ["السلسلة الغذائية", "الدورة الدموية", "التكاثر", "الهضم"],
      "h": "من المنتج إلى المستهلك"
    }
  ],
  "medium": [
    {
      "q": "ماذا تسمى الحيوانات التي تتغذى على بقايا الحيوانات الميتة (الجيف)؟",
      "a": "القمامة (Scavengers)",
      "o": ["القمامة (Scavengers)", "المفترسة", "العاشبة", "المنتجة"],
      "h": "مثل النسر والضبع"
    },
    {
      "q": "ماذا تسمى الكائنات التي تحلل المواد العضوية وتعيدها للتربة؟",
      "a": "المحللات",
      "o": ["المحللات", "المستهلكات", "المنتجات", "المفترسات"],
      "h": "مثل البكتيريا والفطريات"
    },
    {
      "q": "عندما تتداخل عدة سلاسل غذائية مع بعضها، يتكون ما يسمى؟",
      "a": "الشبكة الغذائية",
      "o": ["الشبكة الغذائية", "الهرم الغذائي", "الدورة الغذائية", "النظام البيئي"],
      "h": "أكثر تعقيداً من السلسلة الواحدة"
    },
    {
      "q": "الحيوان الذي يأكل النباتات مباشرة يسمى؟",
      "a": "مستهلك أول",
      "o": ["مستهلك أول", "مستهلك ثاني", "مستهلك ثالث", "منتج"],
      "h": "يأتي بعد المنتج مباشرة"
    },
    {
      "q": "الحيوان الذي يأكل الحيوانات العاشبة يسمى؟",
      "a": "مستهلك ثاني",
      "o": ["مستهلك ثاني", "مستهلك أول", "منتج", "محلل"],
      "h": "مثل الذئب الذي يأكل الأرنب"
    },
    {
      "q": "ما هو الغذاء الوحيد تقريباً لحيوان الكوالا؟",
      "a": "أوراق الكافور (اليوكاليبتوس)",
      "o": ["أوراق الكافور (اليوكاليبتوس)", "الخيزران", "الصنوبر", "البلوط"],
      "h": "شجرة أسترالية عطرية"
    },
    {
      "q": "ما هو الغذاء الرئيسي لحيوان الباندا العملاقة؟",
      "a": "الخيزران (البامبو)",
      "o": ["الخيزران (البامبو)", "اللحم", "الأسماك", "الفواكه"],
      "h": "تأكل كميات ضخمة منه يومياً"
    },
    {
      "q": "ماذا يسمى الحيوان الذي يقع في قمة السلسلة الغذائية ولا يصطاده أحد؟",
      "a": "مفترس القمة (Apex Predator)",
      "o": ["مفترس القمة (Apex Predator)", "مستهلك أول", "فريسة", "محلل"],
      "h": "مثل القرش الأبيض والأسد"
    },
    {
      "q": "النمل آكل النمل يتغذى بشكل أساسي على؟",
      "a": "النمل والنمل الأبيض",
      "o": ["النمل والنمل الأبيض", "أوراق الشجر", "الفواكه", "الأسماك"],
      "h": "يستخدم لسانه الطويل واللزج"
    },
    {
      "q": "ما هو دور دودة الأرض في السلسلة الغذائية؟",
      "a": "محلل (آكل فتات)",
      "o": ["محلل (آكل فتات)", "مفترس", "منتج", "طفيلي"],
      "h": "تتغذى على المواد المتحللة في التربة"
    },
    {
      "q": "أي حيوان يعتبر 'كانس قاع البحر' (Scavenger)؟",
      "a": "السلطعون (السرطان)",
      "o": ["السلطعون (السرطان)", "الدلفين", "القرش", "الحوت"],
      "h": "يأكل البقايا المتساقطة للقاع"
    },
    {
      "q": "ما هو المصطلح للكائنات التي لا تستطيع صنع غذائها بنفسها؟",
      "a": "مستهلكات (Heterotrophs)",
      "o": ["مستهلكات (Heterotrophs)", "منتجات", "نباتات", "طحالب"],
      "h": "تعتمد على غيرها في الغذاء"
    },
    {
      "q": "العوالق النباتية (Phytoplankton) في المحيطات تعتبر؟",
      "a": "منتجات",
      "o": ["منتجات", "مستهلكات", "محللات", "طفيليات"],
      "h": "أساس الحياة في البحر"
    },
    {
      "q": "ماذا يأكل حيوان القندس (Beaver)؟",
      "a": "لحاء الأشجار والأغصان",
      "o": ["لحاء الأشجار والأغصان", "الأسماك", "الحشرات", "الطيور"],
      "h": "هو حيوان عاشب رغم عيشه في الماء"
    },
    {
      "q": "طائر العقاب يعتبر؟",
      "a": "آكل لحوم",
      "o": ["آكل لحوم", "آكل حبوب", "آكل فواكه", "عاشب"],
      "h": "يصطاد الأسماك والأرانب"
    }
  ],
  "hard": [
    {
      "q": "ما هو المصطلح العلمي للحيوانات التي تتغذى على الحشرات؟",
      "a": "Insectivore",
      "o": ["Insectivore", "Carnivore", "Herbivore", "Frugivore"],
      "h": "مثل القنفذ وآكل النمل"
    },
    {
      "q": "ما هو المصطلح العلمي للحيوانات التي تتغذى على الفاكهة؟",
      "a": "Frugivore",
      "o": ["Frugivore", "Insectivore", "Piscivore", "Folivore"],
      "h": "مثل بعض الخفافيش والقرود"
    },
    {
      "q": "ما هو المصطلح العلمي للحيوانات التي تتغذى على الأسماك؟",
      "a": "Piscivore",
      "o": ["Piscivore", "Carnivore", "Herbivore", "Granivore"],
      "h": "مثل البطريق والدلفين"
    },
    {
      "q": "كم نسبة الطاقة التي تنتقل تقريباً من مستوى غذائي للذي يليه؟",
      "a": "10%",
      "o": ["10%", "50%", "90%", "100%"],
      "h": "الباقي يفقد كحرارة وحركة"
    },
    {
      "q": "ما هو المصطلح العلمي للكائنات ذاتية التغذية (تصنع غذائها)؟",
      "a": "Autotrophs",
      "o": ["Autotrophs", "Heterotrophs", "Saprotrophs", "Mixotrophs"],
      "h": "مثل النباتات"
    },
    {
      "q": "ماذا يسمى الحيوان الذي يأكل أفراداً من نفس نوعه؟",
      "a": "Cannibal (آكل لحوم جنسه)",
      "o": ["Cannibal (آكل لحوم جنسه)", "Carnivore", "Predator", "Parasite"],
      "h": "سلوك نادر ولكنه موجود"
    },
    {
      "q": "الكائنات التي تتغذى على الدم تسمى؟",
      "a": "Hematophagy",
      "o": ["Hematophagy", "Coprophagy", "Osteophagy", "Xylophagy"],
      "h": "مثل البعوض والعلق"
    },
    {
      "q": "ماذا يسمى أكل الفضلات (الروث)؟",
      "a": "Coprophagy",
      "o": ["Coprophagy", "Hematophagy", "Geophagy", "Xylophagy"],
      "h": "تفعله الأرانب لاستخلاص فيتامين B"
    },
    {
      "q": "الحيوانات التي تتغذى على الأخشاب (مثل النمل الأبيض) تسمى؟",
      "a": "Xylophagy",
      "o": ["Xylophagy", "Folivore", "Granivore", "Nectarivore"],
      "h": "تهضم السليلوز"
    },
    {
      "q": "ماذا يسمى التغذي على رحيق الأزهار؟",
      "a": "Nectarivore",
      "o": ["Nectarivore", "Frugivore", "Insectivore", "Granivore"],
      "h": "مثل الفراشات والطنّان"
    },
    {
      "q": "ما هو المستوى الغذائي (Trophic Level) الأول دائماً؟",
      "a": "المنتجات",
      "o": ["المنتجات", "المستهلكات الأولية", "المستهلكات الثانوية", "المحللات"],
      "h": "قاعدة الهرم الغذائي"
    },
    {
      "q": "العلاقة التي يقوم فيها طائر بتنظيف أسنان التمساح للحصول على الطعام تسمى؟",
      "a": "تكافل (Mutualism)",
      "o": ["تكافل (Mutualism)", "تطفل", "تعايش", "افتراس"],
      "h": "التمساح يحصل على نظافة والطائر على طعام"
    },
    {
      "q": "ما هو الحيوان الذي يعتبر 'آكل حبوب' (Granivore)؟",
      "a": "العصفور الدوري",
      "o": ["العصفور الدوري", "الصقر", "النسر", "البومة"],
      "h": "منقاره مصمم لكسر البذور"
    },
    {
      "q": "حيوان يسمى (الشره) أو اللواحم المفترسة الصغيرة جداً؟",
      "a": "الزبابة (Shrew)",
      "o": ["الزبابة (Shrew)", "الفأر", "اليربوع", "القنفذ"],
      "h": "يجب أن يأكل باستمرار لسرعة حرقه للطاقة"
    },
    {
      "q": "الفطريات التي تنمو على الخبز تعتبر؟",
      "a": "رمية (Saprotrophs)",
      "o": ["رمية (Saprotrophs)", "طيلية", "تكافلية", "منتجة"],
      "h": "تحلل المواد العضوية الميتة"
    }
  ]
}