{
  "type": "animals",
  "sub": "facts_records",
  "easy": [
    {
      "q": "ما هو أسرع حيوان بري على وجه الأرض؟",
      "a": "الفهد (Cheetah)",
      "o": ["الفهد (Cheetah)", "الأسد", "الغزال", "الحصان"],
      "h": "جسمه منقط ومخصص للسرعة الفائقة"
    },
    {
      "q": "ما هو أضخم حيوان عاش على الأرض (في التاريخ والحاضر)؟",
      "a": "الحوت الأزرق",
      "o": ["الحوت الأزرق", "الديناصور (تيرانوصور)", "الفيل الأفريقي", "الماموث"],
      "h": "لسانه وحده بوزن فيل"
    },
    {
      "q": "ما هو أطول حيوان بري (ارتفاعاً)؟",
      "a": "الزرافة",
      "o": ["الزرافة", "الفيل", "النعامة", "الجمل"],
      "h": "رقبتها طويلة جداً"
    },
    {
      "q": "ما هو الحيوان الذي يمتلك أكبر بيضة في العالم؟",
      "a": "النعامة",
      "o": ["النعامة", "الدجاجة", "التمساح", "البطريق"],
      "h": "طائر لا يطير"
    },
    {
      "q": "ما هو أبطأ حيوان ثديي في العالم؟",
      "a": "الكسلان (Sloth)",
      "o": ["الكسلان (Sloth)", "السلحفاة", "الحلزون", "الكوالا"],
      "h": "يتحرك ببطء شديد على الأشجار"
    },
    {
      "q": "ما هو الحيوان الذي يُعرف بذاكرته القوية جداً؟",
      "a": "الفيل",
      "o": ["الفيل", "الدلفين", "الكلب", "السمكة"],
      "h": "لا ينسى أماكن المياه أبداً"
    },
    {
      "q": "ما هو الحيوان الوحيد الذي يمتلك خرطوماً طويلاً؟",
      "a": "الفيل",
      "o": ["الفيل", "الخنزير البري", "آكل النمل", "التابير"],
      "h": "يستخدمه للتنفس والشرب والإمساك"
    },
    {
      "q": "ما هو الحيوان الذي يستطيع تغيير لونه للتخفي؟",
      "a": "الحرباء",
      "o": ["الحرباء", "الضب", "السلحفاة", "الثعبان"],
      "h": "عيناها تتحركان في اتجاهين مختلفين"
    },
    {
      "q": "ما هو الطائر الذي لا يستطيع الطيران ولكنه سباح ماهر؟",
      "a": "البطريق",
      "o": ["البطريق", "النعامة", "الدجاجة", "الطاووس"],
      "h": "يعيش في المناطق القطبية الباردة"
    },
    {
      "q": "حيوان ينام واقفاً؟",
      "a": "الحصان",
      "o": ["الحصان", "الكلب", "القط", "الإنسان"],
      "h": "لديه آلية لقفل مفاصل أرجله"
    },
    {
      "q": "ما هو الحيوان الذي يمتلك أكبر عدد من الأرجل (نظرياً)؟",
      "a": "أم أربعة وأربعين (أو الألف رجل)",
      "o": ["أم أربعة وأربعين (أو الألف رجل)", "العنكبوت", "النملة", "الأخطبوط"],
      "h": "من المفصليات كثيرة الأرجل"
    },
    {
      "q": "ما هو الطائر الذي يستطيع الطيران للخلف؟",
      "a": "الطنّان",
      "o": ["الطنّان", "العصفور", "الصقر", "النسر"],
      "h": "يرفرف بجناحيه بسرعة هائلة"
    },
    {
      "q": "أي حيوان يمتلك 8 أذرع؟",
      "a": "الأخطبوط",
      "o": ["الأخطبوط", "الحبار", "نجم البحر", "قنديل البحر"],
      "h": "يعيش في المحيطات وله 3 قلوب"
    },
    {
      "q": "ما هو الحيوان الذي يسمى صوته 'زئير'؟",
      "a": "الأسد",
      "o": ["الأسد", "الحصان", "الذئب", "القط"],
      "h": "ملك الغابة"
    },
    {
      "q": "ما هو الحيوان الذي يسمى صوته 'صهيل'؟",
      "a": "الحصان",
      "o": ["الحصان", "الحمار", "الجمل", "البقرة"],
      "h": "حيوان يستخدم للركوب والسباق"
    }
  ],
  "medium": [
    {
      "q": "ما هو الحيوان الذي يمتلك أقوى عضة في العالم؟",
      "a": "تمساح المياه المالحة",
      "o": ["تمساح المياه المالحة", "القرش الأبيض", "الأسد", "فرس النهر"],
      "h": "فكّه يغلق بضغط هائل"
    },
    {
      "q": "كم عدد قلوب الأخطبوط؟",
      "a": "3 قلوب",
      "o": ["3 قلوب", "قلب واحد", "قلبان", "4 قلوب"],
      "h": "واحد للجسم واثنان للخياشيم"
    },
    {
      "q": "ما هو الحيوان الذي يمتلك أطول فترة حمل (22 شهراً)؟",
      "a": "الفيل الأفريقي",
      "o": ["الفيل الأفريقي", "الحوت الأزرق", "وحيد القرن", "الزرافة"],
      "h": "عامان تقريباً"
    },
    {
      "q": "طائر يسافر أطول مسافة هجرة في العالم (من القطب للقطب)؟",
      "a": "خرشنة القطب الشمالي (Arctic Tern)",
      "o": ["خرشنة القطب الشمالي (Arctic Tern)", "السنونو", "الإوز البري", "الصقر"],
      "h": "ترى الشمس أكثر من أي كائن آخر"
    },
    {
      "q": "ما هو أسرع طائر في العالم (عند الانقضاض)؟",
      "a": "الشاهين (Peregrine Falcon)",
      "o": ["الشاهين (Peregrine Falcon)", "النسر الذهبي", "السمامة", "النعامة"],
      "h": "تتجاوز سرعته 300 كم/ساعة"
    },
    {
      "q": "حيوان بحري ينام ونصف دماغه مستيقظ؟",
      "a": "الدلفين",
      "o": ["الدلفين", "القرش", "السلحفاة", "الأخطبوط"],
      "h": "لكي يصعد للتنفس ولا يغرق"
    },
    {
      "q": "ما هو الحيوان الذي بصمات أصابعه تشبه الإنسان تماماً؟",
      "a": "الكوالا",
      "o": ["الكوالا", "القرد", "الكنغر", "الباندا"],
      "h": "قد تربك المحققين الجنائيين"
    },
    {
      "q": "ما هو الحيوان الذي لا يشرب الماء طوال حياته (يستخلصه من البذور)؟",
      "a": "فأر الكنغر",
      "o": ["فأر الكنغر", "الجمل", "الضب", "المها"],
      "h": "يعيش في صحراء أمريكا"
    },
    {
      "q": "أكثر حيوان يتسبب في وفاة البشر سنوياً (بسبب الأمراض)؟",
      "a": "البعوضة",
      "o": ["البعوضة", "القرش", "الأسد", "الثعبان"],
      "h": "تنقل الملاريا وأمراض أخرى"
    },
    {
      "q": "ما هو الحيوان الذي يستطيع تجديد أطرافه المقطوعة؟",
      "a": "نجم البحر (والسمندل)",
      "o": ["نجم البحر", "القرش", "الأخطبوط", "السلحفاة"],
      "h": "ينمو له ذراع جديد"
    },
    {
      "q": "أطول عمر لحيوان بري معمر (تجاوز 180 سنة)؟",
      "a": "السلحفاة العملاقة",
      "o": ["السلحفاة العملاقة", "الفيل", "الببغاء", "الحوت"],
      "h": "تعيش في جزر غالاباغوس"
    },
    {
      "q": "حيوان يمتلك حاسة شم أقوى من الكلاب بـ 100 مرة؟",
      "a": "الدب",
      "o": ["الدب", "الذئب", "القرش", "القط"],
      "h": "يشم الطعام من كيلومترات"
    },
    {
      "q": "كم عدد فقرات عنق الزرافة؟",
      "a": "7 فقرات",
      "o": ["7 فقرات", "20 فقرة", "50 فقرة", "10 فقرات"],
      "h": "نفس عدد فقرات عنق الإنسان"
    },
    {
      "q": "الحيوان الوحيد الذي لا يستطيع القفز (رغم ضخامته)؟",
      "a": "الفيل",
      "o": ["الفيل", "وحيد القرن", "فرس النهر", "الدب"],
      "h": "وزنه يمنعه من رفع أرجله الأربعة معاً"
    },
    {
      "q": "ما هو لون دم الأخطبوط؟",
      "a": "أزرق",
      "o": ["أزرق", "أحمر", "أخضر", "شفاف"],
      "h": "بسبب النحاس في دمه"
    }
  ],
  "hard": [
    {
      "q": "ما هو الحيوان الذي يعتبر 'خالداً' بيولوجياً (يعيد دورة حياته)؟",
      "a": "قنديل البحر الخالد (Turritopsis dohrnii)",
      "o": ["قنديل البحر الخالد", "السلحفاة", "الحوت مقوس الرأس", "الهيدرا"],
      "h": "يعود لمرحلة البوليب بعد البلوغ"
    },
    {
      "q": "ما هو أعلى صوت لحيوان في العالم (نسبة لحجمه)؟",
      "a": "روبيان المسدس (Pistol Shrimp)",
      "o": ["روبيان المسدس", "الحوت الأزرق", "الأسد", "القرد العواء"],
      "h": "يطلق فقاعة صوتية تصعق الفريسة"
    },
    {
      "q": "ما هو أعلى صوت لحيوان على الإطلاق (بالديسيبل)؟",
      "a": "حوت العنبر (Sperm Whale)",
      "o": ["حوت العنبر", "الحوت الأزرق", "الفيل", "الطائرة النفاثة"],
      "h": "يستخدمه للتواصل والصيد بالصدى"
    },
    {
      "q": "كم عدد عيون النحلة؟",
      "a": "5 عيون",
      "o": ["5 عيون", "2 عين", "8 عيون", "100 عين"],
      "h": "اثنتان مركبتان وثلاث بسيطة"
    },
    {
      "q": "ما هو الحيوان الذي فضلاته مكعبة الشكل؟",
      "a": "الومبت (Wombat)",
      "o": ["الومبت", "الكوالا", "الأرنب", "الكنغر"],
      "h": "حيوان أسترالي"
    },
    {
      "q": "أطول دودة في العالم (تصل لـ 55 متراً)؟",
      "a": "دودة الحذاء (Bootlace Worm)",
      "o": ["دودة الحذاء", "الدودة الشريطية", "دودة الأرض", "الأناكوندا"],
      "h": "أطول من الحوت الأزرق"
    },
    {
      "q": "الحيوان الذي يمتلك أكبر عدد من الأسنان (قد تصل لـ 25 ألف)؟",
      "a": "الحلزون",
      "o": ["الحلزون", "القرش", "التمساح", "الدلفين"],
      "h": "أسنان مجهرية على لسانه"
    },
    {
      "q": "ما هو الحيوان الذي يستطيع حبس أنفاسه لمدة 6 أيام؟",
      "a": "العقرب",
      "o": ["العقرب", "الضفدع", "السلحفاة", "الدلفين"],
      "h": "يتحمل الظروف القاسية جداً"
    },
    {
      "q": "ما هو الحيوان الثديي الذي يبيض وله منقار وعقرب سام؟",
      "a": "خلس الماء (البلاتبوس)",
      "o": ["خلس الماء (البلاتبوس)", "آكل النمل", "القندس", "ثعلب الماء"],
      "h": "كوكتيل عجيب من الصفات"
    },
    {
      "q": "ما هو الحيوان الذي يمكنه العيش في الفضاء (تحمل الفراغ والإشعاع)؟",
      "a": "دب الماء (Tardigrade)",
      "o": ["دب الماء", "الصرصور", "الفأر", "الذباب"],
      "h": "كائن مجهري خارق التحمل"
    },
    {
      "q": "ما هي السمكة التي تسبح عمودياً؟",
      "a": "فرس البحر",
      "o": ["فرس البحر", "القرش", "التونة", "السلمون"],
      "h": "الذكر هو من يحمل البيض"
    },
    {
      "q": "ما هو الحيوان الذي يملك لسان أطول من جسمه؟",
      "a": "الحرباء",
      "o": ["الحرباء", "آكل النمل", "الضفدع", "الزرافة"],
      "h": "تطلقه كالقذيفة لصيد الحشرات"
    },
    {
      "q": "الحيوان الوحيد الذي لا يمتلك حبالاً صوتية؟",
      "a": "الزرافة",
      "o": ["الزرافة", "السمكة", "الأرنب", "الثعبان"],
      "h": "تتواصل بالموجات تحت الصوتية"
    },
    {
      "q": "ما هو أثقل طائر قادر على الطيران؟",
      "a": "الحبارى الكبرى (Great Bustard)",
      "o": ["الحبارى الكبرى", "النسر", "القطرس", "البجعة"],
      "h": "وزنه يصل لـ 20 كجم"
    },
    {
      "q": "أكثر حيوان ينام في اليوم (حوالي 22 ساعة)؟",
      "a": "الكوالا",
      "o": ["الكوالا", "الأسد", "الكسلان", "القط"],
      "h": "بسبب قلة الطاقة في غذائه"
    }
  ]
}