{
  "type": "animals",
  "sub": "habitats_adaptation",
  "easy": [
    {
      "q": "أين يعيش الجمل؟",
      "a": "الصحراء",
      "o": ["الصحراء", "الغابة", "القطب المتجمد", "المحيط"],
      "h": "بيئة حارة وجافة"
    },
    {
      "q": "ماذا يغطي جسم الدب القطبي ليحميه من البرد؟",
      "a": "فرو سميك",
      "o": ["فرو سميك", "ريش", "حراشف", "جلد رقيق"],
      "h": "يعيش في الثلوج"
    },
    {
      "q": "أين تعيش الأسماك؟",
      "a": "في الماء",
      "o": ["في الماء", "على الأشجار", "في الكهوف", "في الصحراء"],
      "h": "تحتاج الماء للتنفس والحركة"
    },
    {
      "q": "ما هو الحيوان الذي يعيش في الغابة ويحب تسلق الأشجار؟",
      "a": "القرد",
      "o": ["القرد", "التمساح", "الحوت", "الجمل"],
      "h": "يحب الموز"
    },
    {
      "q": "أين يعيش البطريق؟",
      "a": "القطب الجنوبي المتجمد",
      "o": ["القطب الجنوبي المتجمد", "الصحراء الكبرى", "الغابات الاستوائية", "الأنهار"],
      "h": "بيئة جليدية باردة جداً"
    },
    {
      "q": "ما هو العضو الذي تستخدمه الأسماك للتنفس تحت الماء؟",
      "a": "الخياشيم",
      "o": ["الخياشيم", "الرئتين", "الأنف", "الجلد"],
      "h": "تستخلص الأكسجين من الماء"
    },
    {
      "q": "لماذا تملك الزرافة رقبة طويلة؟",
      "a": "للوصول لأوراق الأشجار العالية",
      "o": ["للوصول لأوراق الأشجار العالية", "لشرب الماء", "للنوم", "للجري بسرعة"],
      "h": "تكيف للغذاء في السافانا"
    },
    {
      "q": "أين يعيش الأسد عادة؟",
      "a": "السافانا (المراعي المفتوحة)",
      "o": ["السافانا (المراعي المفتوحة)", "القطب الشمالي", "أعماق المحيط", "قمم الجبال الثلجية"],
      "h": "يصطاد في المساحات المفتوحة"
    },
    {
      "q": "ماذا يفعل القنفذ عندما يشعر بالخطر؟",
      "a": "يتكور على نفسه",
      "o": ["يتكور على نفسه", "يطير", "يسبح", "يركض بسرعة"],
      "h": "ليحمي بطنه بأشواكه"
    },
    {
      "q": "كيف يتكيف الجمل مع رمال الصحراء الناعمة؟",
      "a": "خف عريض",
      "o": ["خف عريض", "حوافر حادة", "مخالب", "زعانف"],
      "h": "لكي لا تغوص أرجله في الرمل"
    },
    {
      "q": "أين تعيش الضفادع؟",
      "a": "قرب المياه والمستنقعات",
      "o": ["قرب المياه والمستنقعات", "في الصحراء الجافة", "في قمم الجبال", "في المياه المالحة العميقة"],
      "h": "تحتاج لترطيب جلدها"
    },
    {
      "q": "ما هي وظيفة سنام الجمل؟",
      "a": "تخزين الدهون (للطاقة)",
      "o": ["تخزين الدهون (للطاقة)", "تخزين الماء مباشرة", "للزينة", "للتوازن"],
      "h": "يساعده على الصبر على الجوع"
    },
    {
      "q": "أين يعيش الحوت الأزرق؟",
      "a": "المحيطات",
      "o": ["المحيطات", "الأنهار الصغيرة", "البحيرات", "اليابسة"],
      "h": "يحتاج مساحات مائية شاسعة وعميقة"
    },
    {
      "q": "ما هو لون الدب القطبي؟",
      "a": "أبيض",
      "o": ["أبيض", "بني", "أسود", "أخضر"],
      "h": "للتخفي في الثلج"
    },
    {
      "q": "أين تعيش دودة الأرض؟",
      "a": "في التربة (تحت الأرض)",
      "o": ["في التربة (تحت الأرض)", "في الماء", "على الأشجار", "في الهواء"],
      "h": "تحفر أنفاقاً وتهوي التربة"
    }
  ],
  "medium": [
    {
      "q": "ماذا تسمى قدرة الحيوان على الاندماج مع بيئته للاختباء؟",
      "a": "التمويه (Camouflage)",
      "o": ["التمويه (Camouflage)", "السبات", "الهجرة", "الافتراس"],
      "h": "مثل الحرباء والحشرات العصوية"
    },
    {
      "q": "ما هي طبقة الدهون السميكة تحت جلد الحوت والفقمة؟",
      "a": "الدهن (Blubber)",
      "o": ["الدهن (Blubber)", "العضلات", "العظام", "الغضروف"],
      "h": "للحماية من برودة الماء الشديدة"
    },
    {
      "q": "لماذا تمتلك ثعالب الصحراء (الفنك) آذاناً كبيرة جداً؟",
      "a": "لفقدان الحرارة وتبريد الجسم",
      "o": ["لفقدان الحرارة وتبريد الجسم", "للطيران", "للشكل الجميل", "لتخويف الأعداء"],
      "h": "تعيش في بيئة حارة جداً"
    },
    {
      "q": "ما هو التكيف السلوكي الذي تقوم به الطيور في الشتاء؟",
      "a": "الهجرة",
      "o": ["الهجرة", "السبات", "تغيير اللون", "بناء السدود"],
      "h": "الانتقال لأماكن أكثر دفئاً"
    },
    {
      "q": "أين توجد أكبر غابة مطيرة في العالم؟",
      "a": "الأمازون (أمريكا الجنوبية)",
      "o": ["الأمازون (أمريكا الجنوبية)", "الصحراء الكبرى", "سيبيريا", "أوروبا"],
      "h": "رئة الأرض"
    },
    {
      "q": "ما هو التكيف الذي يساعد البوم على الصيد ليلاً؟",
      "a": "رؤية ليلية وطيران صامت",
      "o": ["رؤية ليلية وطيران صامت", "الركض السريع", "السباحة", "تغيير اللون"],
      "h": "مباغتة الفريسة في الظلام"
    },
    {
      "q": "كيف تحمي السلاحف نفسها من المفترسات؟",
      "a": "الدرقة (الصدفة الصلبة)",
      "o": ["الدرقة (الصدفة الصلبة)", "السرعة", "السم", "الطيران"],
      "h": "بيت تحمله على ظهرها"
    },
    {
      "q": "ما هي البيئة التي تتميز بقلة الأمطار ودرجات حرارة متطرفة؟",
      "a": "الصحراء",
      "o": ["الصحراء", "الغابة المطيرة", "التندرا", "المحيط"],
      "h": "بيئة الجمل والضب"
    },
    {
      "q": "لماذا يكون لون بطن معظم الأسماك فاتحاً وظهرها غامقاً؟",
      "a": "للتمويه (Countershading)",
      "o": ["للتمويه (Countershading)", "للجمال", "لجذب الأنثى", "بالصدفة"],
      "h": "ليصعب رؤيتها من الأسفل (ضد الضوء) ومن الأعلى (ضد القاع)"
    },
    {
      "q": "ما هو الحيوان الذي يبني سدوداً ليصنع بركة يعيش فيها؟",
      "a": "القندس",
      "o": ["القندس", "ثعلب الماء", "التمساح", "فرس النهر"],
      "h": "مهندس الطبيعة"
    },
    {
      "q": "ما هي 'الشعب المرجانية'؟",
      "a": "هياكل بنتها كائنات بحرية",
      "o": ["هياكل بنتها كائنات بحرية", "صخور بركانية", "نباتات بحرية", "بقايا سفن"],
      "h": "موطن لملايين الأسماك"
    },
    {
      "q": "كيف تتنفس الدلافين والحيتان؟",
      "a": "بالرئتين (فتحة النفث)",
      "o": ["بالرئتين (فتحة النفث)", "بالخياشيم", "عن طريق الجلد", "لا تتنفس"],
      "h": "يجب أن تصعد للسطح"
    },
    {
      "q": "أي حيوان يغير فراءه من البني (صيفاً) للأبيض (شتاءً)؟",
      "a": "الثعلب القطبي / الأرنب القطبي",
      "o": ["الثعلب القطبي / الأرنب القطبي", "الدب القطبي", "البطريق", "الأسد"],
      "h": "للتمويه مع تغير المواسم"
    },
    {
      "q": "ما هو الموطن الطبيعي لحيوان الباندا؟",
      "a": "غابات الخيزران في الصين",
      "o": ["غابات الخيزران في الصين", "غابات الأمازون", "السافانا الأفريقية", "صحراء أستراليا"],
      "h": "مكان نمو طعامه الوحيد"
    },
    {
      "q": "لماذا تملك النسور مخالب قوية وحادة؟",
      "a": "للقبض على الفريسة وحملها",
      "o": ["للقبض على الفريسة وحملها", "للحفر في الأرض", "للسير", "للسياحة"],
      "h": "أدوات الصيد الفتاكة"
    }
  ],
  "hard": [
    {
      "q": "ماذا يسمى السبات الصيفي (للهروب من الحر والجفاف)؟",
      "a": "الخمول الصيفي (Estivation)",
      "o": ["الخمول الصيفي (Estivation)", "السبات الشتوي", "الهجرة", "الانسلاخ"],
      "h": "تفعله بعض الضفادع والزواحف"
    },
    {
      "q": "ما هو التكيف الذي يسمح لبعض أسماك الأعماق بإنتاج الضوء؟",
      "a": "التلألؤ البيولوجي (Bioluminescence)",
      "o": ["التلألؤ البيولوجي (Bioluminescence)", "التمثيل الضوئي", "الانعكاس", "الفسفرة"],
      "h": "مثل سمكة أبو الشص"
    },
    {
      "q": "ما هي المنطقة الانتقالية بين النهر والبحر (مياه مخلطة)؟",
      "a": "مصب النهر (Estuary)",
      "o": ["مصب النهر (Estuary)", "البحيرة", "المستنقع", "الشلال"],
      "h": "بيئة غنية جداً بالكائنات"
    },
    {
      "q": "حيوانات تعيش في الظروف القاسية جداً (حرارة عالية أو حموضة) تسمى؟",
      "a": "أليفات الظروف القاسية (Extremophiles)",
      "o": ["أليفات الظروف القاسية (Extremophiles)", "المفترسات", "الطفيليات", "الثدييات"],
      "h": "مثل دب الماء وبعض البكتيريا"
    },
    {
      "q": "ما هو التكيف الذي يمنع تجمد أقدام البطريق على الجليد؟",
      "a": "نظام تبادل حراري في الأوعية الدموية",
      "o": ["نظام تبادل حراري في الأوعية الدموية", "ارتداء أحذية", "دهون سميكة في القدم", "ريش كثيف في القدم"],
      "h": "الدم البارد العائد يبرد الدم الحار الذاهب"
    },
    {
      "q": "لماذا تملك الطيور عظاماً مجوفة؟",
      "a": "لتقليل الوزن وتسهيل الطيران",
      "o": ["لتقليل الوزن وتسهيل الطيران", "لتخزين الهواء", "لتخزين الطعام", "لزيادة القوة"],
      "h": "تكيف هيكلي للطيران"
    },
    {
      "q": "ما هو الموطن البيئي الذي يتميز بأشجار المانغروف؟",
      "a": "المستنقعات الساحلية المالحة",
      "o": ["المستنقعات الساحلية المالحة", "الجبال العالية", "الصحراء", "السهول"],
      "h": "جذورها تنمو فوق الماء"
    },
    {
      "q": "التكيف الذي يجعل حيواناً غير ضار يشبه حيواناً ساماً يسمى؟",
      "a": "المحاكاة (Mimicry)",
      "o": ["المحاكاة (Mimicry)", "التمويه", "التطبع", "التطفل"],
      "h": "لخداع المفترسات (مثل ذبابة تشبه النحلة)"
    },
    {
      "q": "ما هو الغشاء الرامش عند التمساح والطيور؟",
      "a": "جفن ثالث شفاف للحماية",
      "o": ["جفن ثالث شفاف للحماية", "غشاء للتنفس", "غشاء للسمع", "زعنفة صغيرة"],
      "h": "يحمي العين تحت الماء أو أثناء الطيران"
    },
    {
      "q": "كيف يحصل فأر الكنغر على الماء في الصحراء؟",
      "a": "من استقلاب البذور الجافة (ماء أيضي)",
      "o": ["من استقلاب البذور الجافة", "من الصبار", "من الندى", "يشرب من الأنهار"],
      "h": "لا يشرب الماء السائل تقريباً"
    },
    {
      "q": "ما هي وظيفة الخط الجانبي في الأسماك؟",
      "a": "استشعار الحركة والاهتزازات في الماء",
      "o": ["استشعار الحركة والاهتزازات", "التنفس", "التوازن", "الشم"],
      "h": "حاسة سادسة للأسماك"
    },
    {
      "q": "الطبقة العاكسة خلف شبكية عين القطط (Tapatum Lucidum) تساعد في؟",
      "a": "الرؤية الليلية",
      "o": ["الرؤية الليلية", "رؤية الألوان", "حماية العين من الشمس", "التركيز"],
      "h": "تجعل عيونها تلمع في الظلام"
    },
    {
      "q": "أين تعيش حيوانات الليمور حصرياً؟",
      "a": "جزيرة مدغشقر",
      "o": ["جزيرة مدغشقر", "أستراليا", "غينيا الجديدة", "البرازيل"],
      "h": "انعزلت وتطورت هناك"
    },
    {
      "q": "ما هو التكيف الرئيسي لنباتات الصحراء (مثل الصبار)؟",
      "a": "تحور الأوراق لأشواك وتخزين الماء",
      "o": ["تحور الأوراق لأشواك", "أوراق عريضة جداً", "جذور قصيرة", "نمو سريع"],
      "h": "لتقليل تبخر الماء"
    },
    {
      "q": "ماذا يسمى النظام البيئي المتجمد الذي لا تنمو فيه أشجار؟",
      "a": "التندرا",
      "o": ["التندرا", "التايغا", "السافانا", "الإستبس"],
      "h": "التربة متجمدة دائماً"
    }
  ]
}