{
  "type": "general",
  "sub": "culture_arts",
  "easy": {
    "أ": [
      {
        "q": "الجائزة السينمائية الأشهر في العالم (تمثال ذهبي) تبدأ بحرف الألف؟",
        "a": "أوسكار",
        "o": ["أوسكار", "أوبرا", "إيمي", "أكشن"],
        "h": "حفل سنوي في هوليوود"
      },
      {
        "q": "فن غنائي مسرحي يعتمد على طبقات الصوت العالية يبدأ بحرف الألف؟",
        "a": "أوبرا",
        "o": ["أوبرا", "أوركسترا", "أهزوجة", "ألحان"],
        "h": "فن إيطالي الأصل"
      },
      {
        "q": "فن ياباني لطي الورق لصنع أشكال فنية يبدأ بحرف الألف؟",
        "a": "أوريغامي",
        "o": ["أوريغامي", "أنيمي", "ألوان", "أكريليك"],
        "h": "بدون قص أو لصق"
      }
    ],
    "ب": [
      {
        "q": "مبنى شهير في باريس ورمز لفرنسا يبدأ بحرف الباء؟",
        "a": "برج إيفل",
        "o": ["برج إيفل", "برج بيزا", "باب النصر", "بانتثيون"],
        "h": "بناه غوستاف"
      },
      {
        "q": "رسام إسباني رائد التكعيبية (رسم الجيرنيكا) يبدأ بحرف الباء؟",
        "a": "بيكاسو",
        "o": ["بيكاسو", "بيتهوفن", "بوتشيني", "براهامز"],
        "h": "بابلو"
      },
      {
        "q": "آلة موسيقية كبيرة لها مفاتيح بيضاء وسوداء تبدأ بحرف الباء؟",
        "a": "بيانو",
        "o": ["بيانو", "بوق", "بانجو", "بطارية"],
        "h": "ملك الآلات"
      }
    ],
    "ت": [
      {
        "q": "فيلم شهير عن سفينة غرقت في أول رحلة لها يبدأ بحرف التاء؟",
        "a": "تيتانيك",
        "o": ["تيتانيك", "تروي", "توب غان", "تيرميناتور"],
        "h": "بطولة ليوناردو دي كابريو"
      },
      {
        "q": "مبنى هندي شهير من الرخام الأبيض (ضريح) يبدأ بحرف التاء؟",
        "a": "تاج محل",
        "o": ["تاج محل", "تمثال الحرية", "توت عنخ آمون", "تراث"],
        "h": "بناه شاه جهان لزوجته"
      }
    ],
    "ث": [
      {
        "q": "سلسلة روايات شهيرة لنجيب محفوظ (بين القصرين، قصر الشوق...) تبدأ بحرف الثاء؟",
        "a": "ثلاثية",
        "o": ["ثلاثية", "ثقافة", "ثورة", "ثريا"],
        "h": "تحكي عن القاهرة القديمة"
      }
    ],
    "ج": [
      {
        "q": "اسم اللوحة الشهيرة (الموناليزا) بالإيطالية يبدأ بحرف الجيم؟",
        "a": "جوكندا",
        "o": ["جوكندا", "جدارية", "جميلة", "جورنيكا"],
        "h": "رسمها دافنشي"
      },
      {
        "q": "آلة موسيقية وترية محبوبة (إسبانية الأصل) تبدأ بحرف الجيم؟",
        "a": "جيتار",
        "o": ["جيتار", "جرس", "جوقة", "جمباز"],
        "h": "منها الكهربائي والكلاسيكي"
      }
    ],
    "ح": [
      {
        "q": "مادة تستخدم لتزيين اليدين بنقوش فنية (تقليد عربي وهندي) تبدأ بحرف الحاء؟",
        "a": "حناء",
        "o": ["حناء", "حبر", "حرير", "حلي"],
        "h": "لونها بني محمر"
      }
    ],
    "خ": [
      {
        "q": "فن الكتابة الجميلة وتزيين الحروف يبدأ بحرف الخاء؟",
        "a": "خط (عربي)",
        "o": ["خط", "خزف", "خياطة", "خيال"],
        "h": "أنواعه: النسخ، الرقعة، الثلث"
      },
      {
        "q": "صناعة الأواني والتحف من الطين المحروق تبدأ بحرف الخاء؟",
        "a": "خزف",
        "o": ["خزف", "خشب", "خرز", "خيش"],
        "h": "السيراميك"
      }
    ],
    "د": [
      {
        "q": "فنان إيطالي شامل (رسام الموناليزا) يبدأ بحرف الدال؟",
        "a": "دافنشي (ليوناردو)",
        "o": ["دافنشي", "دالي", "ديزني", "ديكنز"],
        "h": "رسم العشاء الأخير أيضاً"
      },
      {
        "q": "نوع من الأفلام والمسلسلات يركز على المشاعر والقصص الجادة يبدأ بحرف الدال؟",
        "a": "دراما",
        "o": ["دراما", "دوبلاج", "ديكور", "ديسكو"],
        "h": "عكس الكوميديا"
      }
    ],
    "ذ": [
      {
        "q": "فيلم كلاسيكي أمريكي شهير (Gone with the Wind) يبدأ بحرف الذال؟",
        "a": "ذهب مع الريح",
        "o": ["ذهب مع الريح", "ذئاب الجبل", "ذاكرة الجسد", "ذكريات"],
        "h": "عن الحرب الأهلية الأمريكية"
      }
    ],
    "ر": [
      {
        "q": "فن تشكيلي يستخدم الألوان والفرشاة يبدأ بحرف الراء؟",
        "a": "رسم",
        "o": ["رسم", "رقص", "رواية", "رعب"],
        "h": "ينتج لوحات"
      },
      {
        "q": "قصة طويلة مكتوبة (سرد نثري) تبدأ بحرف الراء؟",
        "a": "رواية",
        "o": ["رواية", "رسالة", "رسم", "ربابة"],
        "h": "مثل البؤساء وهاري بوتر"
      }
    ],
    "ز": [
      {
        "q": "فن تجميل المباني والأسطح بنقوش هندسية ونباتية يبدأ بحرف الزاي؟",
        "a": "زخرفة",
        "o": ["زخرفة", "زيت", "زجاج", "زي"],
        "h": "مشهور في الفن الإسلامي"
      },
      {
        "q": "نوع من الألوان يجف ببطء ويستخدمه الرسامون المحترفون يبدأ بحرف الزاي؟",
        "a": "زيتي (ألوان زيتية)",
        "o": ["زيتي", "زهري", "زجاجي", "زنك"],
        "h": "لوحات المتاحف غالباً زيتية"
      }
    ],
    "س": [
      {
        "q": "فن صناعة الأفلام وعرضها (الفن السابع) يبدأ بحرف السين؟",
        "a": "سينما",
        "o": ["سينما", "سيرك", "سيمفونية", "سيراميك"],
        "h": "الشاشة الكبيرة"
      },
      {
        "q": "مدرسة فنية تعتمد على الخيال والأحلام (مثل ساعات دالي الذائبة) تبدأ بحرف السين؟",
        "a": "سريالية",
        "o": ["سريالية", "سمفونية", "سينما", "سردية"],
        "h": "ما فوق الواقع"
      },
      {
        "q": "طعام ياباني شهير مكون من الأرز والسمك النيء يبدأ بحرف السين؟",
        "a": "سوشي",
        "o": ["سوشي", "سباغيتي", "ستيك", "سلطة"],
        "h": "يؤكل بالعيدان"
      }
    ],
    "ش": [
      {
        "q": "أشهر كاتب مسرحي في التاريخ (مؤلف هاملت) يبدأ بحرف الشين؟",
        "a": "شكسبير",
        "o": ["شكسبير", "شوبان", "شوستافوكيتش", "شابلن"],
        "h": "إنجليزي"
      },
      {
        "q": "شخصية محقق خيالي شهير بذكائه وقبعته يبدأ بحرف الشين؟",
        "a": "شرلوك هولمز",
        "o": ["شرلوك هولمز", "شريك", "شعبولا", "شمشون"],
        "h": "صديقه دكتور واطسون"
      }
    ],
    "ص": [
      {
        "q": "مادة لينة تستخدم في النحت والتشكيل اليدوي تبدأ بحرف الصاد؟",
        "a": "صلصال",
        "o": ["صلصال", "صوف", "صمغ", "صخر"],
        "h": "يلعب به الأطفال أيضاً"
      },
      {
        "q": "آلة موسيقية نحاسية صغيرة توضع في الأصابع (للرقص) تبدأ بحرف الصاد؟",
        "a": "صاجات",
        "o": ["صاجات", "صور", "صولجان", "صفارة"],
        "h": "تستخدم في الإيقاع"
      }
    ],
    "ض": [
      {
        "q": "بناء فخم يضم قبراً لشخصية هامة (مثل تاج محل) يبدأ بحرف الضاد؟",
        "a": "ضريح",
        "o": ["ضريح", "ضوء", "ضوضاء", "ضجيج"],
        "h": "مزار سياحي"
      }
    ],
    "ط": [
      {
        "q": "أكلة مغربية شهيرة تطهى في وعاء فخاري مخروطي يبدأ بحرف الطاء؟",
        "a": "طاجن",
        "o": ["طاجن", "طعمية", "طحينة", "طرشي"],
        "h": "لحم وخضار"
      },
      {
        "q": "فن إعداد الطعام وتقديمه يبدأ بحرف الطاء؟",
        "a": "طبخ",
        "o": ["طبخ", "طرب", "طبل", "طين"],
        "h": "الطهاة مبدعون فيه"
      }
    ],
    "ظ": [
      {
        "q": "تقنية فنية تستخدم لإعطاء عمق وواقعية للرسم (عكس النور) تبدأ بحرف الظاء؟",
        "a": "ظل (وتظليل)",
        "o": ["ظل", "ظلام", "ظهر", "ظرف"],
        "h": "الرسم بالرصاص يعتمد عليه"
      }
    ],
    "ع": [
      {
        "q": "آلة موسيقية شرقية وترية (ملك الآلات العربية) تبدأ بحرف العين؟",
        "a": "عود",
        "o": ["عود", "عمود", "عربة", "عدسة"],
        "h": "يعزف عليه فريد الأطرش"
      },
      {
        "q": "فن تصميم المباني وتشييدها يبدأ بحرف العين؟",
        "a": "عمارة",
        "o": ["عمارة", "عزف", "عمل", "عقدة"],
        "h": "زها حديد مشهورة به"
      }
    ],
    "غ": [
      {
        "q": "جائزة موسيقية عالمية شهيرة (تعادل الأوسكار في الموسيقى) تبدأ بحرف الغين؟",
        "a": "غرامي",
        "o": ["غرامي", "غولدن غلوب", "غيتار", "غناء"],
        "h": "Grammy Awards"
      },
      {
        "q": "فن استخدام الصوت البشري لإنتاج الموسيقى يبدأ بحرف الغين؟",
        "a": "غناء",
        "o": ["غناء", "غزل", "غروب", "غموض"],
        "h": "طرب"
      }
    ],
    "ف": [
      {
        "q": "مطربة لبنانية شهيرة تلقب بـ (جارة القمر) تبدأ بحرف الفاء؟",
        "a": "فيروز",
        "o": ["فيروز", "فايزة", "فاتن", "فلة"],
        "h": "غنّت 'نسم علينا الهوا'"
      },
      {
        "q": "رقصة وموسيقى إسبانية تعتمد على الجيتار والتصفيق تبدأ بحرف الفاء؟",
        "a": "فلامنكو",
        "o": ["فلامنكو", "فالس", "فنون", "فلكلور"],
        "h": "أصلها أندلسي"
      },
      {
        "q": "رسام هولندي مشهور قطع أذنه تبدأ بحرف الفاء؟",
        "a": "فان جوخ",
        "o": ["فان جوخ", "فيرمير", "فيلدز", "فيكتور"],
        "h": "رسم عباد الشمس"
      }
    ],
    "ق": [
      {
        "q": "آلة موسيقية وترية تشبه الجيتار (تستخدم في الموسيقى الكلاسيكية) تبدأ بحرف القاف؟",
        "a": "قيثارة (Harp/Guitar)",
        "o": ["قيثارة", "قانون", "قربة", "قناع"],
        "h": "أو الهارب"
      },
      {
        "q": "آلة موسيقية شرقية لها أوتار كثيرة تعزف بالريشة تبدأ بحرف القاف؟",
        "a": "قانون",
        "o": ["قانون", "قيثارة", "قربة", "قناع"],
        "h": "توضع على الحضن"
      }
    ],
    "ك": [
      {
        "q": "نوع من المسرح أو الأفلام يهدف للإضحاك يبدأ بحرف الكاف؟",
        "a": "كوميديا",
        "o": ["كوميديا", "كلاسيك", "كرتون", "كاميرا"],
        "h": "عكس التراجيديا"
      },
      {
        "q": "آلة موسيقية وترية تعزف بالقوس تبدأ بحرف الكاف؟",
        "a": "كمان",
        "o": ["كمان", "كنارة", "كاستنيت", "كورس"],
        "h": "أساسية في الأوركسترا"
      },
      {
        "q": "معجنات فرنسية شهيرة على شكل هلال تبدأ بحرف الكاف؟",
        "a": "كرواسون",
        "o": ["كرواسون", "كيك", "كريب", "كعك"],
        "h": "تؤكل في الإفطار"
      }
    ],
    "ل": [
      {
        "q": "أشهر متحف فني في العالم (في باريس) يبدأ بحرف اللام؟",
        "a": "لوفر",
        "o": ["لوفر", "لندن", "لوحة", "لون"],
        "h": "فيه الموناليزا"
      },
      {
        "q": "العمل الفني المرسوم يسمى تبدأ بحرف اللام؟",
        "a": "لوحة",
        "o": ["لوحة", "لون", "لحن", "لعبة"],
        "h": "توضع في إطار"
      }
    ],
    "م": [
      {
        "q": "أبو الفنون (فن التمثيل الحي أمام الجمهور) يبدأ بحرف الميم؟",
        "a": "مسرح",
        "o": ["مسرح", "موسيقى", "متحف", "مرسم"],
        "h": "خشبة وستارة"
      },
      {
        "q": "اسم اللوحة الأكثر شهرة في العالم (امرأة تبتسم) يبدأ بحرف الميم؟",
        "a": "موناليزا",
        "o": ["موناليزا", "مادونا", "ملاك", "منظر"],
        "h": "في اللوفر"
      },
      {
        "q": "مكان حفظ وعرض الآثار والتحف الفنية يبدأ بحرف الميم؟",
        "a": "متحف",
        "o": ["متحف", "مرسم", "مسرح", "معهد"],
        "h": "للحفاظ على التراث"
      }
    ]
  },


  "medium": {
    "أ": [
      {
        "q": "فن تنسيق الزهور الياباني يبدأ بحرف الألف؟",
        "a": "إيكيبانا (خطأ في التصنيف، سأنقله للياء أو أغيره). سؤال بديل: فن تحريك الرسوم؟ أنيميشن",
        "o": ["أنيميشن", "أكشن", "ألوان", "أفلام"],
        "h": "الرسوم المتحركة"
      }
    ],
    "ب": [
      {
        "q": "رقصة كلاسيكية تعتمد على حركات رشيقة والوقوف على أطراف الأصابع تبدأ بحرف الباء؟",
        "a": "باليه",
        "o": ["باليه", "بريك دانس", "بولكا", "بوب"],
        "h": "بحيرة البجع"
      }
    ]
  }
}