{
  "type": "general",
  "sub": "history_society",
  "easy": {
    "أ": [
      {
        "q": "أول نبي خلقه الله (أبو البشر) يبدأ بحرف الألف؟",
        "a": "آدم",
        "o": ["آدم", "إدريس", "إبراهيم", "أيوب"],
        "h": "نزل من الجنة إلى الأرض"
      },
      {
        "q": "الحضارة التي سكنت الأندلس لمدة 8 قرون تبدأ بحرف الألف؟",
        "a": "أندلسية",
        "o": ["أندلسية", "آشورية", "أكادية", "أموية"],
        "h": "في إسبانيا والبرتغال حالياً"
      }
    ],
    "ب": [
      {
        "q": "عاصمة الدولة العباسية (مدينة السلام) تبدأ بحرف الباء؟",
        "a": "بغداد",
        "o": ["بغداد", "بصرة", "بيروت", "بابل"],
        "h": "بناها المنصور"
      },
      {
        "q": "أول غزوة كبرى في الإسلام انتصر فيها المسلمون تبدأ بحرف الباء؟",
        "a": "بدر",
        "o": ["بدر", "بلاط الشهداء", "بنات قينقاع", "بويب"],
        "h": "سماها القرآن يوم الفرقان"
      }
    ],
    "ت": [
      {
        "q": "كتاب سماوي أنزل على موسى عليه السلام يبدأ بحرف التاء؟",
        "a": "توراة",
        "o": ["توراة", "تلمود", "تفسير", "تجويد"],
        "h": "الكتاب المقدس لليهود"
      },
      {
        "q": "قائد مغولي أعرج بنى إمبراطورية ضخمة يبدأ بحرف التاء؟",
        "a": "تيمور لنك",
        "o": ["تيمور لنك", "تتار", "تبع", "تحتمس"],
        "h": "عاصمته سمرقند"
      }
    ],
    "ث": [
      {
        "q": "تغيير جذري في الحكم (مثل الفرنسية) يسمى يبدأ بحرف الثاء؟",
        "a": "ثورة",
        "o": ["ثورة", "ثروة", "ثقافة", "ثأر"],
        "h": "خروج الشعب ضد الحاكم"
      },
      {
        "q": "قوم نبي الله صالح عليه السلام تبدأ بحرف الثاء؟",
        "a": "ثمود",
        "o": ["ثمود", "ثقيف", "ثعلبة", "ثنيات"],
        "h": "نحتوا الجبال بيوتاً"
      }
    ],
    "ج": [
      {
        "q": "ملاك الوحي الذي نزل على الأنبياء يبدأ بحرف الجيم؟",
        "a": "جبريل",
        "o": ["جبريل", "جالوت", "جعفر", "جرير"],
        "h": "الروح الأمين"
      },
      {
        "q": "معركة فاصلة بين العثمانيين والصفويين (1514م) تبدأ بحرف الجيم؟",
        "a": "جالديران",
        "o": ["جالديران", "جمل", "جسور", "جلولاء"],
        "h": "انتصر فيها سليم الأول"
      }
    ],
    "ح": [
      {
        "q": "معركة حرر فيها صلاح الدين القدس تبدأ بحرف الحاء؟",
        "a": "حطين",
        "o": ["حطين", "حنين", "حديبية", "حرة"],
        "h": "هزم الصليبيين"
      },
      {
        "q": "ملك بابلي وضع أول القوانين المكتوبة يبدأ بحرف الحاء؟",
        "a": "حمورابي",
        "o": ["حمورابي", "حنبعل", "حازم", "حاتم"],
        "h": "مسلة القوانين"
      }
    ],
    "خ": [
      {
        "q": "قائد مسلم لقب بـ (سيف الله المسلول) يبدأ بحرف الخاء؟",
        "a": "خالد بن الوليد",
        "o": ["خالد بن الوليد", "خطاب", "خزيمة", "خبيب"],
        "h": "لم يهزم في معركة قط"
      },
      {
        "q": "أول زوجات النبي ﷺ تبدأ بحرف الخاء؟",
        "a": "خديجة",
        "o": ["خديجة", "خولة", "خنساء", "خيرية"],
        "h": "أم المؤمنين"
      }
    ],
    "د": [
      {
        "q": "عاصمة سوريا وأقدم مدينة مأهولة تبدأ بحرف الدال؟",
        "a": "دمشق",
        "o": ["دمشق", "دبي", "دوحة", "درعية"],
        "h": "عاصمة الأمويين"
      },
      {
        "q": "عملة ذهبية كانت تستخدم قديماً تبدأ بحرف الدال؟",
        "a": "دينار",
        "o": ["دينار", "درهم", "دولار", "دانق"],
        "h": "والفضة درهم"
      }
    ],
    "ذ": [
      {
        "q": "لقب الخليفة عثمان بن عفان يبدأ بحرف الذال؟",
        "a": "ذو النورين",
        "o": ["ذو النورين", "ذو القعدة", "ذو الكفل", "ذو القوة"],
        "h": "تزوج ابنتي النبي ﷺ"
      }
    ],
    "ر": [
      {
        "q": "عاصمة المملكة العربية السعودية تبدأ بحرف الراء؟",
        "a": "رياض",
        "o": ["رياض", "رباط", "رام الله", "روما"],
        "h": "كانت تسمى حجر"
      },
      {
        "q": "أشهر ملوك الفراعنة (الثاني) يبدأ بحرف الراء؟",
        "a": "رمسيس",
        "o": ["رمسيس", "رعد", "رومان", "راشد"],
        "h": "بنى معبد أبو سمبل"
      }
    ],
    "ز": [
      {
        "q": "ملكة تدمر الشهيرة التي حاربت الرومان تبدأ بحرف الزاي؟",
        "a": "زنوبيا",
        "o": ["زنوبيا", "زليخة", "زهراء", "زبيدة"],
        "h": "في سوريا"
      }
    ],
    "س": [
      {
        "q": "نبي سخر الله له الجن والريح يبدأ بحرف السين؟",
        "a": "سليمان",
        "o": ["سليمان", "سعد", "سعيد", "سالم"],
        "h": "ابن داود عليه السلام"
      },
      {
        "q": "اتفاقية سرية لتقسيم الدول العربية (1916) تبدأ بحرف السين؟",
        "a": "سايكس بيكو",
        "o": ["سايكس بيكو", "سيفر", "سان ريمو", "سويسرا"],
        "h": "بين بريطانيا وفرنسا"
      }
    ],
    "ش": [
      {
        "q": "سلطانة مملوكية حكمت مصر (شجرة...) تبدأ بحرف الشين؟",
        "a": "شجرة الدر",
        "o": ["شجرة الدر", "شيماء", "شهرزاد", "شمس"],
        "h": "هزمت الصليبيين في المنصورة"
      }
    ],
    "ص": [
      {
        "q": "محرر القدس ومؤسس الدولة الأيوبية يبدأ بحرف الصاد؟",
        "a": "صلاح الدين",
        "o": ["صلاح الدين", "صدام", "صهيب", "صالح"],
        "h": "بطل حطين"
      },
      {
        "q": "لقب أول الخلفاء الراشدين (أبو بكر) يبدأ بحرف الصاد؟",
        "a": "صديق",
        "o": ["صديق", "صادق", "صالح", "صابئ"],
        "h": "لأنه صدق النبي فوراً"
      }
    ],
    "ض": [
      {
        "q": "صحابي وقائد مسلم (ابن الأزور) يبدأ بحرف الضاد؟",
        "a": "ضرار",
        "o": ["ضرار", "ضحاك", "ضمرة", "ضاوي"],
        "h": "اشتهر بقتاله عاري الصدر"
      }
    ],
    "ط": [
      {
        "q": "فاتح الأندلس الذي أحرق السفن يبدأ بحرف الطاء؟",
        "a": "طارق بن زياد",
        "o": ["طارق بن زياد", "طلحة", "طاهر", "طالوت"],
        "h": "عبر المضيق المسمى باسمه"
      },
      {
        "q": "الاسم القديم لمدينة الأقصر المصرية (عاصمة الفراعنة) يبدأ بحرف الطاء؟",
        "a": "طيبة",
        "o": ["طيبة", "طنطا", "طبريا", "طوكيو"],
        "h": "مدينة المائة باب"
      }
    ],
    "ظ": [
      {
        "q": "سلطان مملوكي (بيبرس) لقبه يبدأ بحرف الظاء؟",
        "a": "ظاهر",
        "o": ["ظاهر", "ظافر", "ظالم", "ظليل"],
        "h": "هزم المغول والصليبيين"
      }
    ],
    "ع": [
      {
        "q": "ثاني الخلفاء الراشدين (الفاروق) يبدأ بحرف العين؟",
        "a": "عمر بن الخطاب",
        "o": ["عمر بن الخطاب", "عثمان", "علي", "عمرو"],
        "h": "فتح القدس ومصر"
      },
      {
        "q": "عاصمة الأردن تبدأ بحرف العين؟",
        "a": "عمان",
        "o": ["عمان", "عدن", "عقبة", "عرعر"],
        "h": "فيلادلفيا قديماً"
      }
    ],
    "غ": [
      {
        "q": "زعيم هندي لقب بـ (المهاتما) حرر بلاده سلمياً يبدأ بحرف الغين؟",
        "a": "غاندي",
        "o": ["غاندي", "غورو", "غافقي", "غسان"],
        "h": "رمز اللاعنف"
      },
      {
        "q": "قائد معركة بلاط الشهداء في فرنسا يبدأ بحرف الغين؟",
        "a": "غافقي (عبدالرحمن)",
        "o": ["غافقي", "غازي", "غريب", "غانم"],
        "h": "توقف الفتح الإسلامي عنده"
      }
    ],
    "ف": [
      {
        "q": "لقب عمر بن الخطاب (الذي فرق بين الحق والباطل) يبدأ بحرف الفاء؟",
        "a": "فاروق",
        "o": ["فاروق", "فاتح", "فيصل", "فارس"],
        "h": "لقبه به النبي ﷺ"
      },
      {
        "q": "ملوك مصر القديمة يسمون (جمع) يبدأ بحرف الفاء؟",
        "a": "فراعنة",
        "o": ["فراعنة", "فرس", "فينقيين", "فلستين"],
        "h": "بنوا الأهرامات"
      }
    ],
    "ق": [
      {
        "q": "عاصمة مصر (مدينة الألف مئذنة) تبدأ بحرف القاف؟",
        "a": "قاهرة",
        "o": ["قاهرة", "قدس", "قيروان", "قسطنطينية"],
        "h": "بناها جوهر الصقلي"
      },
      {
        "q": "معركة فتح فارس (بقيادة سعد) تبدأ بحرف القاف؟",
        "a": "قادسية",
        "o": ["قادسية", "قيروان", "قدس", "قاهرة"],
        "h": "كسر شوكة الفرس"
      },
      {
        "q": "قائد المماليك في عين جالوت يبدأ بحرف القاف؟",
        "a": "قطز",
        "o": ["قطز", "قلاوون", "قايتباي", "قانصوه"],
        "h": "سيف الدين"
      }
    ],
    "ك": [
      {
        "q": "مكتشف أمريكا (بالخطأ) يبدأ بحرف الكاف؟",
        "a": "كولومبوس",
        "o": ["كولومبوس", "كوك", "كينيدي", "كاسترو"],
        "h": "كان يبحث عن الهند"
      },
      {
        "q": "ملكة مصرية انتحرت بسم الأفعى تبدأ بحرف الكاف؟",
        "a": "كليوباترا",
        "o": ["كليوباترا", "كاترين", "كارمن", "كندة"],
        "h": "آخر الفراعنة البطالمة"
      }
    ],
    "ل": [
      {
        "q": "بلد الأرز وعاصمتها بيروت تبدأ بحرف اللام؟",
        "a": "لبنان",
        "o": ["لبنان", "ليبيا", "لندن", "لشبونة"],
        "h": "على المتوسط"
      },
      {
        "q": "اسم لـ 18 ملكاً حكموا فرنسا يبدأ بحرف اللام؟",
        "a": "لويس",
        "o": ["لويس", "ليون", "لينين", "لوثر"],
        "h": "أشهرهم لويس الرابع عشر"
      }
    ],
    "م": [
      {
        "q": "خاتم الأنبياء والمرسلين يبدأ بحرف الميم؟",
        "a": "محمد ﷺ",
        "o": ["محمد ﷺ", "موسى", "مروان", "مالك"],
        "h": "رسول الإسلام"
      },
      {
        "q": "الدولة التي بنت الأهرامات تبدأ بحرف الميم (الاسم الحالي)؟",
        "a": "مصر",
        "o": ["مصر", "مغرب", "موريتانيا", "مالي"],
        "h": "أم الدنيا"
      },
      {
        "q": "قبائل اجتاحت العالم الإسلامي وأسقطت بغداد تبدأ بحرف الميم؟",
        "a": "مغول",
        "o": ["مغول", "مماليك", "مورسكيين", "مقدونيين"],
        "h": "بقيادة هولاكو"
      }
    ]
  },
  "medium": {
    "أ": [
      {
        "q": "أول إمبراطور لفرنسا (قصير القامة) يبدأ بحرف الألف؟",
        "a": "أوروبا (خطأ) -> المقصود نابليون، سأغير السؤال. فيلسوف يوناني تلميذ سقراط؟ أفلاطون",
        "o": ["أفلاطون", "أرسطو", "أرخميدس", "أبقراط"],
        "h": "مؤلف (الجمهورية)"
      }
    ],
    "ب": [
      {
        "q": "وعد بريطاني لليهود بوطن في فلسطين يبدأ بحرف الباء؟",
        "a": "بلفور",
        "o": ["بلفور", "باريس", "برلين", "بغداد"],
        "h": "وعد من لا يملك لمن لا يستحق"
      }
    ]
  }
}