{
  "type": "general",
  "sub": "language_lit",
  "easy": {
    "أ": [
      {
        "q": "لقب الشاعر المصري أحمد شوقي يبدأ بحرف الألف؟",
        "a": "أمير الشعراء",
        "o": ["أمير الشعراء", "أديب الفقهاء", "أشعر العرب", "أخطب الناس"],
        "h": "رائد المسرح الشعري"
      },
      {
        "q": "كتاب شهير للأصفهاني يجمع الشعر والموسيقى يبدأ بحرف الألف؟",
        "a": "أغاني",
        "o": ["أغاني", "أمالي", "أوراق", "أمثال"],
        "h": "كتاب الأغاني"
      }
    ],
    "ب": [
      {
        "q": "الوحدة الأساسية لبناء القصيدة العربية تبدأ بحرف الباء؟",
        "a": "بيت",
        "o": ["بيت", "بحر", "باب", "بلاغة"],
        "h": "يتكون من شطرين"
      },
      {
        "q": "شاعر عباسي أعمى يضرب به المثل في الوصف يبدأ بحرف الباء؟",
        "a": "بشار بن برد",
        "o": ["بشار بن برد", "بحتري", "بهاء الدين", "بشار"],
        "h": "من المخضرمين بين الدولتين"
      }
    ],
    "ت": [
      {
        "q": "لون بلاغي يعني تشابه شيئين في صفة تبدأ بحرف التاء؟",
        "a": "تشبيه",
        "o": ["تشبيه", "تورية", "تضاد", "تكرار"],
        "h": "مثل: محمد كالأسد"
      },
      {
        "q": "شاعر جاهلي طرفة بن العبد هو صاحب الـ... تبدأ بحرف التاء؟",
        "a": "تائية (خطأ) -> المقصود تائية ولكن الخيارات يجب أن تبدأ بالتاء. سأغير السؤال: تلميذ الكاتب يسمى؟ تلميذ",
        "o": ["تلميذ", "تاجر", "تابع", "تميم"],
        "h": "طالب العلم"
      }
    ],
    "ث": [
      {
        "q": "أديب لغوي مشهور مؤلف كتاب (يتيمة الدهر) يبدأ بحرف الثاء؟",
        "a": "ثعالبي",
        "o": ["ثعالبي", "ثابت", "ثقفي", "ثمامة"],
        "h": "أبو منصور"
      },
      {
        "q": "نوع من خطوط اللغة العربية يبدأ بحرف الثاء؟",
        "a": "ثلث",
        "o": ["ثلث", "ثماني", "ثقيل", "ثبوتي"],
        "h": "يستخدم في العناوين"
      }
    ],
    "ج": [
      {
        "q": "العصر الذي سبق الإسلام يبدأ بحرف الجيم؟",
        "a": "جاهلي",
        "o": ["جاهلي", "جمهوري", "جديد", "جامع"],
        "h": "عصر المعلقات"
      },
      {
        "q": "شاعر أموي برع في الهجاء (النقائض) يبدأ بحرف الجيم؟",
        "a": "جرير",
        "o": ["جرير", "جاحظ", "جميل", "جبران"],
        "h": "هجا الفرزدق والأخطل"
      }
    ],
    "ح": [
      {
        "q": "شاعر مصري لقب بشاعر النيل يبدأ بحرف الحاء؟",
        "a": "حافظ إبراهيم",
        "o": ["حافظ إبراهيم", "حسان بن ثابت", "حطيئة", "حارث"],
        "h": "صاحب قصيدة اللغة العربية تنعي حظها"
      },
      {
        "q": "فن نثري يعتمد على سرد الأحداث (قصة) يبدأ بحرف الحاء؟",
        "a": "حكاية",
        "o": ["حكاية", "حوار", "حكمة", "حجة"],
        "h": "قصة قصيرة"
      }
    ],
    "خ": [
      {
        "q": "مؤسس علم العروض (ميزان الشعر) يبدأ بحرف الخاء؟",
        "a": "خليل بن أحمد",
        "o": ["خليل بن أحمد", "خوارزمي", "خطيب", "خالد"],
        "h": "شيخ سيبويه"
      },
      {
        "q": "شاعرة مخضرمة اشتهرت برثاء أخيها صخر تبدأ بحرف الخاء؟",
        "a": "خنساء",
        "o": ["خنساء", "خديجة", "خولة", "خيرية"],
        "h": "أبكت العرب"
      }
    ],
    "د": [
      {
        "q": "الكتاب الذي يجمع قصائد الشاعر يبدأ بحرف الدال؟",
        "a": "ديوان",
        "o": ["ديوان", "دفتر", "دليل", "دستور"],
        "h": "مجموع الشعر"
      },
      {
        "q": "لقب الشاعر النابغة (نسبة لقبيلته) يبدأ بحرف الدال (الذال)؟",
        "a": "ذبياني (خطأ في التصنيف) -> سأنقلها للذال. هنا: ضد النور؟ دجى (ظلام)",
        "o": ["دجى", "دخان", "دمار", "درب"],
        "h": "ظلام الليل"
      }
    ],
    "ذ": [
      {
        "q": "لقب الشاعر النابغة (الـ...) يبدأ بحرف الذال؟",
        "a": "ذبياني",
        "o": ["ذبياني", "ذهبي", "ذكي", "ذري"],
        "h": "من ذبيان"
      }
    ],
    "ر": [
      {
        "q": "غرض شعري يقال في الميت (البكاء عليه) يبدأ بحرف الراء؟",
        "a": "رثاء",
        "o": ["رثاء", "رجز", "رمل", "روي"],
        "h": "اشتهرت به الخنساء"
      },
      {
        "q": "الحرف الذي تبنى عليه القصيدة وتسمى به يبدأ بحرف الراء؟",
        "a": "روي",
        "o": ["روي", "رثاء", "رسم", "رمز"],
        "h": "قافية القصيدة"
      }
    ],
    "ز": [
      {
        "q": "شاعر معلقة اشتهر بالحكمة والدعوة للسلام يبدأ بحرف الزاي؟",
        "a": "زهير بن أبي سلمى",
        "o": ["زهير بن أبي سلمى", "زيد", "زياد", "زرياب"],
        "h": "مدح هرم بن سنان"
      },
      {
        "q": "صوت الأسد في اللغة يبدأ بحرف الزاي؟",
        "a": "زئير",
        "o": ["زئير", "زمجرة", "زجل", "زحف"],
        "h": "صوت قوي"
      }
    ],
    "س": [
      {
        "q": "إمام النحاة وصاحب 'الكتاب' يبدأ بحرف السين؟",
        "a": "سيبويه",
        "o": ["سيبويه", "سيوطي", "سخاوي", "سراج"],
        "h": "توفي شاباً"
      },
      {
        "q": "فن نثري يعني انتهاء الجمل بنفس الحرف يبدأ بحرف السين؟",
        "a": "سجع",
        "o": ["سجع", "سرد", "سيرة", "سيناريو"],
        "h": "من المحسنات البديعية"
      }
    ],
    "ش": [
      {
        "q": "الكلام الموزون المقفى يبدأ بحرف الشين؟",
        "a": "شعر",
        "o": ["شعر", "شرح", "شجن", "شطر"],
        "h": "ديوان العرب"
      },
      {
        "q": "لقب أحمد شوقي (أمير الـ...) يبدأ بحرف الشين؟",
        "a": "شعراء",
        "o": ["شعراء", "شهداء", "شيوخ", "شطار"],
        "h": "بويع بالإمارة"
      }
    ],
    "ص": [
      {
        "q": "علم يدرس بنية الكلمة وتصريفها يبدأ بحرف الصاد؟",
        "a": "صرف",
        "o": ["صرف", "صفت", "صدق", "صك"],
        "h": "عكس النحو (الإعراب)"
      },
      {
        "q": "لقب أبي بكر (خليفة الرسول) يبدأ بحرف الصاد؟",
        "a": "صديق",
        "o": ["صديق", "صالح", "صابر", "صادق"],
        "h": "صدق بالرسالة فوراً"
      }
    ],
    "ض": [
      {
        "q": "حرف تتميز به اللغة العربية (لغة الـ...) يبدأ بحرف الضاد؟",
        "a": "ضاد",
        "o": ["ضاد", "ضاء", "ضجيج", "ضرم"],
        "h": "أصعب الحروف نطقاً"
      }
    ],
    "ط": [
      {
        "q": "عميد الأدب العربي (مؤلف الأيام) يبدأ بحرف الطاء؟",
        "a": "طه حسين",
        "o": ["طه حسين", "طرفة", "طغراء", "طاهر"],
        "h": "كان كفيفاً"
      },
      {
        "q": "شاعر جاهلي صاحب المعلقة (قتل غدراً) يبدأ بحرف الطاء؟",
        "a": "طرفة بن العبد",
        "o": ["طرفة بن العبد", "طيء", "طفيل", "طماح"],
        "h": "ابن العشرين"
      }
    ],
    "ظ": [
      {
        "q": "ضد النور يبدأ بحرف الظاء؟",
        "a": "ظلام",
        "o": ["ظلام", "ظل", "ظهر", "ظن"],
        "h": "العتمة"
      }
    ],
    "ع": [
      {
        "q": "علم ميزان الشعر الذي وضعه الخليل يبدأ بحرف العين؟",
        "a": "عروض",
        "o": ["عروض", "عرب", "عجم", "عرف"],
        "h": "بحور الشعر"
      },
      {
        "q": "فارس وشاعر جاهلي معلقته (هل غادر الشعراء) يبدأ بحرف العين؟",
        "a": "عنترة بن شداد",
        "o": ["عنترة بن شداد", "عمر", "عمرو", "عبيد"],
        "h": "أحب عبلة"
      }
    ],
    "غ": [
      {
        "q": "غرض شعري يعبر عن الحب والشوق يبدأ بحرف الغين؟",
        "a": "غزل",
        "o": ["غزل", "غناء", "غربة", "غرور"],
        "h": "منه العذري والصريح"
      }
    ],
    "ف": [
      {
        "q": "من قام بالفعل في الجملة (مرفوع دائماً) يبدأ بحرف الفاء؟",
        "a": "فاعل",
        "o": ["فاعل", "فعل", "فاصلة", "فرق"],
        "h": "الركن الثاني في الجملة الفعلية"
      },
      {
        "q": "مؤلف (القاموس المحيط) يبدأ بحرف الفاء؟",
        "a": "فيروزآبادي",
        "o": ["فيروزآبادي", "فراهيدي", "فرزدق", "فارابي"],
        "h": "لغوي كبير"
      }
    ],
    "ق": [
      {
        "q": "الحرف الأخير الذي ينتهي به بيت الشعر يبدأ بحرف القاف؟",
        "a": "قافية",
        "o": ["قافية", "قصيدة", "قطعة", "قول"],
        "h": "تعطي الموسيقى للنهايات"
      },
      {
        "q": "الاسم الحقيقي لمجنون ليلى يبدأ بحرف القاف؟",
        "a": "قيس بن الملوح",
        "o": ["قيس بن الملوح", "قطري", "قاسم", "قتادة"],
        "h": "هام في الصحراء حباً"
      }
    ],
    "ك": [
      {
        "q": "كتاب قصص على لسان الحيوانات (ترجمه ابن المقفع) يبدأ بحرف الكاف؟",
        "a": "كليلة ودمنة",
        "o": ["كليلة ودمنة", "كتاب", "كنز", "كشكول"],
        "h": "أصله هندي"
      },
      {
        "q": "شاعر مخضرم صاحب البردة (بانت سعاد) يبدأ بحرف الكاف؟",
        "a": "كعب بن زهير",
        "o": ["كعب بن زهير", "كميت", "كثير", "كسائي"],
        "h": "عفا عنه الرسول وأهداه بردته"
      }
    ],
    "ل": [
      {
        "q": "أضخم معجم عربي لابن منظور يبدأ بحرف اللام؟",
        "a": "لسان العرب",
        "o": ["لسان العرب", "لغة العرب", "لمع", "لباب"],
        "h": "20 مجلداً"
      },
      {
        "q": "شاعر معلقة مخضرم عاش طويلاً وأسلم يبدأ بحرف اللام؟",
        "a": "لبيد بن ربيعة",
        "o": ["لبيد بن ربيعة", "ليث", "لقمان", "لهيب"],
        "h": "صاحب: ألا كل شيء ما خلا الله باطل"
      }
    ],
    "م": [
      {
        "q": "القصائد السبع الطوال في الجاهلية تسمى يبدأ بحرف الميم؟",
        "a": "معلقات",
        "o": ["معلقات", "مفضليات", "مختارات", "ملاحم"],
        "h": "علقت على الكعبة (كما يقال)"
      },
      {
        "q": "أشهر شعراء العصر العباسي (مالئ الدنيا وشاغل الناس) يبدأ بحرف الميم؟",
        "a": "متنبي",
        "o": ["متنبي", "معري", "مسلم", "مروان"],
        "h": "قتله شعره"
      }
    ]
  },


  "medium": {
    "ح": [
      {
        "q": "فن الرد السريع والذكي (سرعة البديهة) يبدأ بحرف الحاء (الـ)؟",
        "a": "حضور البديهة",
        "o": ["حضور البديهة", "حوار", "حكمة", "حلم"],
        "h": "جواب مفحم"
      }
    ]
  }
}