{
  "type": "general",
  "sub": "science_health",
  "easy": {
    "أ": [
      {
        "q": "الغاز الذي نتنفسه ونحتاجه للحياة يبدأ بحرف الألف؟",
        "a": "أكسجين",
        "o": ["أكسجين", "أرجون", "أوزون", "أستاتين"],
        "h": "يشكل 21% من الهواء"
      },
      {
        "q": "الكوكب الذي نعيش عليه يبدأ بحرف الألف؟",
        "a": "أرض",
        "o": ["أرض", "أورانوس", "أريس", "أطلس"],
        "h": "الكوكب الأزرق"
      }
    ],
    "ب": [
      {
        "q": "عضو يفرز الأنسولين لتنظيم السكر يبدأ بحرف الباء؟",
        "a": "بنكرياس",
        "o": ["بنكرياس", "بلعوم", "بطين", "بؤبؤ"],
        "h": "يقع خلف المعدة"
      },
      {
        "q": "عنصر كيميائي موجود في الموز ومفيد للعضلات يبدأ بحرف الباء؟",
        "a": "بوتاسيوم",
        "o": ["بوتاسيوم", "باريوم", "بورون", "بيريليوم"],
        "h": "رمزه K"
      }
    ],
    "ت": [
      {
        "q": "تحول المادة من السائل إلى الغاز يبدأ بحرف التاء؟",
        "a": "تبخر",
        "o": ["تبخر", "تجمد", "تسامي", "تكثف"],
        "h": "يحدث عند الغليان"
      },
      {
        "q": "جهاز لقياس درجة الحرارة يبدأ بحرف التاء؟",
        "a": "ترمومتر",
        "o": ["ترمومتر", "تلسكوب", "ترانزستور", "توربين"],
        "h": "يحتوي زئبقاً غالباً"
      }
    ],
    "ث": [
      {
        "q": "الغاز الناتج عن عملية التنفس (الزفير) يبدأ بحرف الثاء؟",
        "a": "ثاني أكسيد الكربون",
        "o": ["ثاني أكسيد الكربون", "ثاني أكسيد الكبريت", "ثاني أكسيد النيتروجين", "ثوريوم"],
        "h": "تستخدمه النباتات"
      },
      {
        "q": "حيوانات تلد وترضع صغارها تبدأ بحرف الثاء؟",
        "a": "ثدييات",
        "o": ["ثدييات", "ثعابين", "ثنايا", "ثيران"],
        "h": "يغطي جسمها الشعر"
      }
    ],
    "ج": [
      {
        "q": "القوة التي تجذبنا نحو الأرض تبدأ بحرف الجيم؟",
        "a": "جاذبية",
        "o": ["جاذبية", "جمود", "جهد", "جر"],
        "h": "اكتشفها نيوتن"
      },
      {
        "q": "أكبر عضو في جسم الإنسان (من حيث المساحة) يبدأ بحرف الجيم؟",
        "a": "جلد",
        "o": ["جلد", "جمجمة", "جذع", "جفن"],
        "h": "يغطي الجسم بالكامل"
      }
    ],
    "ح": [
      {
        "q": "عنصر كيميائي يدخل في تركيب الهيموجلوبين يبدأ بحرف الحاء؟",
        "a": "حديد",
        "o": ["حديد", "حزن", "حرير", "حجر"],
        "h": "نقصه يسبب فقر الدم"
      },
      {
        "q": "مادة كيميائية طعمها لاذع وتحمر ورقة عباد الشمس تبدأ بحرف الحاء؟",
        "a": "حمض",
        "o": ["حمض", "حلوى", "حرارة", "حركة"],
        "h": "مثل الليمون"
      }
    ],
    "خ": [
      {
        "q": "أصغر وحدة بنائية ووظيفية في الكائن الحي تبدأ بحرف الخاء؟",
        "a": "خلية",
        "o": ["خلية", "خصية", "خياشيم", "خميرة"],
        "h": "لا ترى بالعين المجردة غالباً"
      },
      {
        "q": "ظاهرة فلكية تحدث عندما تقع الأرض بين الشمس والقمر تبدأ بحرف الخاء؟",
        "a": "خسوف",
        "o": ["خسوف", "خريف", "خفوت", "خطوط"],
        "h": "يختفي ضوء القمر"
      }
    ],
    "د": [
      {
        "q": "السائل الأحمر الذي ينقل الغذاء والأكسجين في الجسم يبدأ بحرف الدال؟",
        "a": "دم",
        "o": ["دم", "دماغ", "دهن", "دمع"],
        "h": "يضخه القلب"
      },
      {
        "q": "العضو الرئيسي في الجهاز العصبي (مركز التحكم) يبدأ بحرف الدال؟",
        "a": "دماغ",
        "o": ["دماغ", "دم", "درقية", "دزينة"],
        "h": "داخل الجمجمة"
      }
    ],
    "ذ": [
      {
        "q": "أصغر جزء في العنصر الكيميائي يبدأ بحرف الذال؟",
        "a": "ذرة",
        "o": ["ذرة", "ذهب", "ذراع", "ذقن"],
        "h": "تتكون من بروتونات وإلكترونات"
      },
      {
        "q": "معدن ثمين أصفر اللون لا يصدأ يبدأ بحرف الذال؟",
        "a": "ذهب",
        "o": ["ذهب", "ذرة", "ذائب", "ذخيرة"],
        "h": "يستخدم في الحلي"
      }
    ],
    "ر": [
      {
        "q": "عضو التنفس الرئيسي عند الإنسان يبدأ بحرف الراء؟",
        "a": "رئة",
        "o": ["رئة", "رأس", "ركبة", "رقبة"],
        "h": "توجد داخل القفص الصدري"
      },
      {
        "q": "مقياس يستخدم لقياس قوة الزلازل يبدأ بحرف الراء؟",
        "a": "ريختر",
        "o": ["ريختر", "رادار", "راديو", "رصاص"],
        "h": "من 1 إلى 10"
      }
    ],
    "ز": [
      {
        "q": "الكوكب الذي يتميز بحلقات جميلة حوله يبدأ بحرف الزاي؟",
        "a": "زحل",
        "o": ["زحل", "زهرة", "زمرد", "زنك"],
        "h": "سادس الكواكب"
      },
      {
        "q": "معدن سائل فضي اللون يستخدم في الترمومتر يبدأ بحرف الزاي؟",
        "a": "زئبق",
        "o": ["زئبق", "زنك", "زرنيخ", "زركونيوم"],
        "h": "سام جداً"
      }
    ],
    "س": [
      {
        "q": "مرض ينتج عن انقسام الخلايا بشكل غير مسيطر عليه يبدأ بحرف السين؟",
        "a": "سرطان",
        "o": ["سرطان", "سكري", "سل", "سحايا"],
        "h": "عافانا الله وإياكم"
      },
      {
        "q": "السائل الهلامي الذي يملأ الخلية يبدأ بحرف السين؟",
        "a": "سيتوبلازم",
        "o": ["سيتوبلازم", "سليلوز", "سكروز", "سيليكون"],
        "h": "تسبح فيه العضيات"
      }
    ],
    "ش": [
      {
        "q": "النجم الذي يمد الأرض بالضوء والحرارة يبدأ بحرف الشين؟",
        "a": "شمس",
        "o": ["شمس", "شهاب", "شمعة", "شعاع"],
        "h": "مركز المجموعة الشمسية"
      },
      {
        "q": "وعاء دموي ينقل الدم من القلب للجسم يبدأ بحرف الشين؟",
        "a": "شريان",
        "o": ["شريان", "شعيرات", "شبكية", "شظية"],
        "h": "عكس الوريد"
      }
    ],
    "ص": [
      {
        "q": "أسرع شيء في الغلاف الجوي (موجات ميكانيكية) يبدأ بحرف الصاد؟",
        "a": "صوت",
        "o": ["صوت", "صاروخ", "صخر", "صمام"],
        "h": "يحتاج وسطاً للانتقال"
      },
      {
        "q": "عنصر كيميائي رمزه Na (ملح الطعام) يبدأ بحرف الصاد؟",
        "a": "صوديوم",
        "o": ["صوديوم", "صلصال", "صمغ", "صدأ"],
        "h": "يتفاعل بشدة مع الماء"
      }
    ],
    "ض": [
      {
        "q": "أسرع شيء في الكون يبدأ بحرف الضاد؟",
        "a": "ضوء",
        "o": ["ضوء", "ضباب", "ضغط", "ضجيج"],
        "h": "يقطع 300 ألف كم في الثانية"
      },
      {
        "q": "القوة التي يمارسها الدم على جدران الأوعية تبدأ بحرف الضاد؟",
        "a": "ضغط الدم",
        "o": ["ضغط الدم", "ضربات القلب", "ضمور", "ضالع"],
        "h": "يقاس بجهاز الزئبق"
      }
    ],
    "ط": [
      {
        "q": "القدرة على بذل شغل (كهربائية، حرارية...) تبدأ بحرف الطاء؟",
        "a": "طاقة",
        "o": ["طاقة", "طيف", "طول", "طن"],
        "h": "لا تفنى ولا تستحدث"
      },
      {
        "q": "عضو لمفاوي يقع في البطن ويقوم بتنقية الدم يبدأ بحرف الطاء؟",
        "a": "طحال",
        "o": ["طحال", "طبلة", "طرف", "طاحونة"],
        "h": "مقبرة الدم"
      }
    ],
    "ظ": [
      {
        "q": "الجزء الصلب الذي يغطي أطراف الأصابع يبدأ بحرف الظاء؟",
        "a": "ظفر",
        "o": ["ظفر", "ظهر", "ظنبوب", "ظلام"],
        "h": "مادة الكيراتين"
      }
    ],
    "ع": [
      {
        "q": "عضو الإبصار في الجسم يبدأ بحرف العين؟",
        "a": "عين",
        "o": ["عين", "عظم", "عصب", "عضلة"],
        "h": "فيها الشبكية والقرنية"
      },
      {
        "q": "مادة نقية تتكون من نوع واحد من الذرات تبدأ بحرف العين؟",
        "a": "عنصر",
        "o": ["عنصر", "عمود", "عينة", "عامل"],
        "h": "مثل الحديد والذهب"
      }
    ],
    "غ": [
      {
        "q": "عضو يفرز الهرمونات في الجسم يبدأ بحرف الغين؟",
        "a": "غدة",
        "o": ["غدة", "غشاء", "غضروف", "غلاف"],
        "h": "مثل الدرقية والنخامية"
      },
      {
        "q": "حالة المادة التي ليس لها شكل ولا حجم ثابت تبدأ بحرف الغين؟",
        "a": "غاز",
        "o": ["غاز", "غبار", "غراء", "غيم"],
        "h": "مثل الهواء"
      }
    ],
    "ف": [
      {
        "q": "مركبات عضوية يحتاجها الجسم بكميات قليلة (A, B, C...) تبدأ بحرف الفاء؟",
        "a": "فيتامينات",
        "o": ["فيتامينات", "فيروسات", "فطريات", "فضلات"],
        "h": "مهمة للمناعة والنمو"
      },
      {
        "q": "المنطقة الفارغة الشاسعة التي تسبح فيها الكواكب تبدأ بحرف الفاء؟",
        "a": "فضاء",
        "o": ["فضاء", "فلك", "فراغ", "فجوة"],
        "h": "خارج الغلاف الجوي"
      }
    ],
    "ق": [
      {
        "q": "عضو يضخ الدم لجميع أنحاء الجسم يبدأ بحرف القاف؟",
        "a": "قلب",
        "o": ["قلب", "قولون", "قدم", "قصبي"],
        "h": "بحجم قبضة اليد"
      },
      {
        "q": "جسم سماوي يدور حول الأرض يبدأ بحرف القاف؟",
        "a": "قمر",
        "o": ["قمر", "قوس", "قطب", "قزم"],
        "h": "يسبب المد والجزر"
      }
    ],
    "ك": [
      {
        "q": "عضو ينقي الدم من الفضلات والسوائل الزائدة يبدأ بحرف الكاف؟",
        "a": "كلية",
        "o": ["كلية", "كبد", "كتف", "كعب"],
        "h": "تشبه حبة الفاصولياء"
      },
      {
        "q": "أكبر غدة في الجسم تفرز العصارة الصفراوية تبدأ بحرف الكاف؟",
        "a": "كبد",
        "o": ["كبد", "كلية", "كاحل", "كوع"],
        "h": "مخزن السموم"
      }
    ],
    "ل": [
      {
        "q": "عضو التذوق والكلام يبدأ بحرف اللام؟",
        "a": "لسان",
        "o": ["لسان", "لثة", "لوزة", "لحم"],
        "h": "عضلة قوية"
      },
      {
        "q": "ضوء مكثف جداً يستخدم في الجراحة والصناعة يبدأ بحرف اللام؟",
        "a": "ليزر",
        "o": ["ليزر", "لييف", "لمبة", "لوح"],
        "h": "Light Amplification"
      }
    ],
    "م": [
      {
        "q": "الكوكب الأحمر (جار الأرض) يبدأ بحرف الميم؟",
        "a": "مريخ",
        "o": ["مريخ", "مشتري", "مذنب", "محاق"],
        "h": "رابع الكواكب"
      },
      {
        "q": "أكبر كوكب في المجموعة الشمسية يبدأ بحرف الميم؟",
        "a": "مشتري",
        "o": ["مشتري", "مريخ", "مجرة", "مذنب"],
        "h": "عملاق غازي"
      },
      {
        "q": "عضو الهضم الذي يفرز الأحماض يبدأ بحرف الميم؟",
        "a": "معدة",
        "o": ["معدة", "مريء", "مخ", "مرارة"],
        "h": "تهضم البروتينات"
      }
    ]
  },
  "medium": {
    "أ": [
      {
        "q": "عالم فيزياء وضع النظرية النسبية يبدأ بحرف الألف؟",
        "a": "أينشتاين",
        "o": ["أينشتاين", "أديسون", "أرخميدس", "أوم"],
        "h": "صاحب المعادلة E=mc²"
      }
    ],
    "ش": [
      {
        "q": "جزء حساس في العين يستقبل الضوء يبدأ بحرف الشين؟",
        "a": "شبكية",
        "o": ["شبكية", "شعيرات", "شريان", "شحمة"],
        "h": "تحتوي على المخاريط والعصي"
      }
    ]
  }
}