{
  "type": "general",
  "sub": "tech_digital",
  "easy": {
    "أ": [
      {
        "q": "نظام تشغيل للهواتف الذكية طورته جوجل يبدأ بحرف الألف؟",
        "a": "أندرويد",
        "o": ["أندرويد", "أبل", "أوبنتو", "أليكسا"],
        "h": "الأكثر انتشاراً في العالم"
      },
      {
        "q": "شبكة عالمية تربط ملايين الحواسيب ببعضها تبدأ بحرف الألف (الـ)؟",
        "a": "إنترنت",
        "o": ["إنترنت", "إيثرنت", "إنترانت", "إشارة"],
        "h": "الشبكة العنكبوتية جزء منها"
      }
    ],
    "ب": [
      {
        "q": "أصغر وحدة تخزين في الحاسب (0 أو 1) تبدأ بحرف الباء؟",
        "a": "بت",
        "o": ["بت", "بايت", "بكسل", "بوابة"],
        "h": "Bit"
      },
      {
        "q": "تقنية اتصال لاسلكي للمسافات القصيرة تبدأ بحرف الباء؟",
        "a": "بلوتوث",
        "o": ["بلوتوث", "باندويث", "بايوس", "بوت"],
        "h": "شعارها أزرق"
      }
    ],
    "ت": [
      {
        "q": "برنامج صغير يؤدي وظيفة محددة على الهاتف يبدأ بحرف التاء؟",
        "a": "تطبيق",
        "o": ["تطبيق", "تحديث", "تشفير", "تهيئة"],
        "h": "App"
      },
      {
        "q": "تحويل البيانات لرموز غير مفهومة للحماية يبدأ بحرف التاء؟",
        "a": "تشفير",
        "o": ["تشفير", "تخزين", "تحميل", "تصفح"],
        "h": "Encryption"
      }
    ],
    "ث": [
      {
        "q": "نظام العد الذي يستخدمه الحاسب (0 و 1) يبدأ بحرف الثاء؟",
        "a": "ثنائي",
        "o": ["ثنائي", "ثماني", "ثلاثي", "ثابت"],
        "h": "Binary System"
      }
    ],
    "ج": [
      {
        "q": "لغة برمجة شهيرة وشعارها فنجان قهوة تبدأ بحرف الجيم؟",
        "a": "جافا",
        "o": ["جافا", "جافا سكريبت", "جيكويري", "جولانج"],
        "h": "تكتب مرة وتعمل في كل مكان"
      },
      {
        "q": "نظام أمني يراقب ويتحكم في حركة الشبكة يبدأ بحرف الجيم؟",
        "a": "جدار حماية (Firewall)",
        "o": ["جدار حماية", "جسر", "جذر", "جافا"],
        "h": "يمنع الاختراقات"
      }
    ],
    "ح": [
      {
        "q": "جهاز إلكتروني يعالج البيانات ويخزنها يبدأ بحرف الحاء؟",
        "a": "حاسوب",
        "o": ["حاسوب", "حساس", "حاوية", "حزمة"],
        "h": "الكمبيوتر"
      }
    ],
    "خ": [
      {
        "q": "جهاز حاسوب قوي يقدم خدمات لأجهزة أخرى (Server) يبدأ بحرف الخاء؟",
        "a": "خادم",
        "o": ["خادم", "خوارزمية", "خطأ", "خيار"],
        "h": "يستضيف المواقع والبيانات"
      },
      {
        "q": "سلسلة من الخطوات المنطقية لحل مشكلة برمجية تبدأ بحرف الخاء؟",
        "a": "خوارزمية",
        "o": ["خوارزمية", "خدمة", "خريطة", "خلية"],
        "h": "Algorithm"
      }
    ],
    "د": [
      {
        "q": "المعلومات الخام قبل المعالجة تبدأ بحرف الدال (الـ)؟",
        "a": "داتا (بيانات)",
        "o": ["داتا", "دومين", "ديجيتال", "دالة"],
        "h": "Data"
      },
      {
        "q": "اسم النطاق الخاص بالموقع (مثل google.com) يبدأ بحرف الدال؟",
        "a": "دومين",
        "o": ["دومين", "دليل", "داش بورد", "درايف"],
        "h": "Domain"
      }
    ],
    "ذ": [
      {
        "q": "محاكاة الحاسوب للقدرات الذهنية البشرية تبدأ بحرف الذال؟",
        "a": "ذكاء اصطناعي",
        "o": ["ذكاء اصطناعي", "ذاكرة", "ذبذبة", "ذرة"],
        "h": "AI"
      },
      {
        "q": "مكان حفظ البيانات مؤقتاً أو دائماً في الحاسب يبدأ بحرف الذال؟",
        "a": "ذاكرة",
        "o": ["ذاكرة", "ذراع", "ذكاء", "ذروة"],
        "h": "Memory"
      }
    ],
    "ر": [
      {
        "q": "الذاكرة العشوائية المؤقتة تسمى (اختصاراً) تبدأ بحرف الراء؟",
        "a": "رام",
        "o": ["رام", "روم", "راوتر", "روت"],
        "h": "RAM"
      },
      {
        "q": "آلة ميكانيكية مبرمجة للقيام بمهام تلقائية تبدأ بحرف الراء؟",
        "a": "روبوت",
        "o": ["روبوت", "راوتر", "ريجستري", "رابط"],
        "h": "الإنسان الآلي"
      }
    ],
    "ز": [
      {
        "q": "عنصر في واجهة المستخدم يتم الضغط عليه لتنفيذ أمر يبدأ بحرف الزاي؟",
        "a": "زر",
        "o": ["زر", "زوم", "زائر", "زمن"],
        "h": "Button"
      }
    ],
    "س": [
      {
        "q": "تخزين البيانات والخدمات عبر الإنترنت (وليس جهازك) يبدأ بحرف السين؟",
        "a": "سحابة (Cloud)",
        "o": ["سحابة", "سيرفر", "سلك", "سواقة"],
        "h": "كلاود"
      },
      {
        "q": "جهاز إخراج الصوت من الحاسب يبدأ بحرف السين؟",
        "a": "سماعة",
        "o": ["سماعة", "سواقة", "سيرفر", "سلك"],
        "h": "Speaker"
      }
    ],
    "ش": [
      {
        "q": "مجموعة أجهزة متصلة ببعضها لمشاركة الموارد تبدأ بحرف الشين؟",
        "a": "شبكة",
        "o": ["شبكة", "شاشة", "شريحة", "شيفرة"],
        "h": "Network"
      },
      {
        "q": "جهاز العرض الرئيسي للحاسب يبدأ بحرف الشين؟",
        "a": "شاشة",
        "o": ["شاشة", "شبكة", "شاحن", "شريط"],
        "h": "Monitor"
      }
    ],
    "ص": [
      {
        "q": "ملف رقمي مرئي (مثل JPG) يبدأ بحرف الصاد؟",
        "a": "صورة",
        "o": ["صورة", "صوت", "صندوق", "صفحة"],
        "h": "Image"
      },
      {
        "q": "وحدة الحاسب الرئيسية (الكيس) تسمى يبدأ بحرف الصاد؟",
        "a": "صندوق النظام",
        "o": ["صندوق النظام", "صمام", "صيانة", "صفحة"],
        "h": "System Case"
      }
    ],
    "ض": [
      {
        "q": "تقليل حجم الملفات لتوفير المساحة يبدأ بحرف الضاد؟",
        "a": "ضغط",
        "o": ["ضغط", "ضوء", "ضبط", "ضرر"],
        "h": "Compression (ZIP)"
      }
    ],
    "ط": [
      {
        "q": "جهاز إخراج النصوص والصور على الورق يبدأ بحرف الطاء؟",
        "a": "طابعة",
        "o": ["طابعة", "طرفية", "طبق", "طاقة"],
        "h": "Printer"
      }
    ],
    "ظ": [
      {
        "q": "محاكاة بيئة حقيقية عبر الحاسب (الواقع الـ...) يبدأ بحرف الظاء؟",
        "a": "ظاهري (افتراضي)",
        "o": ["ظاهري", "ظرفي", "ظلامي", "ظلي"],
        "h": "Virtual (استخدمنا المعنى العربي لـ Virtual)"
      }
    ],
    "ع": [
      {
        "q": "مكونات الحاسب المادية الملموسة تسمى يبدأ بحرف العين؟",
        "a": "عتاد",
        "o": ["عتاد", "عنوان", "عملية", "عميل"],
        "h": "Hardware"
      },
      {
        "q": "رقم يميز كل جهاز على الشبكة (IP) يسمى يبدأ بحرف العين؟",
        "a": "عنوان",
        "o": ["عنوان", "عتاد", "عداد", "عقدة"],
        "h": "Address"
      }
    ],
    "غ": [
      {
        "q": "مكان دردشة المجموعات في التطبيقات يبدأ بحرف الغين؟",
        "a": "غرفة (Chat Room)",
        "o": ["غرفة", "غلاف", "غيمة", "غرض"],
        "h": "Room"
      }
    ],
    "ف": [
      {
        "q": "برنامج خبيث يلحق الضرر بالحاسب وينسخ نفسه يبدأ بحرف الفاء؟",
        "a": "فيروس",
        "o": ["فيروس", "فأرة", "فلاش", "فلتر"],
        "h": "يجب مكافحته"
      },
      {
        "q": "أداة التأشير والتحكم في الواجهة الرسومية تبدأ بحرف الفاء؟",
        "a": "فأرة",
        "o": ["فأرة", "فيروس", "فلاش", "فوتوشوب"],
        "h": "Mouse"
      }
    ],
    "ق": [
      {
        "q": "وحدة التخزين الرئيسية الدائمة في الحاسب تبدأ بحرف القاف؟",
        "a": "قرص صلب",
        "o": ["قرص صلب", "قاعدة بيانات", "قلم", "قائمة"],
        "h": "Hard Disk"
      },
      {
        "q": "مجموعة بيانات منظمة يسهل الوصول إليها وتعديلها تبدأ بحرف القاف؟",
        "a": "قاعدة بيانات",
        "o": ["قاعدة بيانات", "قرص", "قطاع", "قناة"],
        "h": "Database"
      }
    ],
    "ك": [
      {
        "q": "التعليمات البرمجية المكتوبة بلغة برمجة تسمى يبدأ بحرف الكاف؟",
        "a": "كود",
        "o": ["كود", "كابل", "كاميرا", "كوكي"],
        "h": "Source Code"
      },
      {
        "q": "جهاز إدخال الصور والفيديو للحاسب يبدأ بحرف الكاف؟",
        "a": "كاميرا",
        "o": ["كاميرا", "كابل", "كارت", "كيس"],
        "h": "Webcam"
      }
    ],
    "ل": [
      {
        "q": "نظام تشغيل مفتوح المصدر شعاره البطريق يبدأ بحرف اللام؟",
        "a": "لينكس",
        "o": ["لينكس", "لابتوب", "لوحة", "لاسلكي"],
        "h": "Linux"
      },
      {
        "q": "جهاز الإدخال الرئيسي للكتابة يبدأ بحرف اللام؟",
        "a": "لوحة المفاتيح",
        "o": ["لوحة المفاتيح", "لابتوب", "ليزر", "لعبة"],
        "h": "Keyboard"
      }
    ],
    "م": [
      {
        "q": "عقل الحاسب الذي ينفذ الأوامر (CPU) يبدأ بحرف الميم؟",
        "a": "معالج",
        "o": ["معالج", "ماوس", "مودم", "مجلد"],
        "h": "Processor"
      },
      {
        "q": "جهاز يربط الحاسب بالإنترنت عبر خط الهاتف يبدأ بحرف الميم؟",
        "a": "مودم",
        "o": ["مودم", "ماوس", "معالج", "ماسح"],
        "h": "Modem"
      }
    ]
  },


  "medium": {
    "ب": [
      {
        "q": "تقنية لتسجيل المعاملات الرقمية (العملات المشفرة) تبدأ بحرف الباء؟",
        "a": "بلوك تشين",
        "o": ["بلوك تشين", "بايثون", "بيج داتا", "باك دور"],
        "h": "سلسلة الكتل"
      }
    ],
    "ت": [
      {
        "q": "شخص يبحث عن الثغرات الأمنية لاختراق الأنظمة يبدأ بحرف التاء (الـ)؟",
        "a": "تنين (خطأ) -> الصحيح: مخترق. سأغير السؤال: تحديث أمني لإغلاق ثغرة؟ ترقيع (Patch)",
        "o": ["ترقيع", "تحديث", "تثبيت", "تطوير"],
        "h": "تصحيح برمجي"
      }
    ]
  }
}