{
  "type": "geo",
  "sub": "countries_cities",
  "easy": [
    { "q": "عاصمة السعودية؟", "a": "الرياض", "o": ["الرياض", "جدة", "مكة", "الدمام"] },
    { "q": "أين تقع الأهرامات؟", "a": "مصر", "o": ["مصر", "السودان", "ليبيا", "تونس"] },
    { "q": "عاصمة فرنسا؟", "a": "باريس", "o": ["باريس", "لندن", "مدريد", "روما"] },
    { "q": "عاصمة الإمارات؟", "a": "أبو ظبي", "o": ["أبو ظبي", "دبي", "الشارقة", "عجمان"] },
    { "q": "بلد المليون شهيد؟", "a": "الجزائر", "o": ["الجزائر", "المغرب", "تونس", "مصر"] },
    { "q": "عاصمة بريطانيا؟", "a": "لندن", "o": ["لندن", "مانشستر", "ليفربول", "غلاسكو"] },
    { "q": "أكبر دولة مساحة؟", "a": "روسيا", "o": ["روسيا", "كندا", "الصين", "أمريكا"] },
    { "q": "عاصمة الولايات المتحدة؟", "a": "واشنطن", "o": ["واشنطن", "نيويورك", "تكساس", "فلوريدا"] },
    { "q": "عاصمة اليابان؟", "a": "طوكيو", "o": ["طوكيو", "كيوتو", "أوساكا", "نارا"] },
    { "q": "عاصمة ألمانيا؟", "a": "برلين", "o": ["برلين", "ميونخ", "هامبورغ", "بون"] },
    { "q": "أين يقع برج خليفة؟", "a": "الإمارات", "o": ["الإمارات", "قطر", "الكويت", "السعودية"] },
    { "q": "عاصمة الأردن؟", "a": "عمان", "o": ["عمان", "إربد", "العقبة", "الكرك"] },
    { "q": "عاصمة لبنان؟", "a": "بيروت", "o": ["بيروت", "طرابلس", "صيدا", "صور"] },
    { "q": "عاصمة إيطاليا؟", "a": "روما", "o": ["روما", "ميلانو", "نابولي", "تورينو"] },
    { "q": "عاصمة الصين؟", "a": "بكين", "o": ["بكين", "شنغهاي", "ووهان", "هونغ كونغ"] },
    { "q": "عاصمة إسبانيا؟", "a": "مدريد", "o": ["مدريد", "برشلونة", "إشبيلية", "فالنسيا"] },
    { "q": "بلد الرافدين؟", "a": "العراق", "o": ["العراق", "سوريا", "الأردن", "الكويت"] },
    { "q": "عاصمة السودان؟", "a": "الخرطوم", "o": ["الخرطوم", "بورتسودان", "كسلا", "نيالا"] },
    { "q": "عاصمة الهند؟", "a": "نيودلهي", "o": ["نيودلهي", "مومباي", "تشيناي", "كلكتا"] },
    { "q": "أين يقع تاج محل؟", "a": "الهند", "o": ["الهند", "باكستان", "بنغلاديش", "إيران"] },
    { "q": "عاصمة اليمن؟", "a": "صنعاء", "o": ["صنعاء", "عدن", "تعز", "المكلا"] },
    { "q": "عاصمة البحرين؟", "a": "المنامة", "o": ["المنامة", "المحرق", "الرفاع", "سترة"] },
    { "q": "عاصمة قطر؟", "a": "الدوحة", "o": ["الدوحة", "الوكرة", "الريان", "الخور"] },
    { "q": "عاصمة الكويت؟", "a": "الكويت", "o": ["الكويت", "الجهراء", "حولي", "الأحمدي"] },
    { "q": "عاصمة عمان؟", "a": "مسقط", "o": ["مسقط", "صلالة", "صحار", "نزوى"] },
    { "q": "عاصمة المغرب؟", "a": "الرباط", "o": ["الرباط", "مراكش", "الدار البيضاء", "فاس"] },
    { "q": "عاصمة تونس؟", "a": "تونس", "o": ["تونس", "سوسة", "صفاقس", "بنزرت"] },
    { "q": "عاصمة تركيا؟", "a": "أنقرة", "o": ["أنقرة", "إسطنبول", "إزمير", "بورصة"] },
    { "q": "عاصمة كوريا الجنوبية؟", "a": "سيول", "o": ["سيول", "بوسان", "جيجو", "إنتشون"] },
    { "q": "عاصمة كندا؟", "a": "أوتاوا", "o": ["أوتاوا", "تورونتو", "مونتريال", "فانكوفر"] },
    { "q": "عاصمة البرازيل؟", "a": "برازيليا", "o": ["برازيليا", "ريو", "ساو باولو", "سلفادور"] },
    { "q": "عاصمة الأرجنتين؟", "a": "بوينس آيرس", "o": ["بوينس آيرس", "روزاريو", "قرطبة", "ميندوزا"] },
    { "q": "عاصمة هولندا؟", "a": "أمستردام", "o": ["أمستردام", "روتردام", "لاهاي", "أوتريخت"] },
    { "q": "عاصمة بلجيكا؟", "a": "بروكسل", "o": ["بروكسل", "بروج", "غنت", "أنتويرب"] },
    { "q": "عاصمة النمسا؟", "a": "فيينا", "o": ["فيينا", "سالزبورغ", "لينز", "غراتس"] },
    { "q": "عاصمة اليونان؟", "a": "أثينا", "o": ["أثينا", "سالونيك", "باتراس", "كريت"] },
    { "q": "عاصمة السويد؟", "a": "ستوكهولم", "o": ["ستوكهولم", "مالمو", "غوتنبرغ", "أوبسالا"] },
    { "q": "عاصمة النرويج؟", "a": "أوسلو", "o": ["أوسلو", "بيرغن", "تروندهايم", "ستافنجر"] },
    { "q": "عاصمة الدنمارك؟", "a": "كوبنهاغن", "o": ["كوبنهاغن", "آرهوس", "أودنسه", "ألبورغ"] },
    { "q": "عاصمة فنلندا؟", "a": "هلسنكي", "o": ["هلسنكي", "توركو", "تامبيري", "إسبو"] }
  ],
  "medium": [
    { "q": "عاصمة إندونيسيا؟", "a": "جاكرتا", "o": ["جاكرتا", "بالي", "باندونغ", "سورابايا"] },
    { "q": "عاصمة ماليزيا؟", "a": "كوالالمبور", "o": ["كوالالمبور", "بينانق", "جوهر", "بوتراجايا"] },
    { "q": "عاصمة تايلاند؟", "a": "بانكوك", "o": ["بانكوك", "بوكيت", "باتايا", "شيانغ ماي"] },
    { "q": "عاصمة الفلبين؟", "a": "مانيلا", "o": ["مانيلا", "سيبو", "دوفاو", "ماكاتي"] },
    { "q": "عاصمة فيتنام؟", "a": "هانوي", "o": ["هانوي", "هو تشي منه", "دانانغ", "هوي"] },
    { "q": "عاصمة باكستان؟", "a": "إسلام آباد", "o": ["إسلام آباد", "كراتشي", "لاهور", "بيشاور"] },
    { "q": "عاصمة أفغانستان؟", "a": "كابول", "o": ["كابول", "قندهار", "هراة", "مزار شريف"] },
    { "q": "عاصمة إيران؟", "a": "طهران", "o": ["طهران", "أصفهان", "شيراز", "مشهد"] },
    { "q": "عاصمة البرتغال؟", "a": "لشبونة", "o": ["لشبونة", "بورتو", "فارو", "براغا"] },
    { "q": "عاصمة بولندا؟", "a": "وارسو", "o": ["وارسو", "كراكوف", "ودج", "بوزنان"] },
    { "q": "عاصمة أوكرانيا؟", "a": "كييف", "o": ["كييف", "أوديسا", "لفيف", "خاركيف"] },
    { "q": "عاصمة المجر؟", "a": "بودابست", "o": ["بودابست", "ديبرتسن", "بيتش", "جيور"] },
    { "q": "عاصمة التشيك؟", "a": "براغ", "o": ["براغ", "برنو", "أوسترافا", "بلزن"] },
    { "q": "عاصمة رومانيا؟", "a": "بوخارست", "o": ["بوخارست", "كلوج", "تيميشوارا", "ياش"] },
    { "q": "عاصمة سويسرا؟", "a": "بيرن", "o": ["بيرن", "زيورخ", "جنيف", "بازل"] },
    { "q": "عاصمة أيرلندا؟", "a": "دبلن", "o": ["دبلن", "كورك", "غالواي", "ليمريك"] },
    { "q": "عاصمة نيوزيلندا؟", "a": "ويلينغتون", "o": ["ويلينغتون", "أوكلاند", "هاميلتون", "تورانجا"] },
    { "q": "عاصمة أستراليا؟", "a": "كانبرا", "o": ["كانبرا", "سيدني", "ملبورن", "بيرث"] },
    { "q": "عاصمة جنوب أفريقيا الإدارية؟", "a": "بريتوريا", "o": ["بريتوريا", "كيب تاون", "جوهانسبرغ", "ديربان"] },
    { "q": "عاصمة كينيا؟", "a": "نيروبي", "o": ["نيروبي", "مومباسا", "kisumu", "ناكورو"] },
    { "q": "عاصمة نيجيريا؟", "a": "أبوجا", "o": ["أبوجا", "لاغوس", "كانو", "إبادان"] },
    { "q": "عاصمة غانا؟", "a": "أكرا", "o": ["أكرا", "كوماسي", "تامالي", "تاكورادي"] },
    { "q": "عاصمة السنغال؟", "a": "داكار", "o": ["داكار", "تييس", "سانت لويس", "طوبى"] },
    { "q": "عاصمة إثيوبيا؟", "a": "أديس أبابا", "o": ["أديس أبابا", "ديرة داوا", "ميكيلي", "بحر دار"] },
    { "q": "عاصمة الصومال؟", "a": "مقديشو", "o": ["مقديشو", "هرجيسا", "بوصاصو", "كسمايو"] },
    { "q": "عاصمة ليبيا؟", "a": "طرابلس", "o": ["طرابلس", "بنغازي", "مصراتة", "البيضاء"] },
    { "q": "عاصمة موريتانيا؟", "a": "نواكشوط", "o": ["نواكشوط", "نواذيبو", "كيفه", "روصو"] },
    { "q": "عاصمة تشيلي؟", "a": "سانتياغو", "o": ["سانتياغو", "فالبارايسو", "أنتوفاجاستا", "كونسيبسيون"] },
    { "q": "عاصمة كولومبيا؟", "a": "بوغوتا", "o": ["بوغوتا", "ميديلين", "كالي", "قرطاجنة"] },
    { "q": "عاصمة بيرو؟", "a": "ليما", "o": ["ليما", "كوسكو", "أريكيبا", "تروخيو"] },
    { "q": "عاصمة فنزويلا؟", "a": "كاراكاس", "o": ["كاراكاس", "ماراكايبو", "فالنسيا", "ميريدا"] },
    { "q": "عاصمة المكسيك؟", "a": "مكسيكو سيتي", "o": ["مكسيكو سيتي", "كانكون", "تijuana", "مونتيري"] },
    { "q": "عاصمة كوبا؟", "a": "هافانا", "o": ["هافانا", "سانتياغو", "كاماجوي", "هولغوين"] },
    { "q": "عاصمة بنغلاديش؟", "a": "دكا", "o": ["دكا", "شيتاغونغ", "سلهت", "خوُلنا"] },
    { "q": "عاصمة سريلانكا؟", "a": "كولومبو", "o": ["كولومبو", "كاندي", "جافنا", "غالي"] },
    { "q": "عاصمة نيبال؟", "a": "كاتماندو", "o": ["كاتماندو", "بوخارا", "باتان", "بيارتناغار"] },
    { "q": "عاصمة قبرص؟", "a": "نيقوسيا", "o": ["نيقوسيا", "ليماسول", "لارنكا", "باغوس"] },
    { "q": "عاصمة كرواتيا؟", "a": "زغرب", "o": ["زغرب", "سبليت", "دوبروفنيك", "رييكا"] },
    { "q": "عاصمة صربيا؟", "a": "بلغراد", "o": ["بلغراد", "نوفي ساد", "نيش", "كراغوييفاتس"] },
    { "q": "عاصمة بلغاريا؟", "a": "صوفيا", "o": ["صوفيا", "بلوفديف", "فارنا", "بورغاس"] }
  ],
  "hard": [
    { "q": "عاصمة كازاخستان؟", "a": "أستانا", "o": ["أستانا", "ألماتي", "طشقند", "بيشكك"] },
    { "q": "عاصمة أوزبكستان؟", "a": "طشقند", "o": ["طشقند", "سمرقند", "بخارى", "دوشنبه"] },
    { "q": "عاصمة أذربيجان؟", "a": "باكو", "o": ["باكو", "يريفان", "تبليسي", "غنجة"] },
    { "q": "عاصمة جورجيا؟", "a": "تبليسي", "o": ["تبليسي", "باتومي", "كوتايسي", "روستافي"] },
    { "q": "عاصمة أرمينيا؟", "a": "يريفان", "o": ["يريفان", "غيومري", "فانادزور", "باكو"] },
    { "q": "عاصمة منغوليا؟", "a": "أولان باتور", "o": ["أولان باتور", "إردينيت", "دارخان", "هوهوت"] },
    { "q": "عاصمة فيجي؟", "a": "سوفا", "o": ["سوفا", "نادي", "لاوتوكا", "أبيا"] },
    { "q": "عاصمة بروناي؟", "a": "بندر سري بيغاوان", "o": ["بندر سري بيغاوان", "كوالا بلايت", "ميري", "لابوان"] },
    { "q": "عاصمة لاوس؟", "a": "فيينتيان", "o": ["فيينتيان", "لوانغ برابانغ", "باكسي", "هانوي"] },
    { "q": "عاصمة كمبوديا؟", "a": "بنوم بنه", "o": ["بنوم بنه", "سيام ريب", "باتامبانغ", "سيهانوكفيل"] },
    { "q": "عاصمة ميانمار؟", "a": "نايبيداو", "o": ["نايبيداو", "يانغون", "ماندالاي", "باغان"] },
    { "q": "عاصمة بوتان؟", "a": "تيمفو", "o": ["تيمفو", "بارو", "بونخا", "كاتماندو"] },
    { "q": "عاصمة المالديف؟", "a": "ماليه", "o": ["ماليه", "أدو", "غان", "فوملا"] },
    { "q": "عاصمة مدغشقر؟", "a": "أنتاناناريفو", "o": ["أنتاناناريفو", "تواماسينا", "ماهاجانغا", "بورت لويس"] },
    { "q": "عاصمة موريشيوس؟", "a": "بورت لويس", "o": ["بورت لويس", "فيكتوريا", "سان ديني", "موروني"] },
    { "q": "عاصمة سيشل؟", "a": "فيكتوريا", "o": ["فيكتوريا", "براسلين", "ماهي", "لاديف"] },
    { "q": "عاصمة جزر القمر؟", "a": "موروني", "o": ["موروني", "مامودزو", "دزاوودزي", "موتسامودو"] },
    { "q": "عاصمة جيبوتي؟", "a": "جيبوتي", "o": ["جيبوتي", "تاجورة", "علي صبيح", "أوبوك"] },
    { "q": "عاصمة إريتريا؟", "a": "أسمرة", "o": ["أسمرة", "مصوع", "كرن", "عصب"] },
    { "q": "عاصمة تنزانيا (الرسمية)؟", "a": "دودوما", "o": ["دودوما", "دار السلام", "أروشا", "زنجبار"] },
    { "q": "عاصمة زيمبابوي؟", "a": "هراري", "o": ["هراري", "بولاوايو", "فيكتوريا فولز", "لوساكا"] },
    { "q": "عاصمة زامبيا؟", "a": "لوساكا", "o": ["لوساكا", "ندولا", "كيتوي", "ليلونغوي"] },
    { "q": "عاصمة ناميبيا؟", "a": "ويندهوك", "o": ["ويندهوك", "والفيس باي", "سواكوبموند", "غابورون"] },
    { "q": "عاصمة بوتسوانا؟", "a": "غابورون", "o": ["غابورون", "فرانسيس تاون", "ماون", "ويندهوك"] },
    { "q": "عاصمة موزمبيق؟", "a": "مابوتو", "o": ["مابوتو", "بيرا", "نامبولا", "كيليماني"] },
    { "q": "عاصمة أنغولا؟", "a": "لواندا", "o": ["لواندا", "هوامبو", "بنجويلا", "لوبيتو"] },
    { "q": "عاصمة الكاميرون؟", "a": "ياوندي", "o": ["ياوندي", "دوالا", "غاروا", "باميندا"] },
    { "q": "عاصمة ساحل العاج؟", "a": "ياموسوكرو", "o": ["ياموسوكرو", "أبيدجان", "بواكي", "سان بيدرو"] },
    { "q": "عاصمة بوركينا فاسو؟", "a": "واغادوغو", "o": ["واغادوغو", "بوبو", "باماكو", "نيامي"] },
    { "q": "عاصمة مالي؟", "a": "باماكو", "o": ["باماكو", "تمبكتو", "غاو", "سيغو"] },
    { "q": "عاصمة النيجر؟", "a": "نيامي", "o": ["نيامي", "أغاديز", "زيندر", "تاهوا"] },
    { "q": "عاصمة تشاد؟", "a": "نجامينا", "o": ["نجامينا", "موندو", "أبيشي", "ساره"] },
    { "q": "عاصمة ألبانيا؟", "a": "تيرانا", "o": ["تيرانا", "دوريس", "فلورا", "شكودر"] },
    { "q": "عاصمة مقدونيا الشمالية؟", "a": "سكوبيه", "o": ["سكوبيه", "أوخريد", "بيتولا", "تيتوفو"] },
    { "q": "عاصمة كوسوفو؟", "a": "بريشتينا", "o": ["بريشتينا", "بريزرن", "ميتروفيتسا", "بيخا"] },
    { "q": "عاصمة ليتوانيا؟", "a": "فيلنيوس", "o": ["فيلنيوس", "كاوناس", "ريغا", "تالين"] },
    { "q": "عاصمة لاتفيا؟", "a": "ريغا", "o": ["ريغا", "فيلنيوس", "تالين", "يورمالا"] },
    { "q": "عاصمة إستونيا؟", "a": "تالين", "o": ["تالين", "تارتو", "بارنو", "ريغا"] },
    { "q": "عاصمة سلوفينيا؟", "a": "ليوبليانا", "o": ["ليوبليانا", "ماريبور", "كوبر", "ترييستي"] },
    { "q": "عاصمة سلوفاكيا؟", "a": "براتيسلافا", "o": ["براتيسلافا", "كوشيتسه", "نيترا", "جيلينا"] },
    { "q": "عاصمة آيسلندا؟", "a": "ريكيافيك", "o": ["ريكيافيك", "أكوريري", "كيفلافيك", "فيك"] },
    { "q": "عاصمة أوروغواي؟", "a": "مونتيفيديو", "o": ["مونتيفيديو", "سالتو", "بونتا ديل إستي", "كولونيا"] },
    { "q": "عاصمة باراغواي؟", "a": "أسونسيون", "o": ["أسونسيون", "سيوداد ديل إستي", "إنكارناسيون", "لاباز"] },
    { "q": "عاصمة بوليفيا (الإدارية)؟", "a": "لا باز", "o": ["لا باز", "سوكري", "سانتا كروز", "بوتوسي"] },
    { "q": "عاصمة الإكوادور؟", "a": "كيتو", "o": ["كيتو", "غواياكيل", "كوينكا", "ليما"] },
    { "q": "عاصمة جامايكا؟", "a": "كينغستون", "o": ["كينغستون", "مونتيغو باي", "هافانا", "ناساو"] },
    { "q": "عاصمة هايتي؟", "a": "بورت أو برنس", "o": ["بورت أو برنس", "كاب هايتيان", "سانتو دومينغو", "كينغستون"] }
  ]
}