{
  "type": "geo",
  "sub": "country_stats",
  "easy": [
    { "q": "عملة الولايات المتحدة؟", "a": "الدولار", "o": ["الدولار", "اليورو", "الجنيه", "الين"] },
    { "q": "عملة الاتحاد الأوروبي؟", "a": "اليورو", "o": ["اليورو", "الفرنك", "المارك", "الدولار"] },
    { "q": "لغة البرازيل الرسمية؟", "a": "البرتغالية", "o": ["البرتغالية", "الإسبانية", "الإنجليزية", "الفرنسية"] },
    { "q": "أكبر دولة مساحة؟", "a": "روسيا", "o": ["روسيا", "كندا", "الصين", "أمريكا"] },
    { "q": "أصغر دولة في العالم؟", "a": "الفاتيكان", "o": ["الفاتيكان", "موناكو", "ناورو", "توفالو"] },
    { "q": "أكثر دولة سكاناً؟", "a": "الهند", "o": ["الهند", "الصين", "أمريكا", "إندونيسيا"] },
    { "q": "عملة السعودية؟", "a": "الريال", "o": ["الريال", "الدينار", "الدرهم", "الجنيه"] },
    { "q": "لغة مصر الرسمية؟", "a": "العربية", "o": ["العربية", "الإنجليزية", "الفرنسية", "القبطية"] },
    { "q": "عملة بريطانيا؟", "a": "الجنيه الإسترليني", "o": ["الجنيه الإسترليني", "اليورو", "الدولار", "الفرنك"] },
    { "q": "لغة المكسيك؟", "a": "الإسبانية", "o": ["الإسبانية", "البرتغالية", "الإنجليزية", "المحلية"] },
    { "q": "عملة اليابان؟", "a": "الين", "o": ["الين", "اليوان", "الوون", "البات"] },
    { "q": "عملة الكويت؟", "a": "الدينار", "o": ["الدينار", "الريال", "الدرهم", "الدولار"] },
    { "q": "القارة الأكثر دولاً؟", "a": "أفريقيا", "o": ["أفريقيا", "آسيا", "أوروبا", "أمريكا"] },
    { "q": "لغة أستراليا؟", "a": "الإنجليزية", "o": ["الإنجليزية", "الفرنسية", "الألمانية", "الإسبانية"] },
    { "q": "أكبر دولة عربية سكاناً؟", "a": "مصر", "o": ["مصر", "الجزائر", "العراق", "السعودية"] },
    { "q": "عملة الإمارات؟", "a": "الدرهم", "o": ["الدرهم", "الريال", "الدينار", "الجنيه"] },
    { "q": "لغة الأرجنتين؟", "a": "الإسبانية", "o": ["الإسبانية", "البرتغالية", "الإيطالية", "الإنجليزية"] },
    { "q": "عملة الصين؟", "a": "اليوان", "o": ["اليوان", "الين", "الوون", "الدولار"] },
    { "q": "عملة البحرين؟", "a": "الدينار", "o": ["الدينار", "الريال", "الدرهم", "الليرة"] },
    { "q": "عملة عمان؟", "a": "الريال", "o": ["الريال", "الدينار", "الدرهم", "الجنيه"] },
    { "q": "لغة كندا (بجانب الإنجليزية)؟", "a": "الفرنسية", "o": ["الفرنسية", "الإسبانية", "الألمانية", "الهولندية"] },
    { "q": "عملة قطر؟", "a": "الريال", "o": ["الريال", "الدينار", "الدرهم", "الجنيه"] },
    { "q": "عملة مصر؟", "a": "الجنيه", "o": ["الجنيه", "الريال", "الدينار", "الدرهم"] },
    { "q": "لغة الجزائر الرسمية؟", "a": "العربية", "o": ["العربية", "الفرنسية", "الإنجليزية", "الإسبانية"] },
    { "q": "عملة الأردن؟", "a": "الدينار", "o": ["الدينار", "الجنيه", "الريال", "الدرهم"] },
    { "q": "عملة تركيا؟", "a": "الليرة", "o": ["الليرة", "الريال", "اليورو", "الدينار"] },
    { "q": "لغة النمسا؟", "a": "الألمانية", "o": ["الألمانية", "الفرنسية", "الإيطالية", "الروسية"] },
    { "q": "عملة روسيا؟", "a": "الروبل", "o": ["الروبل", "اليورو", "الدينار", "الكرونة"] },
    { "q": "عملة الهند؟", "a": "الروبية", "o": ["الروبية", "التاكا", "الرينغيت", "البات"] },
    { "q": "لغة تونس؟", "a": "العربية", "o": ["العربية", "الفرنسية", "الإنجليزية", "الإيطالية"] }
  ],
  "medium": [
    { "q": "أطول ساحل في العالم؟", "a": "كندا", "o": ["كندا", "أستراليا", "روسيا", "شيلي"] },
    { "q": "أكبر دولة إسلامية سكاناً؟", "a": "إندونيسيا", "o": ["إندونيسيا", "باكستان", "مصر", "نيجيريا"] },
    { "q": "لغة إيران؟", "a": "الفارسية", "o": ["الفارسية", "العربية", "التركية", "الأردية"] },
    { "q": "أكثر دولة مناطق زمنية؟", "a": "فرنسا", "o": ["فرنسا", "روسيا", "أمريكا", "أستراليا"] },
    { "q": "لغة باكستان الرسمية؟", "a": "الأردية", "o": ["الأردية", "الهندية", "الفارسية", "البنغالية"] },
    { "q": "الدولة الأكثر كثافة (سيادة)؟", "a": "موناكو", "o": ["موناكو", "سنغافورة", "الفاتيكان", "البحرين"] },
    { "q": "ثاني أكبر دولة مساحة؟", "a": "كندا", "o": ["كندا", "الصين", "أمريكا", "البرازيل"] },
    { "q": "عملة كوريا الجنوبية؟", "a": "الوون", "o": ["الوون", "الين", "اليوان", "الدونغ"] },
    { "q": "لغة بلجيكا (الرئيسية)؟", "a": "الهولندية والفرنسية", "o": ["الهولندية والفرنسية", "الإنجليزية", "الإسبانية", "الإيطالية"] },
    { "q": "عملة سويسرا؟", "a": "الفرنك", "o": ["الفرنك", "اليورو", "المارك", "الشلن"] },
    { "q": "عملة السويد؟", "a": "الكرونة", "o": ["الكرونة", "اليورو", "الفرنك", "المارك"] },
    { "q": "لغة السنغال الرسمية؟", "a": "الفرنسية", "o": ["الفرنسية", "الإنجليزية", "العربية", "البرتغالية"] },
    { "q": "عملة المغرب؟", "a": "الدرهم", "o": ["الدرهم", "الدينار", "الريال", "الجنيه"] },
    { "q": "عملة الجزائر؟", "a": "الدينار", "o": ["الدينار", "الدرهم", "الريال", "الجنيه"] },
    { "q": "عملة تونس؟", "a": "الدينار", "o": ["الدينار", "الدرهم", "الريال", "الجنيه"] },
    { "q": "عملة العراق؟", "a": "الدينار", "o": ["الدينار", "الريال", "الدرهم", "الجنيه"] },
    { "q": "عملة سوريا؟", "a": "الليرة", "o": ["الليرة", "الدينار", "الجنيه", "الريال"] },
    { "q": "عملة لبنان؟", "a": "الليرة", "o": ["الليرة", "الدينار", "الجنيه", "الدرهم"] },
    { "q": "لغة قبرص؟", "a": "اليونانية والتركية", "o": ["اليونانية والتركية", "الإنجليزية", "الفرنسية", "الإيطالية"] },
    { "q": "عملة إندونيسيا؟", "a": "الروبية", "o": ["الروبية", "الرينغيت", "البات", "البيزو"] },
    { "q": "عملة الدنمارك؟", "a": "الكرونة", "o": ["الكرونة", "اليورو", "المارك", "الفرنك"] },
    { "q": "لغة أنغولا؟", "a": "البرتغالية", "o": ["البرتغالية", "الإسبانية", "الفرنسية", "الإنجليزية"] },
    { "q": "عملة إيران؟", "a": "الريال", "o": ["الريال", "الدينار", "التومان", "الليرة"] },
    { "q": "لغة أفغانستان؟", "a": "البشتو والداري", "o": ["البشتو والداري", "الفارسية", "العربية", "الأردية"] },
    { "q": "عملة الفلبين؟", "a": "البيزو", "o": ["البيزو", "الروبية", "الدولار", "الين"] },
    { "q": "عملة سنغافورة؟", "a": "الدولار", "o": ["الدولار", "الرينغيت", "الين", "اليوان"] },
    { "q": "لغة سويسرا (الأكثر تحدثاً)؟", "a": "الألمانية", "o": ["الألمانية", "الفرنسية", "الإيطالية", "الرومانشية"] },
    { "q": "عملة كندا؟", "a": "الدولار", "o": ["الدولار", "اليورو", "الجنيه", "الفرنك"] },
    { "q": "عملة أستراليا؟", "a": "الدولار", "o": ["الدولار", "الجنيه", "اليورو", "الين"] },
    { "q": "أكبر دولة في أفريقيا مساحة؟", "a": "الجزائر", "o": ["الجزائر", "السودان", "الكونغو", "مصر"] }
  ],
  "hard": [
    { "q": "عملة تايلاند؟", "a": "البات", "o": ["البات", "الرينغيت", "البيزو", "الدونغ"] },
    { "q": "عملة جنوب أفريقيا؟", "a": "الراند", "o": ["الراند", "الدولار", "الشلن", "البولا"] },
    { "q": "لغة سورينام؟", "a": "الهولندية", "o": ["الهولندية", "الفرنسية", "الإسبانية", "الإنجليزية"] },
    { "q": "عملة بولندا؟", "a": "الزلوتي", "o": ["الزلوتي", "اليورو", "الكرونة", "الفورنت"] },
    { "q": "عملة ماليزيا؟", "a": "الرينغيت", "o": ["الرينغيت", "البات", "الروبية", "الدولار"] },
    { "q": "عملة فيتنام؟", "a": "الدونغ", "o": ["الدونغ", "الكيب", "الريال", "الوون"] },
    { "q": "دولة بـ 11 لغة رسمية؟", "a": "جنوب أفريقيا", "o": ["جنوب أفريقيا", "الهند", "نيجيريا", "إندونيسيا"] },
    { "q": "عملة إسرائيل؟", "a": "الشيكل", "o": ["الشيكل", "الليرة", "الدينار", "الجنيه"] },
    { "q": "لغة نيجيريا الرسمية؟", "a": "الإنجليزية", "o": ["الإنجليزية", "الهوسا", "الفرنسية", "العربية"] },
    { "q": "عملة المجر؟", "a": "الفورنت", "o": ["الفورنت", "الزلوتي", "اليورو", "الكرونة"] },
    { "q": "لغة كمبوديا؟", "a": "الخميرية", "o": ["الخميرية", "التايلاندية", "الفيتنامية", "اللاوية"] },
    { "q": "عملة النرويج؟", "a": "الكرونة", "o": ["الكرونة", "اليورو", "الفرنك", "المارك"] },
    { "q": "عملة أوكرانيا؟", "a": "هريفنيا", "o": ["هريفنيا", "روبل", "ليو", "زلوتي"] },
    { "q": "لغة موزمبيق؟", "a": "البرتغالية", "o": ["البرتغالية", "الإسبانية", "الفرنسية", "الإنجليزية"] },
    { "q": "عملة بنغلاديش؟", "a": "تاكا", "o": ["تاكا", "روبية", "رينغيت", "بات"] },
    { "q": "عملة كرواتيا (قبل اليورو)؟", "a": "كونا", "o": ["كونا", "مارك", "دينار", "ليرة"] },
    { "q": "لغة إثيوبيا الرسمية؟", "a": "الأمهرية", "o": ["الأمهرية", "السواحلية", "التغرينية", "الإنجليزية"] },
    { "q": "عملة التشيك؟", "a": "كورونا", "o": ["كورونا", "يورو", "زلوتي", "فورنت"] },
    { "q": "عملة بيرو؟", "a": "سول", "o": ["سول", "بيزو", "بوليفار", "ريال"] },
    { "q": "لغة مدغشقر (بجانب الفرنسية)؟", "a": "المالاغاشية", "o": ["المالاغاشية", "السواحلية", "الإنجليزية", "العربية"] },
    { "q": "عملة كازاخستان؟", "a": "تينغ", "o": ["تينغ", "سوم", "مانات", "روبل"] },
    { "q": "عملة كينيا؟", "a": "الشلن", "o": ["الشلن", "الدولار", "الكواشا", "الراند"] },
    { "q": "لغة غانا الرسمية؟", "a": "الإنجليزية", "o": ["الإنجليزية", "الفرنسية", "العربية", "السواحلية"] },
    { "q": "عملة أرمينيا؟", "a": "درام", "o": ["درام", "لاري", "مانات", "روبل"] },
    { "q": "عملة جورجيا؟", "a": "لاري", "o": ["لاري", "درام", "مانات", "روبل"] },
    { "q": "لغة أذربيجان؟", "a": "الأذربيجانية", "o": ["الأذربيجانية", "الروسية", "التركية", "الفارسية"] },
    { "q": "عملة نيجيريا؟", "a": "نايرا", "o": ["نايرا", "سيدي", "فرنك", "شلن"] },
    { "q": "عملة فنزويلا؟", "a": "بوليفار", "o": ["بوليفار", "بيزو", "سول", "ريال"] },
    { "q": "أكثر لغة تحدثاً كلغة أم؟", "a": "الصينية الماندرين", "o": ["الصينية الماندرين", "الإنجليزية", "الإسبانية", "العربية"] },
    { "q": "عملة ألبانيا؟", "a": "ليك", "o": ["ليك", "ليف", "دينار", "يورو"] }
  ]
}