{
  "type": "geo",
  "sub": "maps_landmarks",
  "easy": [
    { "q": "أين تقع الأهرامات؟", "a": "مصر", "o": ["مصر", "المكسيك", "السودان", "بيرو"] },
    { "q": "موقع برج إيفل؟", "a": "باريس", "o": ["باريس", "لندن", "روما", "مدريد"] },
    { "q": "أين يقع المسجد الحرام؟", "a": "مكة", "o": ["مكة", "المدينة", "القدس", "القاهرة"] },
    { "q": "أين تقع ساعة بيغ بن؟", "a": "لندن", "o": ["لندن", "باريس", "برلين", "فيينا"] },
    { "q": "موقع تمثال الحرية؟", "a": "نيويورك", "o": ["نيويورك", "واشنطن", "شيكاغو", "بوسطن"] },
    { "q": "أين يقع سور الصين؟", "a": "الصين", "o": ["الصين", "اليابان", "كوريا", "فيتنام"] },
    { "q": "أين يقع برج خليفة؟", "a": "دبي", "o": ["دبي", "الرياض", "الدوحة", "الكويت"] },
    { "q": "موقع تاج محل؟", "a": "الهند", "o": ["الهند", "باكستان", "بنغلاديش", "إيران"] },
    { "q": "أين يقع الكولوسيوم؟", "a": "روما", "o": ["روما", "أثينا", "ميلانو", "نابولي"] },
    { "q": "موقع برج بيزا المائل؟", "a": "إيطاليا", "o": ["إيطاليا", "فرنسا", "إسبانيا", "البرتغال"] },
    { "q": "أين يقع جبل إيفرست؟", "a": "نيبال", "o": ["نيبال", "الهند", "أفغانستان", "بوتان"] },
    { "q": "أين يقع المسجد النبوي؟", "a": "المدينة", "o": ["المدينة", "مكة", "الرياض", "جدة"] },
    { "q": "موقع أبو الهول؟", "a": "مصر", "o": ["مصر", "تونس", "المغرب", "العراق"] },
    { "q": "أين يقع نهر النيل؟", "a": "مصر", "o": ["مصر", "السعودية", "العراق", "الأردن"] },
    { "q": "موقع متحف اللوفر؟", "a": "باريس", "o": ["باريس", "ليون", "مارسيليا", "كان"] },
    { "q": "أين تقع البتراء؟", "a": "الأردن", "o": ["الأردن", "سوريا", "لبنان", "فلسطين"] },
    { "q": "موقع برج الفيصلية؟", "a": "الرياض", "o": ["الرياض", "جدة", "الدمام", "أبها"] },
    { "q": "أين تقع أبراج الكويت؟", "a": "الكويت", "o": ["الكويت", "البحرين", "قطر", "عمان"] },
    { "q": "موقع المسجد الأقصى؟", "a": "القدس", "o": ["القدس", "عمان", "دمشق", "بيروت"] },
    { "q": "أين يقع نهر الأمازون؟", "a": "البرازيل", "o": ["البرازيل", "الأرجنتين", "تشيلي", "المكسيك"] },
    { "q": "موقع دار الأوبرا؟", "a": "سيدني", "o": ["سيدني", "ملبورن", "كانبرا", "بيرث"] },
    { "q": "أين يقع جبل فوجي؟", "a": "اليابان", "o": ["اليابان", "الصين", "كوريا", "تايوان"] },
    { "q": "موقع البيت الأبيض؟", "a": "واشنطن", "o": ["واشنطن", "نيويورك", "تكساس", "كاليفورنيا"] },
    { "q": "أين تقع الكعبة؟", "a": "مكة", "o": ["مكة", "المدينة", "الطائف", "جدة"] },
    { "q": "موقع تمثال المسيح؟", "a": "البرازيل", "o": ["البرازيل", "الأرجنتين", "بيرو", "كولومبيا"] },
    { "q": "أين يقع برج العرب؟", "a": "دبي", "o": ["دبي", "أبو ظبي", "الشارقة", "عجمان"] },
    { "q": "موقع قلعة صلاح الدين؟", "a": "القاهرة", "o": ["القاهرة", "الإسكندرية", "أسوان", "الأقصر"] },
    { "q": "أين يقع جبل أحد؟", "a": "المدينة", "o": ["المدينة", "مكة", "تبوك", "الرياض"] },
    { "q": "موقع شلالات نياجرا؟", "a": "أمريكا وكندا", "o": ["أمريكا وكندا", "البرازيل", "فنزويلا", "الصين"] },
    { "q": "أين يقع قصر باكنغهام؟", "a": "لندن", "o": ["لندن", "إدنبرة", "مانشستر", "ليفربول"] }
  ],
  "medium": [
    { "q": "موقع جسر البوابة الذهبية؟", "a": "سان فرانسيسكو", "o": ["سان فرانسيسكو", "لوس أنجلوس", "نيويورك", "شيكاغو"] },
    { "q": "أين يقع قصر الحمراء؟", "a": "غرناطة", "o": ["غرناطة", "قرطبة", "إشبيلية", "مدريد"] },
    { "q": "موقع ماتشو بيتشو؟", "a": "بيرو", "o": ["بيرو", "تشيلي", "الإكوادور", "بوليفيا"] },
    { "q": "أين تقع مدينة البندقية؟", "a": "إيطاليا", "o": ["إيطاليا", "فرنسا", "اليونان", "إسبانيا"] },
    { "q": "موقع آيا صوفيا؟", "a": "إسطنبول", "o": ["إسطنبول", "أنقرة", "أثينا", "روما"] },
    { "q": "أين تقع ستونهنج؟", "a": "بريطانيا", "o": ["بريطانيا", "أيرلندا", "أسكتلندا", "ويلز"] },
    { "q": "موقع الأكروبوليس؟", "a": "أثينا", "o": ["أثينا", "روما", "القاهرة", "بيروت"] },
    { "q": "أين تقع حدائق بابل؟", "a": "العراق", "o": ["العراق", "سوريا", "إيران", "مصر"] },
    { "q": "موقع مدائن صالح؟", "a": "السعودية", "o": ["السعودية", "الأردن", "اليمن", "عمان"] },
    { "q": "أين يقع الجامع الأموي؟", "a": "دمشق", "o": ["دمشق", "حلب", "بغداد", "القاهرة"] },
    { "q": "موقع جرش الأثرية؟", "a": "الأردن", "o": ["الأردن", "لبنان", "فلسطين", "سوريا"] },
    { "q": "أين يقع جبل طارق؟", "a": "بين إسبانيا والمغرب", "o": ["بين إسبانيا والمغرب", "بين إيطاليا وتونس", "بين مصر والسعودية", "بين فرنسا وبريطانيا"] },
    { "q": "موقع هوليوود؟", "a": "لوس أنجلوس", "o": ["لوس أنجلوس", "نيويورك", "ميامي", "لاس فيغاس"] },
    { "q": "أين يقع البحر الميت؟", "a": "الأردن", "o": ["الأردن", "مصر", "العراق", "لبنان"] },
    { "q": "موقع قناة السويس؟", "a": "مصر", "o": ["مصر", "بنما", "السعودية", "تركيا"] },
    { "q": "أين يقع جبل كليمنجارو؟", "a": "تنزانيا", "o": ["تنزانيا", "كينيا", "أوغندا", "إثيوبيا"] },
    { "q": "موقع معبد الكرنك؟", "a": "الأقصر", "o": ["الأقصر", "القاهرة", "أسوان", "الإسكندرية"] },
    { "q": "أين تقع قلعة بعلبك؟", "a": "لبنان", "o": ["لبنان", "سوريا", "الأردن", "العراق"] },
    { "q": "موقع المدينة المحرمة؟", "a": "بكين", "o": ["بكين", "طوكيو", "سيول", "بانكوك"] },
    { "q": "أين يقع جبل النور؟", "a": "مكة", "o": ["مكة", "المدينة", "الطائف", "جدة"] },
    { "q": "موقع تمثال أبي الهول؟", "a": "الجيزة", "o": ["الجيزة", "القاهرة", "الأقصر", "أسوان"] },
    { "q": "أين تقع مدينة بومبي؟", "a": "إيطاليا", "o": ["إيطاليا", "اليونان", "تركيا", "مصر"] },
    { "q": "موقع مسجد الشيخ زايد؟", "a": "أبو ظبي", "o": ["أبو ظبي", "دبي", "الشارقة", "مسقط"] },
    { "q": "أين يقع سد مأرب؟", "a": "اليمن", "o": ["اليمن", "عمان", "السعودية", "العراق"] },
    { "q": "موقع جبل الطاولة؟", "a": "جنوب أفريقيا", "o": ["جنوب أفريقيا", "أستراليا", "البرازيل", "كندا"] },
    { "q": "أين يقع قوس النصر؟", "a": "باريس", "o": ["باريس", "لندن", "برلين", "روما"] },
    { "q": "موقع ساحة الميدان الأحمر؟", "a": "موسكو", "o": ["موسكو", "سانت بطرسبرغ", "كييف", "وارسو"] },
    { "q": "أين تقع مغارة جعيتا؟", "a": "لبنان", "o": ["لبنان", "الأردن", "تركيا", "فلسطين"] },
    { "q": "موقع جبل طويق؟", "a": "نجد", "o": ["نجد", "الحجاز", "عسير", "تبوك"] },
    { "q": "أين تقع جزيرة صير بني ياس؟", "a": "الإمارات", "o": ["الإمارات", "قطر", "البحرين", "عمان"] }
  ],
  "hard": [
    { "q": "موقع أنغكور وات؟", "a": "كمبوديا", "o": ["كمبوديا", "فيتنام", "لاوس", "تايلاند"] },
    { "q": "أين تقع شلالات آنجل؟", "a": "فنزويلا", "o": ["فنزويلا", "البرازيل", "الأرجنتين", "كولومبيا"] },
    { "q": "موقع تماثيل المواي؟", "a": "جزيرة القيامة", "o": ["جزيرة القيامة", "هاواي", "فيجي", "توهيتي"] },
    { "q": "أين تقع كبادوكيا؟", "a": "تركيا", "o": ["تركيا", "اليونان", "أرمينيا", "جورجيا"] },
    { "q": "موقع بحيرة بايكال؟", "a": "روسيا", "o": ["روسيا", "كندا", "منغوليا", "فنلندا"] },
    { "q": "أين تقع تمبكتو؟", "a": "مالي", "o": ["مالي", "النيجر", "موريتانيا", "تشاد"] },
    { "q": "موقع قصر بوتالا؟", "a": "التبت", "o": ["التبت", "نيبال", "بوتان", "الهند"] },
    { "q": "أين يقع جبل رشمور؟", "a": "أمريكا", "o": ["أمريكا", "كندا", "أستراليا", "بريطانيا"] },
    { "q": "موقع معبد أبو سمبل؟", "a": "أسوان", "o": ["أسوان", "الأقصر", "الجيزة", "الخرطوم"] },
    { "q": "أين يقع ممر خيبر؟", "a": "بين باكستان وأفغانستان", "o": ["بين باكستان وأفغانستان", "بين الهند والصين", "بين إيران والعراق", "بين مصر والسودان"] },
    { "q": "موقع صحراء أتاكاما؟", "a": "تشيلي", "o": ["تشيلي", "بيرو", "الأرجنتين", "بوليفيا"] },
    { "q": "أين تقع جزر غالاباغوس؟", "a": "الإكوادور", "o": ["الإكوادور", "كولومبيا", "بنما", "فنزويلا"] },
    { "q": "موقع قلعة أربيل؟", "a": "العراق", "o": ["العراق", "سوريا", "تركيا", "إيران"] },
    { "q": "أين تقع مدينة شيبام (مانهاتن الصحراء)؟", "a": "اليمن", "o": ["اليمن", "عمان", "السعودية", "الجزائر"] },
    { "q": "موقع سالار دو أويوني (المسطح الملحي)؟", "a": "بوليفيا", "o": ["بوليفيا", "بيرو", "الأرجنتين", "تشيلي"] },
    { "q": "أين تقع كاتدرائية القديس باسيل؟", "a": "روسيا", "o": ["روسيا", "أوكرانيا", "بولندا", "ألمانيا"] },
    { "q": "موقع خليج ها لونغ؟", "a": "فيتنام", "o": ["فيتنام", "تايلاند", "الفلبين", "ماليزيا"] },
    { "q": "أين تقع قلعة الحصن؟", "a": "سوريا", "o": ["سوريا", "الأردن", "لبنان", "فلسطين"] },
    { "q": "موقع جبل أرارات؟", "a": "تركيا", "o": ["تركيا", "أرمينيا", "إيران", "أذربيجان"] },
    { "q": "أين يقع النهر الأصفر؟", "a": "الصين", "o": ["الصين", "الهند", "فيتنام", "اليابان"] },
    { "q": "موقع شلالات إجوازو؟", "a": "بين البرازيل والأرجنتين", "o": ["بين البرازيل والأرجنتين", "بين أمريكا وكندا", "بين زامبيا وزيمبابوي", "بين تشيلي وبيرو"] },
    { "q": "أين تقع مدينة قرطاج؟", "a": "تونس", "o": ["تونس", "المغرب", "الجزائر", "ليبيا"] },
    { "q": "موقع قصر نويشفانشتاين؟", "a": "ألمانيا", "o": ["ألمانيا", "النمسا", "سويسرا", "فرنسا"] },
    { "q": "أين يقع جبل صنين؟", "a": "لبنان", "o": ["لبنان", "سوريا", "الأردن", "فلسطين"] },
    { "q": "موقع جبل مرة؟", "a": "السودان", "o": ["السودان", "مصر", "إثيوبيا", "تشاد"] },
    { "q": "أين تقع منطقة الأهوار؟", "a": "العراق", "o": ["العراق", "مصر", "السودان", "سوريا"] },
    { "q": "موقع معبد البارثينون؟", "a": "اليونان", "o": ["اليونان", "إيطاليا", "تركيا", "قبرص"] },
    { "q": "أين يقع كهف مجلس الجن؟", "a": "عمان", "o": ["عمان", "اليمن", "السعودية", "الإمارات"] },
    { "q": "موقع قلعة البحرين؟", "a": "البحرين", "o": ["البحرين", "الكويت", "قطر", "الإمارات"] },
    { "q": "أين تقع جزيرة سقطرى؟", "a": "اليمن", "o": ["اليمن", "الصومال", "عمان", "السعودية"] }
  ]
}