{
  "type": "geo",
  "sub": "nature_climate",
  "easy": [
    { "q": "ما هو الكوكب الأزرق؟", "a": "الأرض", "o": ["الأرض", "المريخ", "نبتون", "الزهرة"] },
    { "q": "درجة تجمد الماء؟", "a": "0 مئوية", "o": ["0 مئوية", "10 مئوية", "100 مئوية", "-10 مئوية"] },
    { "q": "أحر فصول السنة؟", "a": "الصيف", "o": ["الصيف", "الشتاء", "الربيع", "الخريف"] },
    { "q": "الصوت الذي يلي البرق؟", "a": "الرعد", "o": ["الرعد", "المطر", "الريح", "الصدى"] },
    { "q": "أضخم حيوان على الأرض؟", "a": "الحوت الأزرق", "o": ["الحوت الأزرق", "الفيل", "القرش", "الزرافة"] },
    { "q": "مصدر الأمطار؟", "a": "الغيوم", "o": ["الغيوم", "الرياح", "الشمس", "البحر"] },
    { "q": "النجم الذي يضيء أرضنا؟", "a": "الشمس", "o": ["الشمس", "القمر", "المريخ", "الشعري"] },
    { "q": "الغاز الضروري للتنفس؟", "a": "الأكسجين", "o": ["الأكسجين", "الهيدروجين", "الهيليوم", "النيتروجين"] },
    { "q": "أبرد فصول السنة؟", "a": "الشتاء", "o": ["الشتاء", "الخريف", "الربيع", "الصيف"] },
    { "q": "الصخور المنصهرة تحت الأرض؟", "a": "الماجما", "o": ["الماجما", "اللافا", "البازلت", "الجرانيت"] },
    { "q": "الصخور المنصهرة فوق الأرض؟", "a": "اللافا", "o": ["اللافا", "الماجما", "الرماد", "الصهارة"] },
    { "q": "نسبة الماء على الأرض؟", "a": "71%", "o": ["71%", "50%", "30%", "90%"] },
    { "q": "عدد قارات العالم؟", "a": "7", "o": ["7", "5", "6", "8"] },
    { "q": "عدد المحيطات؟", "a": "5", "o": ["5", "4", "7", "3"] },
    { "q": "ما هو الهطول الأبيض؟", "a": "الثلج", "o": ["الثلج", "المطر", "البرد", "الندى"] },
    { "q": "قطرات الماء الصباحية؟", "a": "الندى", "o": ["الندى", "الضباب", "المطر", "الصقيع"] },
    { "q": "مركز الإعصار يسمى؟", "a": "العين", "o": ["العين", "القلب", "الرأس", "الذيل"] },
    { "q": "أداة قياس الحرارة؟", "a": "الترمومتر", "o": ["الترمومتر", "البارومتر", "السيزموجراف", "الأنيمومتر"] },
    { "q": "أكبر محيط؟", "a": "الهادئ", "o": ["الهادئ", "الأطلسي", "الهندي", "المتجمد"] },
    { "q": "أصغر محيط؟", "a": "المتجمد الشمالي", "o": ["المتجمد الشمالي", "الهندي", "الأطلسي", "الجنوبي"] },
    { "q": "الريح القوية جداً؟", "a": "عاصفة", "o": ["عاصفة", "نسيم", "رذاذ", "هواء"] },
    { "q": "وقت تساقط الأوراق؟", "a": "الخريف", "o": ["الخريف", "الشتاء", "الربيع", "الصيف"] },
    { "q": "القارة البيضاء؟", "a": "أنتاركتيكا", "o": ["أنتاركتيكا", "أوروبا", "آسيا", "أفريقيا"] },
    { "q": "أطول أنهار العالم؟", "a": "النيل", "o": ["النيل", "الأمازون", "المسيسيبي", "يانغتسي"] },
    { "q": "أغزر الأنهار ماءً؟", "a": "الأمازون", "o": ["الأمازون", "النيل", "الفرات", "الدانوب"] },
    { "q": "حيوان يعيش في القطب الجنوبي؟", "a": "البطريق", "o": ["البطريق", "الدب القطبي", "الثعلب", "الأسد"] },
    { "q": "حيوان يعيش في القطب الشمالي؟", "a": "الدب القطبي", "o": ["الدب القطبي", "البطريق", "الزرافة", "النمر"] },
    { "q": "الضوء الناتج عن تصادم السحب؟", "a": "البرق", "o": ["البرق", "الرعد", "المطر", "الريح"] },
    { "q": "أقوى أنواع العواصف؟", "a": "الإعصار", "o": ["الإعصار", "الزوبعة", "المطر", "النسيم"] },
    { "q": "ماذا يغطي قمة الجبل العالي؟", "a": "الثلج", "o": ["الثلج", "الرمل", "الشجر", "الماء"] }
  ],
  "medium": [
    { "q": "طبقة تحمينا من الأشعة الضارة؟", "a": "الأوزون", "o": ["الأوزون", "الميثان", "الهيليوم", "الهيدروجين"] },
    { "q": "سبب حدوث المد والجزر؟", "a": "جاذبية القمر", "o": ["جاذبية القمر", "الرياح", "الشمس", "دوران الأرض"] },
    { "q": "وحدة قياس سرعة الرياح؟", "a": "العقدة", "o": ["العقدة", "المتر", "الليتر", "البار"] },
    { "q": "الطبقة الجوية للطائرات؟", "a": "الستراتوسفير", "o": ["الستراتوسفير", "التروبوسفير", "الميزوسفير", "الإكسوسفير"] },
    { "q": "خط عرض درجته صفر؟", "a": "الاستواء", "o": ["الاستواء", "غرينتش", "السرطان", "الجدي"] },
    { "q": "خط طول درجته صفر؟", "a": "غرينتش", "o": ["غرينتش", "الاستواء", "التاريخ الدولي", "القطب"] },
    { "q": "علم دراسة الطقس؟", "a": "الأرصاد الجوية", "o": ["الأرصاد الجوية", "الجيولوجيا", "البيولوجيا", "الفلك"] },
    { "q": "أداة قياس الضغط الجوي؟", "a": "البارومتر", "o": ["البارومتر", "الترمومتر", "الهيجرومتر", "الأنيمومتر"] },
    { "q": "سحابة تلامس الأرض؟", "a": "الضباب", "o": ["الضباب", "الندى", "المزن", "السمحاق"] },
    { "q": "الغابات المطيرة الكبرى؟", "a": "الأمازون", "o": ["الأمازون", "التايغا", "السافانا", "البلوط"] },
    { "q": "الغاز المستهلك في البناء الضوئي؟", "a": "ثاني أكسيد الكربون", "o": ["ثاني أكسيد الكربون", "الأكسجين", "النيتروجين", "الهيليوم"] },
    { "q": "الطبقة التي نعيش فيها؟", "a": "التروبوسفير", "o": ["التروبوسفير", "الستراتوسفير", "الأيونوسفير", "الثيرموسفير"] },
    { "q": "نبات صحراوي شوكي؟", "a": "الصبّار", "o": ["الصبّار", "الأرز", "الصنوبر", "النخيل"] },
    { "q": "ظاهرة ارتفاع حرارة الأرض؟", "a": "الاحتباس الحراري", "o": ["الاحتباس الحراري", "العصر الجليدي", "النينو", "المد الأحمر"] },
    { "q": "حزام الزلازل والبراكين؟", "a": "حزام النار", "o": ["حزام النار", "حزام الكويكبات", "حزام الصمت", "حزام الأمان"] },
    { "q": "أعمق نقطة في المحيط؟", "a": "ماريانا", "o": ["ماريانا", "بورتوريكو", "جاوة", "تونغا"] },
    { "q": "رياح تهب بانتظام؟", "a": "التجارية", "o": ["التجارية", "الموسمية", "العكسية", "القطبية"] },
    { "q": "تحول السائل لغاز؟", "a": "تبخر", "o": ["تبخر", "تكثف", "تسامي", "انصهار"] },
    { "q": "تحول الغاز لسائل؟", "a": "تكثف", "o": ["تكثف", "تبخر", "تجمد", "انصهار"] },
    { "q": "الشفق القطبي يسمى؟", "a": "أورورا", "o": ["أورورا", "هالة", "قوس قزح", "سراب"] },
    { "q": "الدولة الأكثر أعاصير؟", "a": "أمريكا", "o": ["أمريكا", "الصين", "اليابان", "الهند"] },
    { "q": "ما هو الذهب الأسود؟", "a": "النفط", "o": ["النفط", "الفحم", "الحديد", "الغاز"] },
    { "q": "نوع صخور البراكين؟", "a": "نارية", "o": ["نارية", "رسوبية", "متحولة", "جيرية"] },
    { "q": "أكثر البحار ملوحة؟", "a": "الميت", "o": ["الميت", "الأحمر", "المتوسط", "الأسود"] },
    { "q": "أقرب طبقات الجو للأرض؟", "a": "التروبوسفير", "o": ["التروبوسفير", "الميزوسفير", "الستراتوسفير", "الثيرموسفير"] },
    { "q": "منطقة قليلة الأمطار؟", "a": "الصحراء", "o": ["الصحراء", "الغابة", "المراعي", "السهول"] },
    { "q": "أداة قياس الرطوبة؟", "a": "الهيجرومتر", "o": ["الهيجرومتر", "البارومتر", "الترمومتر", "السيزموجراف"] },
    { "q": "ما هو الماس؟", "a": "كربون نقي", "o": ["كربون نقي", "زجاج", "حديد", "ذهب"] },
    { "q": "سرعة الصوت في الهواء؟", "a": "340 م/ث", "o": ["340 م/ث", "300000 كم/ث", "100 م/ث", "1000 م/ث"] },
    { "q": "أين يقع ثقب الأوزون؟", "a": "فوق القطب الجنوبي", "o": ["فوق القطب الجنوبي", "فوق القطب الشمالي", "فوق خط الاستواء", "فوق أوروبا"] }
  ],
  "hard": [
    { "q": "ظاهرة تدفئة المحيط الهادئ؟", "a": "النينو", "o": ["النينو", "النينا", "المد", "التسونامي"] },
    { "q": "ظاهرة تبريد المحيط الهادئ؟", "a": "النينا", "o": ["النينا", "النينو", "الإعصار", "الفيضان"] },
    { "q": "أبرد طبقات الغلاف الجوي؟", "a": "الميزوسفير", "o": ["الميزوسفير", "التروبوسفير", "الستراتوسفير", "الثيرموسفير"] },
    { "q": "أحر طبقات الغلاف الجوي؟", "a": "الثيرموسفير", "o": ["الثيرموسفير", "الميزوسفير", "الستراتوسفير", "التروبوسفير"] },
    { "q": "مقياس قوة الزلازل؟", "a": "ريختر", "o": ["ريختر", "ميركالي", "كلفن", "بيوفورت"] },
    { "q": "مقياس شدة الأعاصير؟", "a": "سفير-سمبسون", "o": ["سفير-سمبسون", "فوجيتا", "ريختر", "موس"] },
    { "q": "مقياس شدة التورنادو؟", "a": "فوجيتا", "o": ["فوجيتا", "سفير-سمبسون", "ريختر", "كلفن"] },
    { "q": "الغاز الأكثر وفرة بالجو؟", "a": "النيتروجين", "o": ["النيتروجين", "الأكسجين", "الأرجون", "الكربون"] },
    { "q": "نقطة فوق بؤرة الزلزال؟", "a": "المركز السطحي", "o": ["المركز السطحي", "البؤرة", "الصدع", "الموجة"] },
    { "q": "أعمق بحيرة في العالم؟", "a": "بايكال", "o": ["بايكال", "سوبيريور", "فيكتوريا", "طبريا"] },
    { "q": "رياح جافة في غرب أفريقيا؟", "a": "الهارمتان", "o": ["الهارمتان", "الخماسين", "السموم", "الميسترال"] },
    { "q": "الرياح الموسمية تسمى؟", "a": "مونسون", "o": ["مونسون", "تايفون", "إعصار", "سيكلون"] },
    { "q": "تيار دافئ في الأطلسي؟", "a": "تيار الخليج", "o": ["تيار الخليج", "تيار همبولت", "تيار الكناري", "تيار لابرادور"] },
    { "q": "أقصى سرعة للرياح تسمى؟", "a": "إعصار من الدرجة 5", "o": ["إعصار من الدرجة 5", "عاصفة استوائية", "منخفض جوي", "زوبعة"] },
    { "q": "سحب رعدية عملاقة؟", "a": "المزن الركامية", "o": ["المزن الركامية", "الرهج", "السمحاق", "الطبقية"] },
    { "q": "منطقة التقاء الرياح التجارية؟", "a": "الركود الاستوائي", "o": ["الركود الاستوائي", "العروض الوسطى", "القطبية", "المدارية"] },
    { "q": "ظاهرة ابيضاض المرجان سببها؟", "a": "حرارة المياه", "o": ["حرارة المياه", "التلوث", "الصيد", "الأمواج"] },
    { "q": "ما هو الغاز المضحك؟", "a": "أكسيد النيتروز", "o": ["أكسيد النيتروز", "الميثان", "الهيليوم", "الأوزون"] },
    { "q": "علم دراسة الزلازل؟", "a": "السيزمولوجيا", "o": ["السيزمولوجيا", "الميتيورولوجيا", "الجيولوجيا", "الفلك"] },
    { "q": "أكبر صحراء جليدية؟", "a": "أنتاركتيكا", "o": ["أنتاركتيكا", "القطب الشمالي", "جرينلاند", "سيبيريا"] },
    { "q": "أعلى درجة حرارة سجلت؟", "a": "56.7 مئوية", "o": ["56.7 مئوية", "70 مئوية", "45 مئوية", "90 مئوية"] },
    { "q": "أقل درجة حرارة سجلت؟", "a": "-89.2 مئوية", "o": ["-89.2 مئوية", "-50 مئوية", "-100 مئوية", "-20 مئوية"] },
    { "q": "المطر الحمضي سببه؟", "a": "تلوث الهواء", "o": ["تلوث الهواء", "تلوث الماء", "حرارة الشمس", "الرياح"] },
    { "q": "أكبر مصدر للأكسجين؟", "a": "العوالق البحرية", "o": ["العوالق البحرية", "الغابات", "الأعشاب", "المحاصيل"] },
    { "q": "تسونامي يعني باليابانية؟", "a": "موجة الميناء", "o": ["موجة الميناء", "الماء الكبير", "غضب البحر", "زلزال البحر"] },
    { "q": "الطبقة المسؤولة عن احتراق الشهب؟", "a": "الميزوسفير", "o": ["الميزوسفير", "التروبوسفير", "الستراتوسفير", "الثيرموسفير"] },
    { "q": "الغاز المسبب للبيوت الزجاجية؟", "a": "الميثان", "o": ["الميثان", "الأكسجين", "النيتروجين", "الهيليوم"] },
    { "q": "أين تقع الغابات الشمالية؟", "a": "التايغا", "o": ["التايغا", "التندرا", "الاستوائية", "المعتدلة"] },
    { "q": "جزء الأرض الصخري يسمى؟", "a": "ليثوسفير", "o": ["ليثوسفير", "هيدروسفير", "أتموسفير", "بيوسفير"] },
    { "q": "جزء الأرض المائي يسمى؟", "a": "هيدروسفير", "o": ["هيدروسفير", "ليثوسفير", "أتموسفير", "بيوسفير"] }
  ]
}