{
  "type": "riddles",
  "sub": "lateral",
  "easy": [
    { "w": "ظل", "h": "يتبعك في الشمس ولا تمسكه" },
    { "w": "اسم", "h": "ملكك ويستخدمه الناس أكثر منك" },
    { "w": "عمر", "h": "شيء يزيد ولا ينقص أبداً" },
    { "w": "صمت", "h": "شيء ينكسر إذا نطقته" },
    { "w": "هواء", "h": "موجود حولك ولا تراه" },
    { "w": "جوع", "h": "يقرصك ولا تراه" },
    { "w": "ليل", "h": "يأتي فيغطي العالم بالسواد" },
    { "w": "نوم", "h": "يغلبك دون أن يؤذيك" },
    { "w": "ماء", "h": "أهون موجود وأعز مفقود" },
    { "w": "قبر", "h": "بيت ليس فيه أبواب" },
    { "w": "حفرة", "h": "كلما أخذت منها كبرت" },
    { "w": "مشط", "h": "له أسنان ولا يعض" },
    { "w": "بيض", "h": "تأكله قبل أن يولد" },
    { "w": "سر", "h": "إذا خرج من لسانك مات" },
    { "w": "وعد", "h": "تقطعه دون سكين" }
  ],
  "medium": [
    { "w": "مرآة", "h": "تريك كل شيء ولا ترى نفسها" },
    { "w": "صدى", "h": "يرد عليك دون لسان" },
    { "w": "غد", "h": "قريب جداً ولا نصل إليه أبداً" },
    { "w": "أمس", "h": "ذهب ولن يعود" },
    { "w": "طريق", "h": "يمتد أمامك ويوصلك وهو ثابت" },
    { "w": "خريطة", "h": "فيها بحار بلا ماء وجبال بلا صخور" },
    { "w": "دخان", "h": "يطير بلا جناح (ابن النار)" },
    { "w": "شمعة", "h": "تبكي وتصغر لتنير لك" },
    { "w": "ساعة", "h": "تمشي بلا أرجل وتدق بلا قلب" },
    { "w": "صندوق", "h": "يحفظ الأشياء وله قفل" },
    { "w": "رسالة", "h": "تحمل كلاماً وهي صامتة" },
    { "w": "ضوء", "h": "أسرع شيء في الوجود" },
    { "w": "ظلام", "h": "يختفي بمجرد إشعال الضوء" },
    { "w": "حلم", "h": "تراه وأنت مغمض العينين" },
    { "w": "عقل", "h": "كلما كثر استخدامه زاد (ليس كالمادة)" }
  ],
  "hard": [
    { "w": "تاريخ", "h": "أحداث مضت يسجلها المنتصرون" },
    { "w": "خيال", "h": "يأخذك لأي مكان وأنت في مكانك" },
    { "w": "مستحيل", "h": "كلمة تعني عدم القدرة على الحدوث" },
    { "w": "أفق", "h": "خط التقاء السماء بالأرض (وهمي)" },
    { "w": "ذاكرة", "h": "مخزن الصور والأحداث في رأسك" },
    { "w": "فرصة", "h": "تأتي مرة واحدة غالباً" },
    { "w": "نسيان", "h": "نعمة لمسح الأحزان من الذاكرة" },
    { "w": "وقت", "h": "كالسيف إن لم تقطعه قطعك" },
    { "w": "حياة", "h": "رحلة تبدأ بميلاد وتنتهي بموت" },
    { "w": "موت", "h": "الحقيقة الوحيدة المؤكدة للجميع" },
    { "w": "حقيقة", "h": "عكس الكذب والخيال" },
    { "w": "كذب", "h": "حبل قصير جداً" },
    { "w": "صدفة", "h": "حدث يقع دون تخطيط مسبق" },
    { "w": "لغز", "h": "سؤال غامض يحتاج لتفكير" },
    { "w": "نكتة", "h": "كلام يقال للإضحاك" }
  ]
}