{
  "type": "riddles",
  "sub": "logic",
  "easy": [
    { "w": "مشط", "h": "له أسنان ولا يعض" },
    { "w": "قلم", "h": "يكتب ولا يقرأ" },
    { "w": "ساعة", "h": "لها عقارب ولا تلدغ" },
    { "w": "ظل", "h": "يتبعك في الشمس أينما ذهبت" },
    { "w": "ماء", "h": "أهون موجود وأعز مفقود" },
    { "w": "نار", "h": "تأكل ولا تشبع" },
    { "w": "اسم", "h": "شيء لك ويستخدمه الناس أكثر منك" },
    { "w": "عمر", "h": "كلما زاد نقص" },
    { "w": "جوع", "h": "يقرصك ولا تراه" },
    { "w": "سر", "h": "إذا حفظته عاش وإذا أخرجته مات" },
    { "w": "باب", "h": "يخرج ويدخل ولا يتحرك من مكانه" },
    { "w": "صمت", "h": "إذا نطقته كسرته" },
    { "w": "ليل", "h": "له عيون ولا يرى (النجوم)" },
    { "w": "بحر", "h": "له أمواج وليس له شاطئ (في الشعر)" },
    { "w": "بيضة", "h": "يجب كسرها قبل استخدامها" }
  ],
  "medium": [
    { "w": "مرآة", "h": "لا تتكلم ولكنها تريك الحقيقة" },
    { "w": "صدى", "h": "يتكلم كل اللغات وليس له لسان" },
    { "w": "دخان", "h": "ابن النار ويطير في الهواء" },
    { "w": "ثقب", "h": "كلما أخذت منه كبر" },
    { "w": "غد", "h": "موجود دائماً ولكن لا نصل إليه أبداً" },
    { "w": "ظرف", "h": "يحمل أسراراً وأخباراً وليس إنساناً" },
    { "w": "خريطة", "h": "فيها بحر بلا ماء ومدن بلا سكان" },
    { "w": "إسفنج", "h": "مليء بالثقوب ويحفظ الماء" },
    { "w": "حذاء", "h": "له لسان ولا يشتكي" },
    { "w": "مسمار", "h": "لا يمشي إلا بالضرب" },
    { "w": "قميص", "h": "له رقبة وليس له رأس" },
    { "w": "منشار", "h": "له أسنان حادة ويأكل الخشب" },
    { "w": "جرس", "h": "لا يتكلم إلا إذا لمسته" },
    { "w": "شمعه", "h": "تحرق نفسها لتنير دربك" },
    { "w": "وسادة", "h": "تحمل رأسك وتسمع أحلامك" }
  ],
  "hard": [
    { "w": "أفق", "h": "خط وهمي يلتقي فيه البحر بالسماء" },
    { "w": "تابوت", "h": "من يصنعه يبيعه ومن يشتريه لا يستعمله ومن يستعمله لا يراه" },
    { "w": "تاريخ", "h": "شيء يكتبه المنتصرون" },
    { "w": "سمسم", "h": "أكله كله يحييك ونصفه يميتك (سم)" },
    { "w": "بارود", "h": "أسود كالليل وسريع كالخيل" },
    { "w": "سبورة", "h": "كلما نظفتها اسودت (أو ابيضت حسب النوع)" },
    { "w": "مقص", "h": "له عينان ورأس ويعض" },
    { "w": "بصل", "h": "تذبحه وتبكي عليه دماً (دموعاً)" },
    { "w": "نعامة", "h": "طائر يدفن رأسه في الرمال" },
    { "w": "عنكبوت", "h": "يبني بيتاً بلا حجارة ولا خشب" },
    { "w": "زلزال", "h": "يهز الأرض ولا يراها" },
    { "w": "بركان", "h": "جبل يغضب ويقذف النار" },
    { "w": "هواء", "h": "يمشي بلا أرجل ويدخل بلا استئذان" },
    { "w": "ذاكرة", "h": "خزنة لا تسرق ومفتاحها النسيان" },
    { "w": "خيال", "h": "عالم لا حدود له إلا عقلك" }
  ]
}