{
  "type": "riddles",
  "sub": "math",
  "easy": [
    { "w": "جمع", "h": "عملية زيادة الأعداد (+)" },
    { "w": "طرح", "h": "عملية إنقاص الأعداد (-)" },
    { "w": "رقم", "h": "رمز يعبر عن العدد (مثل 5)" },
    { "w": "صفر", "h": "عدد يعني لا شيء" },
    { "w": "واحد", "h": "أول الأعداد الصحيحة" },
    { "w": "متر", "h": "وحدة قياس الطول الأساسية" },
    { "w": "خط", "h": "أقصر مسافة بين نقطتين" },
    { "w": "نصف", "h": "جزء من اثنين (50%)" },
    { "w": "حل", "h": "النتيجة النهائية للمسألة" },
    { "w": "عد", "h": "حساب الأشياء (1، 2، 3...)" },
    { "w": "زوجي", "h": "عدد يقبل القسمة على 2" },
    { "w": "فردي", "h": "عدد لا يقبل القسمة على 2" },
    { "w": "شكل", "h": "الهيئة الهندسية (مربع، دائرة...)" },
    { "w": "لتر", "h": "وحدة قياس السوائل" },
    { "w": "سنة", "h": "365 يوماً" }
  ],
  "medium": [
    { "w": "مثلث", "h": "شكل له ثلاثة أضلاع" },
    { "w": "مربع", "h": "شكل له 4 أضلاع متساوية" },
    { "w": "دائرة", "h": "شكل ليس له بداية ولا نهاية" },
    { "w": "ضرب", "h": "تكرار عملية الجمع (×)" },
    { "w": "قسمة", "h": "توزيع بالتساوي (÷)" },
    { "w": "كسر", "h": "جزء من الواحد الصحيح (بسط ومقام)" },
    { "w": "جذر", "h": "عكس التربيع (أصل العدد)" },
    { "w": "ضلع", "h": "الخط المستقيم المحدد للشكل" },
    { "w": "زاوية", "h": "نقطة التقاء ضلعين" },
    { "w": "مساحة", "h": "الحيز الداخلي للشكل" },
    { "w": "محيط", "h": "طول الخط الخارجي للشكل" },
    { "w": "مكعب", "h": "مجسم له 6 أوجه مربعة" },
    { "w": "مليون", "h": "واحد وأمامه 6 أصفار" },
    { "w": "مليار", "h": "واحد وأمامه 9 أصفار" },
    { "w": "ميزان", "h": "أداة قياس الوزن" }
  ],
  "hard": [
    { "w": "هندسة", "h": "علم دراسة الأشكال والقياسات" },
    { "w": "جبر", "h": "رياضيات تستخدم الرموز (س، ص)" },
    { "w": "معادلة", "h": "جملة رياضية فيها علامة يساوي" },
    { "w": "مستطيل", "h": "شكل رباعي كل ضلعين متقابلين متساويين" },
    { "w": "أسطوانة", "h": "مجسم يشبه علبة المشروب" },
    { "w": "مخروط", "h": "مجسم يشبه قبعة الميلاد" },
    { "w": "مضلع", "h": "شكل هندسي مغلق مكون من أضلاع" },
    { "w": "قطر", "h": "خط يقسم الدائرة لنصفين" },
    { "w": "وتر", "h": "أطول ضلع في المثلث القائم" },
    { "w": "نسبة", "h": "مقارنة بين كميتين" },
    { "w": "إحصاء", "h": "علم جمع البيانات وتحليلها" },
    { "w": "حاسبة", "h": "آلة إلكترونية للعمليات الحسابية" },
    { "w": "لانهاية", "h": "مفهوم الشيء الذي لا حدود له" },
    { "w": "خوارزمية", "h": "خطوات مرتبة لحل مشكلة" },
    { "w": "فيثاغورس", "h": "صاحب نظرية المثلث القائم الشهيرة" }
  ]
}