{
  "type": "riddles",
  "sub": "patterns",
  "easy": [
    { "w": "سبت", "h": "بداية الأسبوع العملي" },
    { "w": "أحد", "h": "يأتي بعد السبت" },
    { "w": "صيف", "h": "يأتي بعد الربيع" },
    { "w": "شمس", "h": "تشرق كل صباح بنمط ثابت" },
    { "w": "قمر", "h": "يظهر في الليل ويتغير شكله" },
    { "w": "ليل", "h": "يعقب النهار دائماً" },
    { "w": "فجر", "h": "أول صلاة في اليوم" },
    { "w": "ظهر", "h": "منتصف النهار" },
    { "w": "عصر", "h": "يأتي قبل المغرب" },
    { "w": "عام", "h": "يتكون من 12 شهراً" },
    { "w": "ألف", "h": "أول الحروف الأبجدية" },
    { "w": "ياء", "h": "آخر الحروف الأبجدية" },
    { "w": "زوجي", "h": "نمط الأعداد 2، 4، 6" },
    { "w": "فردي", "h": "نمط الأعداد 1، 3، 5" },
    { "w": "صفر", "h": "نقطة الانطلاق في العد" }
  ],
  "medium": [
    { "w": "يناير", "h": "أول شهر ميلادي" },
    { "w": "مارس", "h": "الشهر الثالث" },
    { "w": "جمعة", "h": "يوم العيد الأسبوعي للمسلمين" },
    { "w": "شمال", "h": "اتجاه البوصلة الأساسي" },
    { "w": "جنوب", "h": "عكس الشمال" },
    { "w": "شرق", "h": "جهة شروق الشمس" },
    { "w": "غرب", "h": "جهة غروب الشمس" },
    { "w": "دائرة", "h": "شكل هندسي ليس له زوايا" },
    { "w": "مربع", "h": "شكل له 4 أضلاع متساوية" },
    { "w": "مثلث", "h": "شكل له 3 أضلاع" },
    { "w": "خريف", "h": "فصل تساقط الأوراق" },
    { "w": "شتاء", "h": "فصل الأمطار والبرد" },
    { "w": "أحمر", "h": "لون التوقف في الإشارة" },
    { "w": "أخضر", "h": "لون الانطلاق في الإشارة" },
    { "w": "محرم", "h": "أول الشهور الهجرية" }
  ],
  "hard": [
    { "w": "تسلسل", "h": "تتابع الأشياء بنظام معين" },
    { "w": "تكرار", "h": "إعادة النمط مرة بعد مرة" },
    { "w": "تنازلي", "h": "العد من الأكبر للأصغر" },
    { "w": "تصاعدي", "h": "العد من الأصغر للأكبر" },
    { "w": "متتالية", "h": "سلسلة أرقام تتبع قاعدة رياضية" },
    { "w": "أبجدية", "h": "نظام ترتيب الحروف" },
    { "w": "لانهائي", "h": "نمط لا يتوقف أبداً" },
    { "w": "عشوائي", "h": "عكس النمط المنتظم" },
    { "w": "دورية", "h": "تكرار بفاصل زمني ثابت" },
    { "w": "نمطية", "h": "الالتزام بشكل واحد" },
    { "w": "اتجاهات", "h": "شمال، جنوب، شرق، غرب" },
    { "w": "أوليات", "h": "أعداد لا تقبل القسمة إلا على نفسها" },
    { "w": "مضاعفات", "h": "جدول الضرب لعدد ما" },
    { "w": "فصول", "h": "أربعة تتكرر كل سنة" },
    { "w": "خوارزمية", "h": "خطوات مرتبة لحل مشكلة" }
  ]
}