{
  "type": "riddles",
  "sub": "wordplay",
  "easy": [
    { "w": "مشط", "h": "له أسنان ولا يعض" },
    { "w": "قلم", "h": "يكتب ولا يقرأ" },
    { "w": "بيضة", "h": "يجب كسرها قبل استخدامها" },
    { "w": "ساعة", "h": "لها عقارب ولا تلدغ" },
    { "w": "اسم", "h": "لك ويستخدمه الناس أكثر منك" },
    { "w": "ماء", "h": "أهون موجود وأعز مفقود" },
    { "w": "نار", "h": "تأكل ولا تشبع" },
    { "w": "صمت", "h": "إذا نطقته كسرته" },
    { "w": "بصل", "h": "تذبحه وتبكي عليه" },
    { "w": "باب", "h": "يدخل ويخرج ولا يتحرك من مكانه" },
    { "w": "ظل", "h": "يتبعك في الشمس أينما ذهبت" },
    { "w": "ليل", "h": "له عيون ولا يرى (النجوم)" },
    { "w": "بحر", "h": "له أمواج وليس له شاطئ (على الخريطة)" },
    { "w": "موز", "h": "شهر (تموز) إذا حذفت أوله" },
    { "w": "جرس", "h": "لا يتكلم إلا إذا لمسته" }
  ],
  "medium": [
    { "w": "إسفنج", "h": "مليء بالثقوب ويحفظ الماء" },
    { "w": "دخان", "h": "ابن النار ويطير في الهواء" },
    { "w": "خريطة", "h": "بها مدن بلا سكان وبحار بلا ماء" },
    { "w": "منشفة", "h": "تجفف الجسم وتبتل هي" },
    { "w": "مسمار", "h": "لا يمشي إلا بالضرب على رأسه" },
    { "w": "حذاء", "h": "له لسان ولا يشتكي" },
    { "w": "صدى", "h": "يتكلم كل اللغات وليس له لسان" },
    { "w": "مقص", "h": "له عينان ويعض (يقطع)" },
    { "w": "شمعة", "h": "تحرق نفسها لتنير دربك" },
    { "w": "سر", "h": "إذا حفظته عاش وإذا أخرجته مات" },
    { "w": "هواء", "h": "يدخل بلا استئذان ولا تراه" },
    { "w": "غد", "h": "موجود دائماً ولا نصل إليه أبداً" },
    { "w": "وسادة", "h": "تسمع أحلامك ولا تفشي سرك" },
    { "w": "مرآة", "h": "تريك الحقيقة ولا تتكلم" },
    { "w": "ثقب", "h": "كلما أخذت منه كبر" }
  ],
  "hard": [
    { "w": "تابوت", "h": "صانعه يبيعه وشاريه لا يستعمله ومستعمله لا يراه" },
    { "w": "سمسم", "h": "أكله كله يحييك ونصفه يميتك (سم)" },
    { "w": "أبجدية", "h": "كلمة واحدة تحوي كل الحروف" },
    { "w": "سبورة", "h": "كلما نظفتها اسودت (أو اتسخت)" },
    { "w": "بارود", "h": "أسود كالليل وسريع كالخيل" },
    { "w": "عقرب", "h": "لا يلدغ ولا يخيف (في الساعة)" },
    { "w": "ظلام", "h": "كلما زاد نقص ما تراه" },
    { "w": "منشار", "h": "يأكل وهو ذاهب ويأكل وهو آيب" },
    { "w": "عنكبوت", "h": "يبني بيتاً وهناً بلا حجارة" },
    { "w": "ذاكرة", "h": "خزنة لا تسرق مفتاحها النسيان" },
    { "w": "تاريخ", "h": "شيء يكتبه المنتصرون" },
    { "w": "نعامة", "h": "طائر يدفن رأسه في الرمال" },
    { "w": "بركان", "h": "جبل يغضب ويقذف النار" },
    { "w": "صورة", "h": "تأخذ منك قبل أن تعطيك (الملامح)" },
    { "w": "خيال", "h": "عالم لا حدود له إلا عقلك" }
  ]
}