{
  "type": "sports",
  "sub": "history",
  "easy": [
    { "w": "برازيل", "h": "أكثر منتخب حقق كأس العالم" },
    { "w": "ميسي", "h": "قاد الأرجنتين للقب 2022" },
    { "w": "بيليه", "h": "الجوهرة السوداء (فاز 3 مرات)" },
    { "w": "كأس", "h": "الجائزة الذهبية الأغلى" },
    { "w": "قطر", "h": "أول دولة عربية استضافت المونديال" },
    { "w": "هدف", "h": "ما يهز الشباك ويفرح الجمهور" },
    { "w": "نهائي", "h": "المباراة الأخيرة لتحديد البطل" },
    { "w": "ألمانيا", "h": "الماكينات (أبطال 2014)" },
    { "w": "فرنسا", "h": "الديوك (أبطال 1998 و 2018)" },
    { "w": "إيطاليا", "h": "الآتزوري (أبطال 2006)" },
    { "w": "فيفا", "h": "المنظمة المسؤولة عن كرة القدم" },
    { "w": "ذهب", "h": "معدن الكأس والميداليات" },
    { "w": "روسيا", "h": "استضافت مونديال 2018" },
    { "w": "شوط", "h": "نصف المباراة" },
    { "w": "طرد", "h": "البطاقة الحمراء" }
  ],
  "medium": [
    { "w": "مارادونا", "h": "أسطورة الأرجنتين (يد الله)" },
    { "w": "زيدان", "h": "أسطورة فرنسا (نطح ماتيرازي)" },
    { "w": "رونالدو", "h": "الظاهرة البرازيلية (هداف 2002)" },
    { "w": "كلوزه", "h": "الهداف التاريخي لكأس العالم" },
    { "w": "أوروغواي", "h": "أول بطل لكأس العالم في التاريخ" },
    { "w": "مونديال", "h": "الاسم الآخر لبطولة كأس العالم" },
    { "w": "جزاء", "h": "ركلة الترجيح أو العقوبة" },
    { "w": "إسبانيا", "h": "الماتادور (أبطال 2010)" },
    { "w": "هولندا", "h": "الطواحين (خسروا النهائي 3 مرات)" },
    { "w": "مبابي", "h": "سجل هاتريك في نهائي 2022" },
    { "w": "إنجلترا", "h": "مهد كرة القدم (أبطال 1966)" },
    { "w": "كرواتيا", "h": "وصيف مونديال 2018" },
    { "w": "سامبا", "h": "لقب منتخب البرازيل ورقصتهم" },
    { "w": "تانغو", "h": "لقب منتخب الأرجنتين ورقصتهم" },
    { "w": "صقور", "h": "لقب المنتخب السعودي (الخضر)" }
  ],
  "hard": [
    { "w": "جولريميه", "h": "اسم كأس العالم القديمة" },
    { "w": "ماراكانازو", "h": "مأساة خسارة البرازيل 1950" },
    { "w": "فوفوزيلا", "h": "بوق مزعج اشتهر في مونديال 2010" },
    { "w": "فونتين", "h": "سجل 13 هدفاً في نسخة واحدة" },
    { "w": "أزتيكا", "h": "ملعب تاريخي في المكسيك" },
    { "w": "ياشين", "h": "الحارس الوحيد المتوج بالكرة الذهبية" },
    { "w": "ميلا", "h": "عجوز الكاميرون الراقص" },
    { "w": "إسكوبار", "h": "مدافع كولومبي قتل بسبب هدف عكسي" },
    { "w": "غوتزه", "h": "سجل هدف فوز ألمانيا 2014" },
    { "w": "سكيلاتشي", "h": "هداف مونديال 1990 المفاجئ" },
    { "w": "تارديلي", "h": "صاحب الصرخة الشهيرة في نهائي 82" },
    { "w": "هيرست", "h": "سجل هاتريك في نهائي 1966 (الهدف الجدلي)" },
    { "w": "كيمبس", "h": "قاد الأرجنتين لأول لقب 1978" },
    { "w": "زاغالو", "h": "فاز بالكأس لاعباً ومدرباً ومساعداً" },
    { "w": "تيرانجا", "h": "لقب أسود السنغال" }
  ]
}