{
  "type": "sports",
  "sub": "mixed",
  "easy": [
    { "w": "سلة", "h": "رياضة العمالقة (NBA)" },
    { "w": "تنس", "h": "رياضة المضرب والكرة الصفراء" },
    { "w": "جولف", "h": "لعبة الأثرياء (الحفرة)" },
    { "w": "ملاكمة", "h": "رياضة الفن النبيل (الحلبة)" },
    { "w": "سباحة", "h": "رياضة مائية أولمبية" },
    { "w": "ذهب", "h": "معدن الميدالية الأولى" },
    { "w": "جري", "h": "سباق السرعة (ألعاب قوى)" },
    { "w": "شبكة", "h": "تفصل بين اللاعبين في التنس والطائرة" },
    { "w": "حلبة", "h": "مكان سباق السيارات أو المصارعة" },
    { "w": "فرس", "h": "حيوان سباقات الفروسية" },
    { "w": "بولت", "h": "أسرع رجل في العالم" },
    { "w": "كلاي", "h": "أسطورة الملاكمة (محمد علي)" },
    { "w": "رمية", "h": "طريقة التسجيل في السلة" },
    { "w": "شوط", "h": "جزء من المباراة" },
    { "w": "طارة", "h": "حلقة كرة السلة" }
  ],
  "medium": [
    { "w": "جوردان", "h": "أعظم لاعب كرة سلة (23)" },
    { "w": "تايسون", "h": "الرجل الحديدي (ملاكم)" },
    { "w": "نادال", "h": "ملك الملاعب الترابية (تنس)" },
    { "w": "فيدرر", "h": "المايسترو السويسري (تنس)" },
    { "w": "فيراري", "h": "فريق الفورمولا 1 الأحمر" },
    { "w": "ليكرز", "h": "فريق لوس أنجلوس للسلة" },
    { "w": "فورمولا", "h": "سباق السيارات الأسرع (1)" },
    { "w": "رالي", "h": "سباق الطرق الوعرة والصحراء" },
    { "w": "جودو", "h": "فن قتالي ياباني" },
    { "w": "سونكر", "h": "لعبة تشبه البلياردو" },
    { "w": "كريكيت", "h": "الرياضة الشعبية في الهند" },
    { "w": "بيسبول", "h": "الرياضة الشعبية في أمريكا" },
    { "w": "فيلبس", "h": "القرش الأمريكي (سباحة)" },
    { "w": "سترايك", "h": "إسقاط جميع القوارير (بولينج)" },
    { "w": "شطرنج", "h": "لعبة الملوك (الذكاء)" }
  ],
  "hard": [
    { "w": "شوماخر", "h": "أسطورة الفورمولا 1 الألماني" },
    { "w": "هاميلتون", "h": "بطل العالم 7 مرات (مرسيدس)" },
    { "w": "ويمبلدون", "h": "أعرق بطولات التنس (عشبية)" },
    { "w": "ماراثون", "h": "سباق جري طويل (42 كم)" },
    { "w": "أولمبياد", "h": "تجمع رياضي عالمي كل 4 سنوات" },
    { "w": "دجوكوفيتش", "h": "الإعصار الصربي (تنس)" },
    { "w": "ليبرون", "h": "الملك جيمس (هداف السلة)" },
    { "w": "سومو", "h": "مصارعة يابانية للأوزان الثقيلة" },
    { "w": "ركبي", "h": "رياضة تشبه القدم الأمريكية (عنيف)" },
    { "w": "هوكي", "h": "رياضة تلعب على الجليد أو العشب" },
    { "w": "جمباز", "h": "رياضة المرونة والتوازن" },
    { "w": "كارلسن", "h": "بطل العالم في الشطرنج" },
    { "w": "أرمسترونج", "h": "دراج جرد من ألقابه" },
    { "w": "نورمحمدوف", "h": "حبيب (بطل الفنون القتالية)" },
    { "w": "شيكاغو", "h": "مدينة فريق البولز (سلة)" }
  ]
}