{
  "type": "sports",
  "sub": "saudi",
  "easy": [
    { "w": "هلال", "h": "الزعيم (أكثر من حقق الدوري)" },
    { "w": "نصر", "h": "العالمي (أول مشارك بمونديال الأندية)" },
    { "w": "اتحاد", "h": "العميد (أقدم نادٍ سعودي)" },
    { "w": "أهلي", "h": "الراقي (قلعة الكؤوس)" },
    { "w": "شباب", "h": "شيخ الأندية (الليث الأبيض)" },
    { "w": "ماجد", "h": "بيليه العرب وأسطورة النصر" },
    { "w": "سامي", "h": "الذئب وأسطورة الهلال" },
    { "w": "نور", "h": "القوة العاشرة (أسطورة الاتحاد)" },
    { "w": "سالم", "h": "التورنيدو (صاحب هدف الأرجنتين)" },
    { "w": "صقور", "h": "لقب المنتخب السعودي" },
    { "w": "دوري", "h": "البطولة الأهم (روشن حالياً)" },
    { "w": "كأس", "h": "أغلى الكؤوس (كأس الملك)" },
    { "w": "هدف", "h": "فرحة المدرج" },
    { "w": "بلنتي", "h": "ضربة جزاء (باللهجة المحلية)" },
    { "w": "ديربي", "h": "مباراة الجيران (مثل الهلال والنصر)" }
  ],
  "medium": [
    { "w": "الزعيم", "h": "اللقب الأشهر لنادي الهلال" },
    { "w": "العالمي", "h": "اللقب الأشهر لنادي النصر" },
    { "w": "العميد", "h": "اللقب الأشهر لنادي الاتحاد" },
    { "w": "الراقي", "h": "اللقب الأشهر للنادي الأهلي" },
    { "w": "الليث", "h": "اللقب الأشهر لنادي الشباب" },
    { "w": "القناص", "h": "لقب ياسر القحطاني" },
    { "w": "الموهوب", "h": "لقب محمد الشلهوب" },
    { "w": "الجوهرة", "h": "أشهر ملعب في جدة" },
    { "w": "الدرة", "h": "لقب ملعب الملك فهد الدولي" },
    { "w": "السومة", "h": "العقيد (هداف الدوري التاريخي)" },
    { "w": "حمدالله", "h": "الجلاد (هداف الدوري في موسم واحد)" },
    { "w": "الدعيع", "h": "الأخطبوط (حارس القرن)" },
    { "w": "الثنيان", "h": "الفيلسوف (رقم 15)" },
    { "w": "العويران", "h": "سجل أجمل هدف في مونديال 94" },
    { "w": "محيسن", "h": "الكوبرا (نجم النصر السابق)" }
  ],
  "hard": [
    { "w": "السكري", "h": "لقب نادي التعاون" },
    { "w": "الدهناء", "h": "فارس الدهناء (لقب الاتفاق)" },
    { "w": "النموذجي", "h": "لقب نادي الفتح" },
    { "w": "سفير", "h": "لقب نادي الاتفاق (سفير الوطن)" },
    { "w": "عنابي", "h": "لقب نادي الفيصلي" },
    { "w": "تاوامبا", "h": "الدبابة الكاميرونية (هداف التعاون)" },
    { "w": "شراحيلي", "h": "اسم عائلة كروية (أحمد، شايع، رياض...)" },
    { "w": "المهلل", "h": "السكاب (هداف الشباب والمنتخب)" },
    { "w": "المرزوق", "h": "سجل 4 أهداف في البرازيل (القارات)" },
    { "w": "حمزة", "h": "البرق (أسطورة الاتحاد)" },
    { "w": "بانيغا", "h": "الموسيقار (قائد الشباب السابق)" },
    { "w": "رينارد", "h": "المدرب الذي هزم الأرجنتين" },
    { "w": "يارباه", "h": "تعليق فارس عوض الشهير" },
    { "w": "الشقردية", "h": "لقب جمهور الهلال" },
    { "w": "المجانين", "h": "لقب جمهور الأهلي" }
  ]
}