{
  "type": "almajd",
  "sub": "cartoons",
  "easy": {
    "أ": [],
    "ب": [],
    "ت": [],
    "ث": [],
    "ج": [],
    "ح": [],
    "خ": [],
    "د": [],
    "ذ": [],
    "ر": [],
    "ز": [],
    "س": [],
    "ش": [],
    "ص": [],
    "ض": [],
    "ط": [],
    "ظ": [],
    "ع": [],
    "غ": [],
    "ف": [],
    "ق": [],
    "ك": [],
    "ل": [],
    "م": []
  },
  "medium": {
    "أ": [],
    "ب": [],
    "ت": [],
    "ث": [],
    "ج": [],
    "ح": [],
    "خ": [],
    "د": [],
    "ذ": [],
    "ر": [],
    "ز": [],
    "س": [],
    "ش": [],
    "ص": [],
    "ض": [],
    "ط": [],
    "ظ": [],
    "ع": [],
    "غ": [],
    "ف": [],
    "ق": [],
    "ك": [],
    "ل": [],
    "م": []
  },
  "hard": {
    "أ": [],
    "ب": [],
    "ت": [],
    "ث": [],
    "ج": [],
    "ح": [],
    "خ": [],
    "د": [],
    "ذ": [],
    "ر": [],
    "ز": [],
    "س": [],
    "ش": [],
    "ص": [],
    "ض": [],
    "ط": [],
    "ظ": [],
    "ع": [],
    "غ": [],
    "ف": [],
    "ق": [],
    "ك": [],
    "ل": [],
    "م": []
  }
}