{
  "type": "general",
  "sub": "culture_arts",
  "easy": [
    { "q": "رسام الموناليزا؟", "a": "دا فينشي", "o": ["دا فينشي", "بيكاسو", "فان جوخ", "دالي"] },
    { "q": "عاصمة السينما؟", "a": "هوليوود", "o": ["هوليوود", "بوليوود", "كان", "باريس"] },
    { "q": "أصل البيتزا؟", "a": "إيطاليا", "o": ["إيطاليا", "فرنسا", "أمريكا", "الصين"] },
    { "q": "برج باريس؟", "a": "إيفل", "o": ["إيفل", "بيزا", "لندن", "خليفة"] },
    { "q": "جائزة السينما؟", "a": "الأوسكار", "o": ["الأوسكار", "نوبل", "إيمي", "جرامي"] },
    { "q": "أبو الفنون؟", "a": "المسرح", "o": ["المسرح", "السينما", "الرسم", "الموسيقى"] },
    { "q": "فأر ديزني؟", "a": "ميكي ماوس", "o": ["ميكي ماوس", "توم", "جيري", "بطوط"] },
    { "q": "أكلة يابانية؟", "a": "سوشي", "o": ["سوشي", "كبسة", "بيتزا", "برغر"] },
    { "q": "أحمر + أصفر؟", "a": "برتقالي", "o": ["برتقالي", "أخضر", "بنفسجي", "بني"] },
    { "q": "أزرق + أصفر؟", "a": "أخضر", "o": ["أخضر", "برتقالي", "بنفسجي", "أسود"] },
    { "q": "موسيقار الأجيال؟", "a": "عبدالوهاب", "o": ["عبدالوهاب", "حليم", "فريد", "أم كلثوم"] },
    { "q": "آلة المفاتيح؟", "a": "البيانو", "o": ["البيانو", "العود", "الكمان", "الطبل"] },
    { "q": "أكلة سعودية؟", "a": "الكبسة", "o": ["الكبسة", "السوشي", "الباستا", "التاكو"] },
    { "q": "بناء فرعوني؟", "a": "الأهرامات", "o": ["الأهرامات", "البتراء", "تدمر", "بعلبك"] },
    { "q": "رقصة إسبانية؟", "a": "فلامنكو", "o": ["فلامنكو", "سامبا", "تانغو", "باليه"] },
    { "q": "كوكب الشرق؟", "a": "أم كلثوم", "o": ["أم كلثوم", "فيروز", "صباح", "شادية"] },
    { "q": "أصل الكرواسون؟", "a": "النمسا", "o": ["النمسا", "فرنسا", "إيطاليا", "بلجيكا"] },
    { "q": "أصل البرغر؟", "a": "أمريكا", "o": ["أمريكا", "ألمانيا", "فرنسا", "الصين"] },
    { "q": "لغة البرازيل؟", "a": "البرتغالية", "o": ["البرتغالية", "الإسبانية", "الإنجليزية", "الفرنسية"] },
    { "q": "لغة مصر؟", "a": "العربية", "o": ["العربية", "الإنجليزية", "الفرنسية", "القبطية"] },
    { "q": "الذهب الأسود؟", "a": "النفط", "o": ["النفط", "الفحم", "القهوة", "الحديد"] },
    { "q": "الذهب الأبيض؟", "a": "القطن", "o": ["القطن", "السكر", "الملح", "الحليب"] },
    { "q": "عاصمة الموضة؟", "a": "باريس", "o": ["باريس", "لندن", "ميلانو", "نيويورك"] },
    { "q": "مدينة الضباب؟", "a": "لندن", "o": ["لندن", "باريس", "روما", "برلين"] },
    { "q": "بلد المليون شهيد؟", "a": "الجزائر", "o": ["الجزائر", "تونس", "فلسطين", "العراق"] },
    { "q": "أكبر قارة؟", "a": "آسيا", "o": ["آسيا", "أفريقيا", "أوروبا", "أمريكا"] },
    { "q": "أصغر قارة؟", "a": "أستراليا", "o": ["أستراليا", "أوروبا", "أنتاركتيكا", "أمريكا"] },
    { "q": "أسرع إيقاع؟", "a": "الروك", "o": ["الروك", "الجاز", "البلوز", "الكلاسيك"] },
    { "q": "آلة النفخ؟", "a": "الناي", "o": ["الناي", "العود", "الكمان", "القانون"] },
    { "q": "آلة الإيقاع؟", "a": "الطبول", "o": ["الطبول", "البيانو", "الكمان", "الناي"] }
  ],
  "medium": [
    { "q": "قطع أذنه؟", "a": "فان جوخ", "o": ["فان جوخ", "بيكاسو", "دالي", "مونيه"] },
    { "q": "هدية فرنسا لأمريكا؟", "a": "تمثال الحرية", "o": ["تمثال الحرية", "برج إيفل", "المسلة", "الجسر"] },
    { "q": "صاحب السيمفونية 5؟", "a": "بيتهوفن", "o": ["بيتهوفن", "موتزارت", "باخ", "شوبان"] },
    { "q": "طي الورق الياباني؟", "a": "أوريغامي", "o": ["أوريغامي", "إيكيبانا", "سوشي", "مانغا"] },
    { "q": "متحف الموناليزا؟", "a": "اللوفر", "o": ["اللوفر", "متروبوليتان", "البريطاني", "المصري"] },
    { "q": "دمية خشبية كاذبة؟", "a": "بينوكيو", "o": ["بينوكيو", "سندريلا", "شريك", "علاء الدين"] },
    { "q": "أساس الشوكولاتة؟", "a": "الكاكاو", "o": ["الكاكاو", "القهوة", "الفانيليا", "القرفة"] },
    { "q": "مخرج تيتانيك؟", "a": "كاميرون", "o": ["كاميرون", "سبيلبرغ", "نولان", "سكوت"] },
    { "q": "سينما الهند؟", "a": "بوليوود", "o": ["بوليوود", "هوليوود", "نوليوود", "لوليود"] },
    { "q": "طبق مغربي؟", "a": "طاجن", "o": ["طاجن", "كبسة", "منسف", "مقلوبة"] },
    { "q": "رائد التكعيبية؟", "a": "بيكاسو", "o": ["بيكاسو", "دالي", "مايكل أنجلو", "رافائيل"] },
    { "q": "محقق بريطاني؟", "a": "شرلوك هولمز", "o": ["شرلوك هولمز", "بوارو", "بوند", "لوبين"] },
    { "q": "ضريح هندي؟", "a": "تاج محل", "o": ["تاج محل", "البتراء", "الأهرامات", "الكولوسيوم"] },
    { "q": "آلة اسكتلندا؟", "a": "القربة", "o": ["القربة", "العود", "الجيتار", "الناي"] },
    { "q": "نحت تمثال داود؟", "a": "مايكل أنجلو", "o": ["مايكل أنجلو", "دافنشي", "رودان", "دونatello"] },
    { "q": "رقصة البرازيل؟", "a": "السامبا", "o": ["السامبا", "التانغو", "الفالس", "السالسا"] },
    { "q": "رقصة الأرجنتين؟", "a": "التانغو", "o": ["التانغو", "السامبا", "الرومبا", "التشاتشا"] },
    { "q": "أصل الباستا؟", "a": "الصين (نقلها ماركو بولو)", "o": ["الصين", "إيطاليا", "فرنسا", "أمريكا"] },
    { "q": "أصل الشاي؟", "a": "الصين", "o": ["الصين", "الهند", "إنجلترا", "سريلانكا"] },
    { "q": "أصل القهوة؟", "a": "إثيوبيا (واليمن)", "o": ["إثيوبيا", "البرازيل", "إيطاليا", "تركيا"] },
    { "q": "أغلى بهار؟", "a": "الزعفران", "o": ["الزعفران", "الهيل", "الفانيليا", "القرنفل"] },
    { "q": "المدينة المحرمة؟", "a": "بكين", "o": ["بكين", "طوكيو", "سيول", "بانكوك"] },
    { "q": "مدينة القنوات؟", "a": "البندقية", "o": ["البندقية", "أمستردام", "بانكوك", "بروج"] },
    { "q": "بلد الأرز؟", "a": "لبنان", "o": ["لبنان", "الأردن", "سوريا", "مصر"] },
    { "q": "بلد النيل؟", "a": "مصر", "o": ["مصر", "السودان", "إثيوبيا", "أوغندا"] },
    { "q": "مطربة الجبل؟", "a": "فيروز", "o": ["فيروز", "صباح", "سميرة توفيق", "ماجدة"] },
    { "q": "العندليب الأسمر؟", "a": "عبدالحليم", "o": ["عبدالحليم", "فريد", "عبدالوهاب", "أم كلثوم"] },
    { "q": "مؤلف البؤساء؟", "a": "فيكتور هوجو", "o": ["فيكتور هوجو", "ديكنز", "شكسبير", "تولستوي"] },
    { "q": "مؤلف هاملت؟", "a": "شكسبير", "o": ["شكسبير", "هوجو", "موليير", "غوته"] },
    { "q": "شاعر الفلاسفة؟", "a": "المعري", "o": ["المعري", "المتنبي", "شوقي", "جبران"] }
  ],
  "hard": [
    { "q": "فن الأحلام؟", "a": "السريالية", "o": ["السريالية", "التكعيبية", "الواقعية", "الرومانسية"] },
    { "q": "أكثر أوسكار (فيلم)؟", "a": "سيد الخواتم", "o": ["سيد الخواتم", "العراب", "حرب النجوم", "أفاتار"] },
    { "q": "معمارية عراقية؟", "a": "زها حديد", "o": ["زها حديد", "نوفيل", "جيري", "رايت"] },
    { "q": "اسم فيروز الحقيقي؟", "a": "نهاد حداد", "o": ["نهاد حداد", "فاطمة", "آمال", "جارة"] },
    { "q": "رقصة نيوزيلندا؟", "a": "الهاكا", "o": ["الهاكا", "السامبا", "الهولا", "التانغو"] },
    { "q": "مؤلفة هاري بوتر؟", "a": "رولينغ", "o": ["رولينغ", "كريستي", "أوستن", "برونتي"] },
    { "q": "سيد التشويق؟", "a": "هيتشكوك", "o": ["هيتشكوك", "تارانتينو", "نولان", "كوبولا"] },
    { "q": "لوحة الحرب لبيكاسو؟", "a": "الجيرنيكا", "o": ["الجيرنيكا", "الصرخة", "الموناليزا", "العشاء"] },
    { "q": "مهرجان فرنسا؟", "a": "كان", "o": ["كان", "برلين", "البندقية", "تورنتو"] },
    { "q": "أغلى كمان؟", "a": "ستراديفاريوس", "o": ["ستراديفاريوس", "ياماها", "سوزوكي", "جوارنيري"] },
    { "q": "نحات المفكر؟", "a": "رودان", "o": ["رودان", "مايكل أنجلو", "برنيني", "دوناتيلو"] },
    { "q": "أصل الزجاج؟", "a": "الرمل", "o": ["الرمل", "الطين", "الحجر", "الخشب"] },
    { "q": "ممثل لورنس العرب؟", "a": "عمر الشريف", "o": ["عمر الشريف", "أنتوني كوين", "بيتر أوتول", "شون كونري"] },
    { "q": "المدينة المفقودة؟", "a": "ماتشو بيتشو", "o": ["ماتشو بيتشو", "أطلانتس", "إلدورادو", "البتراء"] },
    { "q": "مؤلف الحرب والسلام؟", "a": "تولستوي", "o": ["تولستوي", "دوستويفسكي", "تشيخوف", "غوغول"] },
    { "q": "مؤلف الجريمة والعقاب؟", "a": "دوستويفسكي", "o": ["دوستويفسكي", "تولستوي", "كافكا", "كامو"] },
    { "q": "رسام الصرخة؟", "a": "إدفارد مونك", "o": ["إدفارد مونك", "فان جوخ", "بيكاسو", "دالي"] },
    { "q": "موسيقي أصم؟", "a": "بيتهوفن", "o": ["بيتهوفن", "موتزارت", "باخ", "هاندل"] },
    { "q": "طفل معجزة (موسيقى)؟", "a": "موتزارت", "o": ["موتزارت", "بيتهوفن", "شوبان", "لست"] },
    { "q": "ملك البوب؟", "a": "مايكل جاكسون", "o": ["مايكل جاكسون", "إلفيس", "برينس", "مادونا"] },
    { "q": "ملك الروك؟", "a": "إلفيس بريسلي", "o": ["إلفيس بريسلي", "البيتلز", "كوين", "جاكسون"] },
    { "q": "فرقة الخنافس؟", "a": "البيتلز", "o": ["البيتلز", "رولينج ستونز", "كوين", "أبا"] },
    { "q": "أوبرا عايدة؟", "a": "فيردي", "o": ["فيردي", "بوتشيني", "موتزارت", "فاجنر"] },
    { "q": "رقصة الباليه؟", "a": "روسيا (وفرنسا)", "o": ["روسيا", "إسبانيا", "البرازيل", "الهند"] },
    { "q": "فن الخط العربي؟", "a": "الزخرفة", "o": ["الزخرفة", "النحت", "الرسم", "التصوير"] },
    { "q": "أول فيلم ملون؟", "a": "ذهب مع الريح (تقريباً)", "o": ["ذهب مع الريح", "الساحر أوز", "كينغ كونغ", "تيتانيك"] },
    { "q": "سينما الرسوم؟", "a": "الأنيميشن", "o": ["الأنيميشن", "الوثائقي", "الدراما", "الأكشن"] },
    { "q": "أوسكار أفضل فيلم 2020؟", "a": "طفيلي (Parasite)", "o": ["طفيلي", "الجوكر", "1917", "الرجل الأيرلندي"] },
    { "q": "مؤلف دون كيشوت؟", "a": "سرفانتس", "o": ["سرفانتس", "شكسبير", "دانتي", "هوميروس"] },
    { "q": "ملحمة الإلياذة؟", "a": "هوميروس", "o": ["هوميروس", "فرجيل", "سوفوكليس", "أفلاطون"] }
  ]
}