{
  "type": "general",
  "sub": "history_society",
  "easy": [
    { "q": "مؤسس السعودية؟", "a": "الملك عبدالعزيز", "o": ["الملك عبدالعزيز", "الملك سعود", "الملك فيصل", "الإمام محمد"] },
    { "q": "عاصمة الأمويين؟", "a": "دمشق", "o": ["دمشق", "بغداد", "الكوفة", "المدينة"] },
    { "q": "فاتح الأندلس؟", "a": "طارق بن زياد", "o": ["طارق بن زياد", "موسى بن نصير", "عبدالرحمن الداخل", "صلاح الدين"] },
    { "q": "بناة الأهرامات؟", "a": "الفراعنة", "o": ["الفراعنة", "البابليون", "الرومان", "الفرس"] },
    { "q": "أول رائد فضاء؟", "a": "يوري غاغارين", "o": ["يوري غاغارين", "نيل أرمسترونغ", "بز ألدرين", "سلطان بن سلمان"] },
    { "q": "عاصمة مصر؟", "a": "القاهرة", "o": ["القاهرة", "الإسكندرية", "الجيزة", "الأقصر"] },
    { "q": "محرر القدس؟", "a": "صلاح الدين", "o": ["صلاح الدين", "قطز", "بيبرس", "نور الدين"] },
    { "q": "عملة بريطانيا؟", "a": "الجنيه الاسترليني", "o": ["الجنيه الاسترليني", "اليورو", "الدولار", "الفرنك"] },
    { "q": "عاصمة العباسيين؟", "a": "بغداد", "o": ["بغداد", "دمشق", "القاهرة", "البصرة"] },
    { "q": "انطلاق رؤية 2030؟", "a": "2016", "o": ["2016", "2015", "2017", "2018"] },
    { "q": "لقب عمر بن الخطاب؟", "a": "الفاروق", "o": ["الفاروق", "الصديق", "ذو النورين", "سيف الله"] },
    { "q": "بلد المليون شهيد؟", "a": "الجزائر", "o": ["الجزائر", "تونس", "مصر", "فلسطين"] },
    { "q": "أول قبلة للمسلمين؟", "a": "القدس", "o": ["القدس", "مكة", "المدينة", "الطائف"] },
    { "q": "مكتشف أمريكا؟", "a": "كولومبوس", "o": ["كولومبوس", "ماجلان", "فاسكو دا جاما", "كوك"] },
    { "q": "عدد الخلفاء الراشدين؟", "a": "4", "o": ["4", "3", "5", "6"] },
    { "q": "عاصمة تركيا؟", "a": "أنقرة", "o": ["أنقرة", "اسطنبول", "إزمير", "بورصة"] },
    { "q": "عملة أوروبا؟", "a": "اليورو", "o": ["اليورو", "الدولار", "الجنيه", "الفرنك"] },
    { "q": "مقر الأمم المتحدة؟", "a": "نيويورك", "o": ["نيويورك", "جنيف", "باريس", "لندن"] },
    { "q": "أقدم عاصمة؟", "a": "دمشق", "o": ["دمشق", "بغداد", "أثينا", "روما"] },
    { "q": "مخترع المصباح؟", "a": "إديسون", "o": ["إديسون", "تسلا", "بيل", "نيوتن"] },
    { "q": "ثاني الخلفاء الراشدين؟", "a": "عمر بن الخطاب", "o": ["عمر بن الخطاب", "أبو بكر", "عثمان", "علي"] },
    { "q": "عاصمة لبنان؟", "a": "بيروت", "o": ["بيروت", "طرابلس", "صيدا", "صور"] },
    { "q": "عملة اليابان؟", "a": "الين", "o": ["الين", "اليوان", "الوون", "الدولار"] },
    { "q": "باني تاج محل؟", "a": "شاه جهان", "o": ["شاه جهان", "أكبر", "بابر", "هومايون"] },
    { "q": "أطول نهر في العالم؟", "a": "النيل", "o": ["النيل", "الأمازون", "الفرات", "الدانوب"] },
    { "q": "عاصمة إيطاليا؟", "a": "روما", "o": ["روما", "ميلانو", "نابولي", "البندقية"] },
    { "q": "عدد ألوان قوس قزح؟", "a": "7", "o": ["7", "6", "5", "8"] },
    { "q": "أول نبي؟", "a": "آدم", "o": ["آدم", "نوح", "إبراهيم", "إدريس"] },
    { "q": "خاتم الأنبياء؟", "a": "محمد ﷺ", "o": ["محمد ﷺ", "عيسى", "موسى", "إبراهيم"] },
    { "q": "مؤلف المقدمة؟", "a": "ابن خلدون", "o": ["ابن خلدون", "الطبري", "المسعودي", "ابن بطوطة"] }
  ],
  "medium": [
    { "q": "توحيد السعودية؟", "a": "1932", "o": ["1932", "1902", "1924", "1945"] },
    { "q": "نهاية الحرب العالمية 2؟", "a": "1945", "o": ["1945", "1918", "1939", "1950"] },
    { "q": "قاهر المغول؟", "a": "قطز", "o": ["قطز", "بيبرس", "صلاح الدين", "خالد بن الوليد"] },
    { "q": "سقوط القسطنطينية؟", "a": "1453", "o": ["1453", "1492", "1517", "1258"] },
    { "q": "ثورة فرنسا؟", "a": "1789", "o": ["1789", "1800", "1750", "1900"] },
    { "q": "بائع ألاسكا؟", "a": "روسيا", "o": ["روسيا", "كندا", "فرنسا", "إسبانيا"] },
    { "q": "مؤسس علم الاجتماع؟", "a": "ابن خلدون", "o": ["ابن خلدون", "أرسطو", "الفارابي", "كانت"] },
    { "q": "معركة سعد بن أبي وقاص؟", "a": "القادسية", "o": ["القادسية", "اليرموك", "بدر", "أحد"] },
    { "q": "اسم الرياض قديماً؟", "a": "حجر", "o": ["حجر", "الدرعية", "اليمامة", "العارض"] },
    { "q": "سقوط بغداد (المغول)؟", "a": "1258", "o": ["1258", "1453", "1187", "1099"] },
    { "q": "إمبراطور اليابان؟", "a": "الميكادو", "o": ["الميكادو", "القيصر", "الشاه", "السلطان"] },
    { "q": "لقب عثمان بن عفان؟", "a": "ذو النورين", "o": ["ذو النورين", "الصديق", "الفاروق", "أسد الله"] },
    { "q": "استقلال أمريكا؟", "a": "1776", "o": ["1776", "1789", "1800", "1492"] },
    { "q": "حرب 1973 كانت في؟", "a": "رمضان", "o": ["رمضان", "شوال", "رجب", "محرم"] },
    { "q": "مؤسس الدولة العثمانية؟", "a": "عثمان الأول", "o": ["عثمان الأول", "أرطغرل", "أورخان", "سليمان"] },
    { "q": "أول جامعة في العالم؟", "a": "القرويين", "o": ["القرويين", "الأزهر", "الزيتونة", "بولونيا"] },
    { "q": "عاصمة الأندلس؟", "a": "قرطبة", "o": ["قرطبة", "غرناطة", "إشبيلية", "طليطلة"] },
    { "q": "مؤلف كتاب الشفاء؟", "a": "ابن سينا", "o": ["ابن سينا", "الرازي", "الكندي", "الفارابي"] },
    { "q": "عملة الكويت؟", "a": "الدينار", "o": ["الدينار", "الريال", "الدرهم", "الليرة"] },
    { "q": "رئيس أمريكا الأول؟", "a": "واشنطن", "o": ["واشنطن", "لينكون", "جيفرسون", "روزفلت"] },
    { "q": "قائد معركة حطين؟", "a": "صلاح الدين", "o": ["صلاح الدين", "نور الدين", "بيبرس", "قطز"] },
    { "q": "ملكة حكمت مصر 80 يوماً؟", "a": "شجرة الدر", "o": ["شجرة الدر", "كليوباترا", "حتشبسوت", "نفرتيتي"] },
    { "q": "بلد المليون فيل؟", "a": "لاوس", "o": ["لاوس", "تايلاند", "الهند", "كينيا"] },
    { "q": "أول جريدة عربية؟", "a": "الوقائع المصرية", "o": ["الوقائع المصرية", "الأهرام", "القبس", "الرياض"] },
    { "q": "مقر الجامعة العربية؟", "a": "القاهرة", "o": ["القاهرة", "تونس", "الرياض", "بغداد"] },
    { "q": "مكتشف الدورة الدموية؟", "a": "ابن النفيس", "o": ["ابن النفيس", "هارفي", "جالينوس", "الرازي"] },
    { "q": "مدة خلافة أبي بكر؟", "a": "سنتان", "o": ["سنتان", "4 سنوات", "10 سنوات", "سنة واحدة"] },
    { "q": "أين ولد نابليون؟", "a": "كورسيكا", "o": ["كورسيكا", "باريس", "لندن", "روما"] },
    { "q": "عدد دول الخليج؟", "a": "6", "o": ["6", "5", "7", "4"] },
    { "q": "آخر ملوك غرناطة؟", "a": "أبو عبدالله الصغير", "o": ["أبو عبدالله الصغير", "عبدالرحمن الداخل", "المنصور", "المعتمد"] }
  ],
  "hard": [
    { "q": "سقوط الأندلس؟", "a": "1492", "o": ["1492", "1453", "1258", "1099"] },
    { "q": "إلغاء الخلافة العثمانية؟", "a": "1924", "o": ["1924", "1918", "1922", "1909"] },
    { "q": "مؤسس الدولة السعودية الأولى؟", "a": "محمد بن سعود", "o": ["محمد بن سعود", "تركي بن عبدالله", "عبدالعزيز", "سعود الكبير"] },
    { "q": "قائد بلاط الشهداء؟", "a": "عبدالرحمن الغافقي", "o": ["عبدالرحمن الغافقي", "طارق بن زياد", "موسى بن نصير", "السمح الخولاني"] },
    { "q": "معركة الأباطرة الثلاثة؟", "a": "أوسترليتز", "o": ["أوسترليتز", "واترلو", "لايبزيغ", "بورودينو"] },
    { "q": "حرب بريطانيا والصين؟", "a": "حرب الأفيون", "o": ["حرب الأفيون", "حرب الشاي", "حرب المائة عام", "حرب البوير"] },
    { "q": "اتفاقية 1916 (التقسيم)؟", "a": "سايكس بيكو", "o": ["سايكس بيكو", "لوزان", "سيفر", "فرساي"] },
    { "q": "قائد عبر الألب بالأفيال؟", "a": "هانيبال", "o": ["هانيبال", "قيصر", "الإسكندر", "سبارتاكوس"] },
    { "q": "أول من سك الدينار العربي؟", "a": "عبدالملك بن مروان", "o": ["عبدالملك بن مروان", "عمر بن الخطاب", "معاوية", "الرشيد"] },
    { "q": "أطول حرب في التاريخ؟", "a": "335 عاماً", "o": ["335 عاماً", "100 عام", "30 عاماً", "7 سنوات"] },
    { "q": "أقصر حرب في التاريخ؟", "a": "38 دقيقة", "o": ["38 دقيقة", "يوم واحد", "أسبوع", "شهر"] },
    { "q": "مؤسس السلالة الأيوبية؟", "a": "صلاح الدين", "o": ["صلاح الدين", "شيركوه", "نجم الدين أيوب", "نور الدين"] },
    { "q": "معركة 1514 (عثمانيين وصفويين)؟", "a": "جالديران", "o": ["جالديران", "مرج دابق", "الريدانية", "ملاذكرد"] },
    { "q": "سقوط الدولة الأموية؟", "a": "750 م", "o": ["750 م", "661 م", "1258 م", "1492 م"] },
    { "q": "أول رئيس للجزائر؟", "a": "أحمد بن بلة", "o": ["أحمد بن بلة", "بومدين", "بوتفليقة", "بوضياف"] },
    { "q": "مؤلف كتاب الأمير؟", "a": "مكيافيلي", "o": ["مكيافيلي", "أفلاطون", "هوبز", "روسو"] },
    { "q": "آخر قياصرة روسيا؟", "a": "نيقولا الثاني", "o": ["نيقولا الثاني", "بطرس الأكبر", "إيفان الرهيب", "ألكسندر"] },
    { "q": "ثورة 1919 كانت في؟", "a": "مصر", "o": ["مصر", "العراق", "تونس", "سوريا"] },
    { "q": "أول من استخدم الغازات السامة؟", "a": "ألمانيا", "o": ["ألمانيا", "بريطانيا", "فرنسا", "روسيا"] },
    { "q": "من بنى قبة الصخرة؟", "a": "عبدالملك بن مروان", "o": ["عبدالملك بن مروان", "الوليد بن عبدالملك", "عمر بن الخطاب", "سليمان القانوني"] },
    { "q": "مدينة المائة باب؟", "a": "طيبة (الأقصر)", "o": ["طيبة (الأقصر)", "القاهرة", "بغداد", "دمشق"] },
    { "q": "مؤسس الفاشية؟", "a": "موسوليني", "o": ["موسوليني", "هتلر", "فرانكو", "لينين"] },
    { "q": "انفصال باكستان عن الهند؟", "a": "1947", "o": ["1947", "1945", "1950", "1960"] },
    { "q": "مؤلف رأس المال؟", "a": "كارل ماركس", "o": ["كارل ماركس", "آدم سميث", "ريكاردو", "كينز"] },
    { "q": "سقوط جدار برلين؟", "a": "1989", "o": ["1989", "1990", "1991", "1985"] },
    { "q": "الحرب الباردة كانت بين؟", "a": "أمريكا والاتحاد السوفيتي", "o": ["أمريكا والاتحاد السوفيتي", "بريطانيا وألمانيا", "الصين واليابان", "فرنسا وإيطاليا"] },
    { "q": "معركة فتح عمورية؟", "a": "المعتصم", "o": ["المعتصم", "هارون الرشيد", "المأمون", "الواثق"] },
    { "q": "أول دولة اعترفت بأمريكا؟", "a": "المغرب", "o": ["المغرب", "فرنسا", "هولندا", "إسبانيا"] },
    { "q": "مؤسس بغداد؟", "a": "أبو جعفر المنصور", "o": ["أبو جعفر المنصور", "السفاح", "الرشيد", "المهدي"] },
    { "q": "عام الفيل يوافق؟", "a": "570 أو 571 م", "o": ["570 م", "600 م", "550 م", "622 م"] }
  ]
}