{
  "type": "general",
  "sub": "language_lit",
  "easy": [
    { "q": "عدد حروف العربية؟", "a": "28", "o": ["28", "26", "29", "30"] },
    { "q": "صوت الأسد؟", "a": "زئير", "o": ["زئير", "صهيل", "نهيق", "عواء"] },
    { "q": "صوت الحصان؟", "a": "صهيل", "o": ["صهيل", "خوار", "ثغاء", "هديل"] },
    { "q": "ضد (تفاؤل)؟", "a": "تشاؤم", "o": ["تشاؤم", "أمل", "فرح", "نجاح"] },
    { "q": "جمع (كتاب)؟", "a": "كتب", "o": ["كتب", "مكاتب", "كاتبون", "كتيبات"] },
    { "q": "مثنى (قلم)؟", "a": "قلمان", "o": ["قلمان", "أقلام", "قلمون", "قلم"] },
    { "q": "أمير الشعراء؟", "a": "أحمد شوقي", "o": ["أحمد شوقي", "حافظ إبراهيم", "المتنبي", "نزار قباني"] },
    { "q": "لغة الضاد؟", "a": "العربية", "o": ["العربية", "الفارسية", "التركية", "الإنجليزية"] },
    { "q": "الفاعل دائماً؟", "a": "مرفوع", "o": ["مرفوع", "منصوب", "مجرور", "مجزوم"] },
    { "q": "المفعول به دائماً؟", "a": "منصوب", "o": ["منصوب", "مرفوع", "مجرور", "مجزوم"] },
    { "q": "حرف الجر؟", "a": "من", "o": ["من", "هو", "كان", "ليس"] },
    { "q": "ضد (أبيض)؟", "a": "أسود", "o": ["أسود", "أحمر", "أخضر", "أصفر"] },
    { "q": "مؤلف القرآن؟", "a": "الله (منزل)", "o": ["الله", "جبريل", "محمد ﷺ", "الصحابة"] },
    { "q": "بيت النمل؟", "a": "قرية", "o": ["قرية", "جحر", "عش", "وكر"] },
    { "q": "بيت الأسد؟", "a": "عرين", "o": ["عرين", "وجار", "عش", "زريبة"] },
    { "q": "صوت الذئب؟", "a": "عواء", "o": ["عواء", "نباح", "مواء", "زئير"] },
    { "q": "معنى (الثرى)؟", "a": "التراب", "o": ["التراب", "السماء", "الماء", "النار"] },
    { "q": "جمع (عالم)؟", "a": "علماء", "o": ["علماء", "عوالم", "علامات", "عليم"] },
    { "q": "شاعر القطرين؟", "a": "خليل مطران", "o": ["خليل مطران", "جبران", "شوقي", "البارودي"] },
    { "q": "مؤلف البخلاء؟", "a": "الجاحظ", "o": ["الجاحظ", "الأصمعي", "الفرزدق", "جرير"] },
    { "q": "صوت الحمام؟", "a": "هديل", "o": ["هديل", "زقزقة", "نعيق", "صياح"] },
    { "q": "ضد (كريم)؟", "a": "بخيل", "o": ["بخيل", "شجاع", "قوي", "طويل"] },
    { "q": "معنى (اليم)؟", "a": "البحر", "o": ["البحر", "النهر", "البئر", "المطر"] },
    { "q": "حيوان الغدر؟", "a": "الذئب", "o": ["الذئب", "الكلب", "الأسد", "الحمار"] },
    { "q": "حيوان الصبر؟", "a": "الجمل", "o": ["الجمل", "الحصان", "البغل", "الثور"] },
    { "q": "حيوان المكر؟", "a": "الثعلب", "o": ["الثعلب", "الذئب", "الضبع", "القط"] },
    { "q": "أداة النفي؟", "a": "لا", "o": ["لا", "في", "على", "من"] },
    { "q": "أداة الاستفهام؟", "a": "هل", "o": ["هل", "أن", "لن", "كي"] },
    { "q": "جمع (امرأة)؟", "a": "نساء", "o": ["نساء", "أمرات", "إماء", "مروات"] },
    { "q": "ضد (العلم)؟", "a": "الجهل", "o": ["الجهل", "النور", "الظلام", "الفقر"] }
  ],
  "medium": [
    { "q": "عدد المعلقات؟", "a": "7", "o": ["7", "10", "5", "3"] },
    { "q": "شاعر النيل؟", "a": "حافظ إبراهيم", "o": ["حافظ إبراهيم", "أحمد شوقي", "العقاد", "طه حسين"] },
    { "q": "مؤلف كليلة ودمنة؟", "a": "ابن المقفع", "o": ["ابن المقفع", "الجاحظ", "ابن خلدون", "الهمذاني"] },
    { "q": "واضع النحو؟", "a": "أبو الأسود الدؤلي", "o": ["أبو الأسود الدؤلي", "سيبويه", "الخليل", "الكسائي"] },
    { "q": "واضع العروض؟", "a": "الخليل بن أحمد", "o": ["الخليل بن أحمد", "الأصمعي", "الفراهيدي", "سيبويه"] },
    { "q": "لقب المتنبي؟", "a": "مالئ الدنيا", "o": ["مالئ الدنيا", "أمير الشعراء", "صناجة العرب", "الأخطل"] },
    { "q": "معنى (الهيجاء)؟", "a": "الحرب", "o": ["الحرب", "الحب", "الصحراء", "الليل"] },
    { "q": "معنى (الحسام)؟", "a": "السيف", "o": ["السيف", "الرمح", "الدرع", "الخوذة"] },
    { "q": "معنى (المهند)؟", "a": "السيف", "o": ["السيف", "الرمح", "القلم", "الحصان"] },
    { "q": "معنى (الغضنفر)؟", "a": "الأسد", "o": ["الأسد", "الذئب", "النمر", "الفيل"] },
    { "q": "معنى (العسجد)؟", "a": "الذهب", "o": ["الذهب", "الفضة", "الماس", "الحديد"] },
    { "q": "معنى (اللجين)؟", "a": "الفضة", "o": ["الفضة", "الذهب", "النحاس", "الرصاص"] },
    { "q": "صوت القلم؟", "a": "صرير", "o": ["صرير", "حفيف", "أزيز", "طنين"] },
    { "q": "صوت الشجر؟", "a": "حفيف", "o": ["حفيف", "صرير", "خرير", "دوي"] },
    { "q": "صوت الماء؟", "a": "خرير", "o": ["خرير", "هدير", "أزيز", "صفير"] },
    { "q": "صوت الريح؟", "a": "هزيز", "o": ["هزيز", "دوي", "رعد", "برق"] },
    { "q": "شاعر الخمريات؟", "a": "أبو نواس", "o": ["أبو نواس", "أبو العتاهية", "المتنبي", "جرير"] },
    { "q": "عميد الأدب العربي؟", "a": "طه حسين", "o": ["طه حسين", "العقاد", "الرافعي", "المنفلوطي"] },
    { "q": "جائزة الرواية؟", "a": "البوكر", "o": ["البوكر", "الأوسكار", "نوبل", "إيمي"] },
    { "q": "أديب نوبل العربي؟", "a": "نجيب محفوظ", "o": ["نجيب محفوظ", "طه حسين", "محمود درويش", "أدونيس"] },
    { "q": "مجنون ليلى؟", "a": "قيس بن الملوح", "o": ["قيس بن الملوح", "جميل بثينة", "عنترة", "كثير عزة"] },
    { "q": "صاحب البردة؟", "a": "البوصيري", "o": ["البوصيري", "شوقي", "حسان بن ثابت", "كعب بن زهير"] },
    { "q": "شاعر الرسول؟", "a": "حسان بن ثابت", "o": ["حسان بن ثابت", "كعب بن زهير", "عبدالله بن رواحة", "لبيد"] },
    { "q": "النابغة الذبياني من؟", "a": "الشعراء الجاهليين", "o": ["الشعراء الجاهليين", "المخضرمين", "الإسلاميين", "المولدين"] },
    { "q": "خطبة بلا نقاط؟", "a": "علي بن أبي طالب", "o": ["علي بن أبي طالب", "عمر بن الخطاب", "عثمان", "الحجاج"] },
    { "q": "مؤلف لسان العرب؟", "a": "ابن منظور", "o": ["ابن منظور", "الفيروزآبادي", "الجوهري", "الزبيدي"] },
    { "q": "مؤلف القاموس المحيط؟", "a": "الفيروزآبادي", "o": ["الفيروزآبادي", "ابن منظور", "الزمخشري", "ابن جني"] },
    { "q": "جمع (عندليب)؟", "a": "عنادل", "o": ["عنادل", "عناديب", "عندليبات", "أعاند"] },
    { "q": "جمع (إمبراطور)؟", "a": "أباطرة", "o": ["أباطرة", "إمبراطورون", "أمبير", "إمارة"] },
    { "q": "مثنى (عصا)؟", "a": "عصوان", "o": ["عصوان", "عصاتان", "عصيان", "عصاين"] }
  ],
  "hard": [
    { "q": "صناجة العرب؟", "a": "الأعشى", "o": ["الأعشى", "الحطيئة", "النابغة", "الأخطل"] },
    { "q": "الملك الضليل؟", "a": "امرؤ القيس", "o": ["امرؤ القيس", "طرفة", "زهير", "عنترة"] },
    { "q": "شاعر الحوليات؟", "a": "زهير بن أبي سلمى", "o": ["زهير بن أبي سلمى", "النابغة", "الأعشى", "لبيد"] },
    { "q": "قتيل الهوى؟", "a": "جميل بثينة", "o": ["جميل بثينة", "قيس", "كثير", "عمر بن أبي ربيعة"] },
    { "q": "الشاعر القتيل؟", "a": "طرفة بن العبد", "o": ["طرفة بن العبد", "المتنبي", "بشار", "أبو فراس"] },
    { "q": "الشاعر الأعمى؟", "a": "بشار بن برد", "o": ["بشار بن برد", "أبو العلاء المعري", "الأعشى", "الكل"] },
    { "q": "رهين المحبسين؟", "a": "أبو العلاء المعري", "o": ["أبو العلاء المعري", "المتنبي", "البحتري", "أبو تمام"] },
    { "q": "أهجى الشعراء؟", "a": "جرير", "o": ["جرير", "الفرزدق", "الأخطل", "الحطيئة"] },
    { "q": "جمع (أخطبوط)؟", "a": "أخاطب", "o": ["أخاطب", "أخطبوطات", "خطب", "أخاطيب"] },
    { "q": "جمع (حليب)؟", "a": "أحلبة", "o": ["أحلبة", "حلائب", "حليبات", "لا يجمع"] },
    { "q": "جمع (وحيد القرن)؟", "a": "وحدان القرن", "o": ["وحدان القرن", "وحيدو القرن", "قرون", "أوحاد"] },
    { "q": "مؤلف الأغاني؟", "a": "الأصفهاني", "o": ["الأصفهاني", "الموصلي", "زرياب", "الجاحظ"] },
    { "q": "مؤلف العقد الفريد؟", "a": "ابن عبد ربه", "o": ["ابن عبد ربه", "المبرد", "القالي", "ابن قتيبة"] },
    { "q": "مؤلف يتيمة الدهر؟", "a": "الثعالبي", "o": ["الثعالبي", "الباخرزي", "العماد", "ياقوت"] },
    { "q": "مؤلف وفيات الأعيان؟", "a": "ابن خلكان", "o": ["ابن خلكان", "الذهبي", "الصفدي", "الكتبي"] },
    { "q": "مؤلف مقدمة ابن خلدون؟", "a": "ابن خلدون", "o": ["ابن خلدون", "المقريزي", "الطبري", "المسعودي"] },
    { "q": "أطول كلمة قرآنية؟", "a": "فأسقيناكموه", "o": ["فأسقيناكموه", "فسيكفيكهم", "أنلزمكموها", "ليستخلفنهم"] },
    { "q": "عدد بحور الشعر؟", "a": "16", "o": ["16", "15", "14", "10"] },
    { "q": "مكتشف البحر المتدارك؟", "a": "الأخفش", "o": ["الأخفش", "الخليل", "سيبويه", "المبرد"] },
    { "q": "علم المعاني والبيان؟", "a": "البلاغة", "o": ["البلاغة", "النحو", "الصرف", "العروض"] },
    { "q": "اسم الفاعل من (قال)؟", "a": "قائل", "o": ["قائل", "مقاول", "قول", "قوال"] },
    { "q": "اسم المفعول من (باع)؟", "a": "مبيع", "o": ["مبيع", "مباع", "بائع", "بيوع"] },
    { "q": "الممنوع من الصرف؟", "a": "لا ينون", "o": ["لا ينون", "لا يجر", "لا يرفع", "لا ينصب"] },
    { "q": "علامة جزم الأفعال الخمسة؟", "a": "حذف النون", "o": ["حذف النون", "السكون", "حذف العلة", "الضمة"] },
    { "q": "الأفعال الخمسة ترفع بـ؟", "a": "ثبوت النون", "o": ["ثبوت النون", "الضمة", "الواو", "الألف"] },
    { "q": "الأسماء الخمسة ترفع بـ؟", "a": "الواو", "o": ["الواو", "الألف", "الضمة", "الياء"] },
    { "q": "كان وأخواتها؟", "a": "ترفع المبتدأ", "o": ["ترفع المبتدأ", "تنصب المبتدأ", "تجر المبتدأ", "تجزم"] },
    { "q": "إن وأخواتها؟", "a": "تنصب المبتدأ", "o": ["تنصب المبتدأ", "ترفع المبتدأ", "تجر الخبر", "تجزم"] },
    { "q": "ظن وأخواتها؟", "a": "تنصب مفعولين", "o": ["تنصب مفعولين", "ترفع فاعلين", "تنسخ", "تجزم"] },
    { "q": "أخف الحركات؟", "a": "الفتحة", "o": ["الفتحة", "الضمة", "الكسرة", "السكون"] }
  ]
}