{
  "type": "general",
  "sub": "science_health",
  "easy": [
    { "q": "عدد كواكب الشمس؟", "a": "8", "o": ["8", "9", "7", "10"] },
    { "q": "غاز التنفس؟", "a": "أكسجين", "o": ["أكسجين", "نيتروجين", "هيليوم", "كربون"] },
    { "q": "مضخة الدم؟", "a": "القلب", "o": ["القلب", "الرئة", "الكبد", "المخ"] },
    { "q": "غليان الماء؟", "a": "100 مئوية", "o": ["100 مئوية", "90 مئوية", "50 مئوية", "0 مئوية"] },
    { "q": "أكبر عضو؟", "a": "الجلد", "o": ["الجلد", "الكبد", "القلب", "المعدة"] },
    { "q": "الكوكب الأحمر؟", "a": "المريخ", "o": ["المريخ", "المشتري", "زحل", "الزهرة"] },
    { "q": "حيوان منقرض؟", "a": "ديناصور", "o": ["ديناصور", "فيل", "تمساح", "حوت"] },
    { "q": "فيتامين الشمس؟", "a": "D", "o": ["D", "C", "A", "B"] },
    { "q": "عدد الأسنان؟", "a": "32", "o": ["32", "20", "28", "30"] },
    { "q": "تحول الماء لثلج؟", "a": "تجمد", "o": ["تجمد", "تبخر", "انصهار", "تسامي"] },
    { "q": "أسرع شيء؟", "a": "الضوء", "o": ["الضوء", "الصوت", "الصاروخ", "الريح"] },
    { "q": "عضو التنفس؟", "a": "الرئة", "o": ["الرئة", "القلب", "الكلى", "المعدة"] },
    { "q": "معدن سائل؟", "a": "الزئبق", "o": ["الزئبق", "الحديد", "الذهب", "النحاس"] },
    { "q": "رمز الماء؟", "a": "H2O", "o": ["H2O", "CO2", "O2", "N2"] },
    { "q": "عدد العيون؟", "a": "2", "o": ["2", "1", "3", "4"] },
    { "q": "رمز الأكسجين؟", "a": "O", "o": ["O", "H", "N", "C"] },
    { "q": "أقرب نجم؟", "a": "الشمس", "o": ["الشمس", "الشعرى", "القطب", "سهيل"] },
    { "q": "لون الدم؟", "a": "أحمر", "o": ["أحمر", "أزرق", "أخضر", "أصفر"] },
    { "q": "قياس الحرارة؟", "a": "ترمومتر", "o": ["ترمومتر", "بارومتر", "متر", "كيلو"] },
    { "q": "أكبر كوكب؟", "a": "المشتري", "o": ["المشتري", "الأرض", "المريخ", "عطارد"] },
    { "q": "نظامنا الكوني؟", "a": "الشمسي", "o": ["الشمسي", "القمري", "النجحي", "الأرضي"] },
    { "q": "عظام القفص؟", "a": "الأضلاع", "o": ["الأضلاع", "الجمجمة", "الحوض", "الساق"] },
    { "q": "وحدة الطول؟", "a": "المتر", "o": ["المتر", "الكيلو", "اللتر", "الثانية"] },
    { "q": "وحدة الزمن؟", "a": "الثانية", "o": ["الثانية", "المتر", "الجول", "الجرام"] },
    { "q": "وحدة الوزن؟", "a": "الكيلوجرام", "o": ["الكيلوجرام", "المتر", "اللتر", "الواط"] },
    { "q": "جهاز التفكير؟", "a": "المخ", "o": ["المخ", "القلب", "المعدة", "الرئة"] },
    { "q": "سائل الحياة؟", "a": "الماء", "o": ["الماء", "الزيت", "البنزين", "العصير"] },
    { "q": "مكتشف الجاذبية؟", "a": "نيوتن", "o": ["نيوتن", "أينشتاين", "أديسون", "تسلا"] },
    { "q": "فيتامين البرتقال؟", "a": "C", "o": ["C", "A", "D", "B"] },
    { "q": "طعم الليمون؟", "a": "حامض", "o": ["حامض", "حلو", "مر", "مالح"] }
  ],
  "medium": [
    { "q": "أقرب كوكب للشمس؟", "a": "عطارد", "o": ["عطارد", "الزهرة", "الأرض", "المريخ"] },
    { "q": "أكثر غاز جوي؟", "a": "نيتروجين", "o": ["نيتروجين", "أكسجين", "كربون", "هيدروجين"] },
    { "q": "منقي الدم؟", "a": "الكبد", "o": ["الكبد", "القلب", "المعدة", "البنكرياس"] },
    { "q": "مجرتنا؟", "a": "درب التبانة", "o": ["درب التبانة", "أندروميدا", "الصياد", "المرأة المسلسلة"] },
    { "q": "عدد العظام؟", "a": "206", "o": ["206", "250", "180", "300"] },
    { "q": "رمز الذهب؟", "a": "Au", "o": ["Au", "Ag", "Fe", "Cu"] },
    { "q": "المعطي العام؟", "a": "O-", "o": ["O-", "AB+", "A+", "B-"] },
    { "q": "مقياس الزلازل؟", "a": "ريختر", "o": ["ريختر", "كلفن", "بار", "أوم"] },
    { "q": "مخترع المصباح؟", "a": "إديسون", "o": ["إديسون", "تسلا", "بيل", "نيوتن"] },
    { "q": "وحدة القوة؟", "a": "نيوتن", "o": ["نيوتن", "جول", "وات", "باسكال"] },
    { "q": "كوكب الحلقات؟", "a": "زحل", "o": ["زحل", "المشتري", "نبتون", "أورانوس"] },
    { "q": "نقص الأنسولين؟", "a": "سكري", "o": ["سكري", "ضغط", "ربو", "أنيميا"] },
    { "q": "وحدة البناء؟", "a": "الخلية", "o": ["الخلية", "الذرة", "النسيج", "العضو"] },
    { "q": "سرعة الضوء؟", "a": "300 ألف كم/ث", "o": ["300 ألف كم/ث", "1000 كم/ث", "سرعة الصوت", "غير محدودة"] },
    { "q": "رمز الحديد؟", "a": "Fe", "o": ["Fe", "Ir", "Id", "In"] },
    { "q": "أبعد كوكب؟", "a": "نبتون", "o": ["نبتون", "أورانوس", "زحل", "بلوتو"] },
    { "q": "ألمع كوكب؟", "a": "الزهرة", "o": ["الزهرة", "المريخ", "المشتري", "عطارد"] },
    { "q": "مخترع الهاتف؟", "a": "بيل", "o": ["بيل", "إديسون", "ماركوني", "مورس"] },
    { "q": "رمز الملح؟", "a": "NaCl", "o": ["NaCl", "KCl", "HCl", "NaOH"] },
    { "q": "فيتامين النظر؟", "a": "A", "o": ["A", "C", "D", "K"] },
    { "q": "عدد حجرات القلب؟", "a": "4", "o": ["4", "2", "3", "5"] },
    { "q": "عظام الأذن؟", "a": "3", "o": ["3", "2", "4", "5"] },
    { "q": "عضو التوازن؟", "a": "المخيخ", "o": ["المخيخ", "المخ", "الأذن الخارجية", "الأنف"] },
    { "q": "أطول عظمة؟", "a": "الفخذ", "o": ["الفخذ", "الساق", "العضد", "العمود الفقري"] },
    { "q": "غاز الضحك؟", "a": "أكسيد النيتروز", "o": ["أكسيد النيتروز", "هيليوم", "أكسجين", "ميثان"] },
    { "q": "مكتشف الأشعة؟", "a": "رونتجن", "o": ["رونتجن", "كوري", "بيكريل", "أينشتاين"] },
    { "q": "وحدة الحرارة؟", "a": "كلفن", "o": ["كلفن", "نيوتن", "جول", "أمبير"] },
    { "q": "أثقل غاز؟", "a": "الرادون", "o": ["الرادون", "الهيدروجين", "الهيليوم", "الأكسجين"] },
    { "q": "أخف غاز؟", "a": "الهيدروجين", "o": ["الهيدروجين", "الهيليوم", "الأكسجين", "النيتروجين"] },
    { "q": "الذهب الأسود؟", "a": "البترول", "o": ["البترول", "الفحم", "الحديد", "القهوة"] }
  ],
  "hard": [
    { "q": "غاز الاحتباس؟", "a": "CO2", "o": ["CO2", "O2", "N2", "CH4"] },
    { "q": "مكتشف البنسلين؟", "a": "فلمنج", "o": ["فلمنج", "باستير", "كوخ", "جينر"] },
    { "q": "أكثر عنصر كوني؟", "a": "هيدروجين", "o": ["هيدروجين", "هيليوم", "كربون", "أكسجين"] },
    { "q": "مصنع الطاقة؟", "a": "ميتوكوندريا", "o": ["ميتوكوندريا", "نواة", "ريبوسوم", "غشاء"] },
    { "q": "نظرية الكون؟", "a": "Big Bang", "o": ["Big Bang", "التطور", "النسبية", "الجاذبية"] },
    { "q": "صاحب النسبية؟", "a": "أينشتاين", "o": ["أينشتاين", "نيوتن", "بور", "ماكسويل"] },
    { "q": "فيتامين التخثر؟", "a": "K", "o": ["K", "E", "A", "C"] },
    { "q": "أثقل عضو داخلي؟", "a": "الكبد", "o": ["الكبد", "القلب", "الرئة", "الدماغ"] },
    { "q": "معدن لا يصدأ؟", "a": "الذهب", "o": ["الذهب", "الحديد", "النحاس", "الألمنيوم"] },
    { "q": "هرمون الخوف؟", "a": "أدرينالين", "o": ["أدرينالين", "إنسولين", "تيروكسين", "كورتيزول"] },
    { "q": "إطفاء الحريق؟", "a": "CO2", "o": ["CO2", "O2", "H2", "N2"] },
    { "q": "هضم البروتين؟", "a": "المعدة", "o": ["المعدة", "الفم", "الأمعاء", "الكبد"] },
    { "q": "علم الصخور؟", "a": "جيولوجيا", "o": ["جيولوجيا", "بيولوجيا", "فلك", "فيزياء"] },
    { "q": "وحدة التيار؟", "a": "أمبير", "o": ["أمبير", "فولت", "أوم", "وات"] },
    { "q": "وحدة الجهد؟", "a": "فولت", "o": ["فولت", "أمبير", "أوم", "جول"] },
    { "q": "وحدة المقاومة؟", "a": "أوم", "o": ["أوم", "فولت", "أمبير", "وات"] },
    { "q": "مكتشف الدورة الدموية؟", "a": "ابن النفيس", "o": ["ابن النفيس", "هارفي", "جالينوس", "الرازي"] },
    { "q": "أقوى عظمة؟", "a": "الفك", "o": ["الفك", "الفخذ", "الجمجمة", "الساعد"] },
    { "q": "صبغة الدم؟", "a": "هيموجلوبين", "o": ["هيموجلوبين", "ميلانين", "كلوروفيل", "كاروتين"] },
    { "q": "صبغة الجلد؟", "a": "ميلانين", "o": ["ميلانين", "هيموجلوبين", "كيراتين", "كولاجين"] },
    { "q": "بروتين الشعر؟", "a": "كيراتين", "o": ["كيراتين", "كولاجين", "إيلاستين", "ميوسين"] },
    { "q": "عدد الكروموسومات؟", "a": "46", "o": ["46", "23", "48", "44"] },
    { "q": "أسرع كوكب؟", "a": "عطارد", "o": ["عطارد", "الأرض", "المشتري", "نبتون"] },
    { "q": "أبطأ كوكب؟", "a": "الزهرة", "o": ["الزهرة", "عطارد", "المريخ", "زحل"] },
    { "q": "كوكب مقلوب؟", "a": "أورانوس", "o": ["أورانوس", "نبتون", "زحل", "بلوتو"] },
    { "q": "مكتشف الإكس راي؟", "a": "رونتجن", "o": ["رونتجن", "كوري", "بيكريل", "فاراداي"] },
    { "q": "جائزة نوبل؟", "a": "ألفرد نوبل", "o": ["ألفرد نوبل", "أينشتاين", "أديسون", "نيوتن"] },
    { "q": "مخترع الديناميت؟", "a": "ألفرد نوبل", "o": ["ألفرد نوبل", "نوبل", "تسلا", "دافنشي"] },
    { "q": "أب الطب؟", "a": "أبقراط", "o": ["أبقراط", "ابن سينا", "جالينوس", "الرازي"] },
    { "q": "شيخ الأطباء؟", "a": "ابن سينا", "o": ["ابن سينا", "الرازي", "الزهراوي", "ابن النفيس"] }
  ]
}