{
  "type": "general",
  "sub": "tech_digital",
  "easy": [
    { "q": "جهاز تحريك المؤشر؟", "a": "الفأرة", "o": ["الفأرة", "لوحة المفاتيح", "الشاشة", "السماعة"] },
    { "q": "جهاز الكتابة؟", "a": "لوحة المفاتيح", "o": ["لوحة المفاتيح", "الطابعة", "الماوس", "الماسح"] },
    { "q": "جهاز العرض؟", "a": "الشاشة", "o": ["الشاشة", "المعالج", "القرص", "الميكروفون"] },
    { "q": "جهاز الطباعة؟", "a": "الطابعة", "o": ["الطابعة", "الشاشة", "الماسح", "الفأرة"] },
    { "q": "عقل الحاسب؟", "a": "المعالج", "o": ["المعالج", "الرام", "القرص", "المروحة"] },
    { "q": "شركة ويندوز؟", "a": "مايكروسوفت", "o": ["مايكروسوفت", "أبل", "جوجل", "سامسونج"] },
    { "q": "شركة آيفون؟", "a": "أبل", "o": ["أبل", "نوكيا", "هواوي", "سوني"] },
    { "q": "نظام أندرويد لـ؟", "a": "جوجل", "o": ["جوجل", "أبل", "مايكروسوفت", "أمازون"] },
    { "q": "موقع فيديو؟", "a": "يوتيوب", "o": ["يوتيوب", "تويتر", "واتساب", "إكسل"] },
    { "q": "تطبيق تغريد؟", "a": "تويتر (X)", "o": ["تويتر (X)", "فيسبوك", "يوتيوب", "زوم"] },
    { "q": "رمز البريد؟", "a": "@", "o": ["@", "#", "$", "&"] },
    { "q": "الشبكة العالمية؟", "a": "الإنترنت", "o": ["الإنترنت", "البلوتوث", "الإنترانت", "الإيثرنت"] },
    { "q": "متصفح إنترنت؟", "a": "كروم", "o": ["كروم", "وورد", "باوربوينت", "فوتوشوب"] },
    { "q": "برنامج نصوص؟", "a": "وورد", "o": ["وورد", "إكسل", "أكسس", "كروم"] },
    { "q": "برنامج جداول؟", "a": "إكسل", "o": ["إكسل", "وورد", "باوربوينت", "رسام"] },
    { "q": "زر الحذف؟", "a": "Delete", "o": ["Delete", "Enter", "Shift", "Alt"] },
    { "q": "زر التنفيذ؟", "a": "Enter", "o": ["Enter", "Esc", "Tab", "Ctrl"] },
    { "q": "زر الهروب؟", "a": "Esc", "o": ["Esc", "Enter", "Del", "Ins"] },
    { "q": "اختصار النسخ؟", "a": "Ctrl+C", "o": ["Ctrl+C", "Ctrl+V", "Ctrl+X", "Ctrl+Z"] },
    { "q": "اختصار اللصق؟", "a": "Ctrl+V", "o": ["Ctrl+V", "Ctrl+C", "Ctrl+P", "Ctrl+S"] },
    { "q": "اختصار القص؟", "a": "Ctrl+X", "o": ["Ctrl+X", "Ctrl+C", "Ctrl+V", "Ctrl+A"] },
    { "q": "تخزين خارجي؟", "a": "فلاش", "o": ["فلاش", "رام", "معالج", "شاشة"] },
    { "q": "صوت الحاسب؟", "a": "سماعات", "o": ["سماعات", "ماوس", "كيبورد", "طابعة"] },
    { "q": "التقاط صورة؟", "a": "كاميرا", "o": ["كاميرا", "ميكروفون", "سماعة", "شاحن"] },
    { "q": "شحن الجهاز؟", "a": "شاحن", "o": ["شاحن", "سماعة", "ماوس", "فلاش"] },
    { "q": "اتصال لاسلكي؟", "a": "Wi-Fi", "o": ["Wi-Fi", "LAN", "USB", "VGA"] },
    { "q": "ملف صوتي؟", "a": "MP3", "o": ["MP3", "JPG", "TXT", "EXE"] },
    { "q": "ملف صورة؟", "a": "JPG", "o": ["JPG", "MP3", "DOC", "XLS"] },
    { "q": "ملف فيديو؟", "a": "MP4", "o": ["MP4", "MP3", "JPG", "ZIP"] },
    { "q": "ملف مضغوط؟", "a": "ZIP", "o": ["ZIP", "TXT", "PNG", "WAV"] }
  ],
  "medium": [
    { "q": "لغة الويب؟", "a": "HTML", "o": ["HTML", "HTTP", "URL", "USB"] },
    { "q": "بروتوكول آمن؟", "a": "HTTPS", "o": ["HTTPS", "HTTP", "FTP", "DNS"] },
    { "q": "عنوان الموقع؟", "a": "URL", "o": ["URL", "USB", "CPU", "RAM"] },
    { "q": "ذاكرة مؤقتة؟", "a": "RAM", "o": ["RAM", "ROM", "HDD", "SSD"] },
    { "q": "ذاكرة دائمة؟", "a": "ROM", "o": ["ROM", "RAM", "Cache", "Register"] },
    { "q": "قرص سريع؟", "a": "SSD", "o": ["SSD", "HDD", "DVD", "CD"] },
    { "q": "وحدة المعالجة؟", "a": "CPU", "o": ["CPU", "GPU", "PSU", "ALU"] },
    { "q": "معالج رسوميات؟", "a": "GPU", "o": ["GPU", "CPU", "RAM", "BIOS"] },
    { "q": "نظام العد؟", "a": "الثنائي", "o": ["الثنائي", "العشري", "السداسي", "الخماسي"] },
    { "q": "البت يساوي؟", "a": "0 أو 1", "o": ["0 أو 1", "8 بايت", "1024", "10"] },
    { "q": "البايت يساوي؟", "a": "8 بت", "o": ["8 بت", "4 بت", "16 بت", "32 بت"] },
    { "q": "الكيلوبايت يساوي؟", "a": "1024 بايت", "o": ["1024 بايت", "1000 بايت", "512 بايت", "8 بايت"] },
    { "q": "شبكة محلية؟", "a": "LAN", "o": ["LAN", "WAN", "MAN", "PAN"] },
    { "q": "شبكة واسعة؟", "a": "WAN", "o": ["WAN", "LAN", "WLAN", "SAN"] },
    { "q": "مؤسس فيسبوك؟", "a": "زوكربيرغ", "o": ["زوكربيرغ", "غيتس", "جوبز", "ماسك"] },
    { "q": "مؤسس مايكروسوفت؟", "a": "بيل غيتس", "o": ["بيل غيتس", "بيزوس", "إليسون", "بيج"] },
    { "q": "مؤسس أمازون؟", "a": "جيف بيزوس", "o": ["جيف بيزوس", "ماسك", "بافيت", "كوك"] },
    { "q": "نظام مفتوح؟", "a": "لينكس", "o": ["لينكس", "ويندوز", "ماك", "iOS"] },
    { "q": "اتصال قريب؟", "a": "بلوتوث", "o": ["بلوتوث", "واي فاي", "جيل رابع", "ستالايت"] },
    { "q": "منفذ شاشة؟", "a": "HDMI", "o": ["HDMI", "USB", "AUX", "RJ45"] },
    { "q": "منفذ شبكة؟", "a": "Ethernet", "o": ["Ethernet", "HDMI", "VGA", "DVI"] },
    { "q": "برنامج خبيث؟", "a": "فيروس", "o": ["فيروس", "جدار حماية", "أنتي فايروس", "كوكي"] },
    { "q": "حماية الشبكة؟", "a": "جدار ناري", "o": ["جدار ناري", "بوابة", "جسر", "مودم"] },
    { "q": "مزود خدمة؟", "a": "ISP", "o": ["ISP", "URL", "DNS", "VPN"] },
    { "q": "شبكة خاصة؟", "a": "VPN", "o": ["VPN", "VPS", "VLAN", "VoIP"] },
    { "q": "محرك بحث؟", "a": "جوجل", "o": ["جوجل", "فيسبوك", "أمازون", "نتفليكس"] },
    { "q": "تخزين سحابي؟", "a": "كلاود", "o": ["كلاود", "فلاش", "قرص", "شريط"] },
    { "q": "امتداد مستند؟", "a": "PDF", "o": ["PDF", "EXE", "DLL", "SYS"] },
    { "q": "امتداد تنفيذي؟", "a": "EXE", "o": ["EXE", "TXT", "JPG", "PNG"] },
    { "q": "لغة تصميم؟", "a": "CSS", "o": ["CSS", "SQL", "C++", "PHP"] }
  ],
  "hard": [
    { "q": "أول حاسوب؟", "a": "إينياك", "o": ["إينياك", "أبل 1", "آي بي إم", "ألتير"] },
    { "q": "أول مبرمجة؟", "a": "أدا لوفليس", "o": ["أدا لوفليس", "غريس هوبر", "ماري كوري", "ليزا"] },
    { "q": "مخترع الويب؟", "a": "تيم بيرنرز لي", "o": ["تيم بيرنرز لي", "فينت سيرف", "بيل غيتس", "ستيف جوبز"] },
    { "q": "أبو الحاسوب؟", "a": "آلان تورينج", "o": ["آلان تورينج", "فون نيومان", "بابيج", "باسكال"] },
    { "q": "قانون التطور؟", "a": "قانون مور", "o": ["قانون مور", "قانون أوم", "قانون نيوتن", "قانون ميرفي"] },
    { "q": "لغة قواعد بيانات؟", "a": "SQL", "o": ["SQL", "NoSQL", "HTML", "Java"] },
    { "q": "لغة الذكاء الاصطناعي؟", "a": "بايثون", "o": ["بايثون", "سي", "باسكال", "بيسك"] },
    { "q": "شعار لينكس؟", "a": "البطريق", "o": ["البطريق", "التفاحة", "النافذة", "الروبوت"] },
    { "q": "شعار أندرويد؟", "a": "الروبوت", "o": ["الروبوت", "البطريق", "التفاحة", "الطائر"] },
    { "q": "شعار جافا؟", "a": "القهوة", "o": ["القهوة", "الثعبان", "الفيل", "الجوهرة"] },
    { "q": "نظام العناوين؟", "a": "DNS", "o": ["DNS", "DHCP", "ARP", "ICMP"] },
    { "q": "عنوان الجهاز؟", "a": "IP", "o": ["IP", "MAC", "Port", "Socket"] },
    { "q": "العنوان الفيزيائي؟", "a": "MAC", "o": ["MAC", "IP", "DNS", "URL"] },
    { "q": "هجوم الحجب؟", "a": "DDoS", "o": ["DDoS", "Phishing", "Spam", "Trojan"] },
    { "q": "تقنية العملات؟", "a": "بلوك تشين", "o": ["بلوك تشين", "كلاود", "بيغ داتا", "IOT"] },
    { "q": "انترنت الأشياء؟", "a": "IoT", "o": ["IoT", "IoE", "AI", "VR"] },
    { "q": "واقع افتراضي؟", "a": "VR", "o": ["VR", "AR", "MR", "XR"] },
    { "q": "واقع معزز؟", "a": "AR", "o": ["AR", "VR", "AI", "ML"] },
    { "q": "تعلم الآلة؟", "a": "ML", "o": ["ML", "DL", "NN", "CV"] },
    { "q": "أصغر وحدة صورة؟", "a": "بكسل", "o": ["بكسل", "فيكتور", "بوصة", "نقطة"] },
    { "q": "نظام الألوان؟", "a": "RGB", "o": ["RGB", "CMYK", "HSV", "HSL"] },
    { "q": "ألوان الطباعة؟", "a": "CMYK", "o": ["CMYK", "RGB", "HEX", "Pantone"] },
    { "q": "منفذ قديم؟", "a": "VGA", "o": ["VGA", "HDMI", "DP", "Type-C"] },
    { "q": "ناقل تسلسلي؟", "a": "USB", "o": ["USB", "PCI", "IDE", "SATA"] },
    { "q": "قرص ليزري؟", "a": "CD", "o": ["CD", "FDD", "HDD", "SSD"] },
    { "q": "لغة الآلة؟", "a": "Machine Code", "o": ["Machine Code", "Assembly", "High Level", "Script"] },
    { "q": "مترجم كود؟", "a": "Compiler", "o": ["Compiler", "Interpreter", "Editor", "Debugger"] },
    { "q": "خطأ برمجي؟", "a": "Bug", "o": ["Bug", "Feature", "Patch", "Update"] },
    { "q": "أول لغة عالية؟", "a": "فورتران", "o": ["فورتران", "كوبول", "سي", "بيسك"] },
    { "q": "مخترع الماوس؟", "a": "إنجلبارت", "o": ["إنجلبارت", "جوبز", "غيتس", "تورفالدس"] }
  ]
}